c,p,Clinton,O'Malley,Sanders,Uncommitted,w
Adair,1NW,44.444,0.0,55.556,0.0,Sanders
Adair,2NE,54.545,0.0,45.455,0.0,Clinton
Adair,3SW,55.556,0.0,44.444,0.0,Clinton
Adair,4SE,70.0,0.0,30.0,0.0,Clinton
Adair,5GF,54.545,0.0,45.455,0.0,Clinton
Adams,Adams 1,50.0,0.0,50.0,0.0,Sanders
Adams,Adams 2,66.667,0.0,33.333,0.0,Clinton
Adams,Adams 3,57.143,0.0,42.857,0.0,Clinton
Adams,Adams 4,50.0,0.0,50.0,0.0,Sanders
Adams,Adams 5,60.0,0.0,40.0,0.0,Clinton
Allamakee,Pct 1 - WL/HV,33.333,0.0,66.667,0.0,Sanders
Allamakee,Pct 10 - Waukon 2,44.444,0.0,55.556,0.0,Sanders
Allamakee,Pct 11 - Waukon 3,71.429,0.0,28.571,0.0,Clinton
Allamakee,Pct 2 - FC/JF/LL/MK/UP,41.667,0.0,58.333,0.0,Sanders
Allamakee,Pct 3 - PO/FK,0.0,0.0,100.0,0.0,Sanders
Allamakee,Pct 4 - PV City,60.0,0.0,40.0,0.0,Clinton
Allamakee,Pct 5 - LT/PC/WV City,50.0,0.0,50.0,0.0,Sanders
Allamakee,Pct 6 - FV/TL/HF City,66.667,0.0,33.333,0.0,Clinton
Allamakee,Pct 7 - CN/LF/LS/LS City,50.0,0.0,50.0,0.0,Sanders
Allamakee,Pct 8 - IA/UC/NA City,25.0,0.0,75.0,0.0,Sanders
Allamakee,Pct 9 - Waukon 1,75.0,0.0,25.0,0.0,Clinton
Appanoose,Bellair/Lincoln,75.0,0.0,25.0,0.0,Clinton
Appanoose,Centerville Ward 1,63.636,0.0,36.364,0.0,Clinton
Appanoose,Johns/Independence,66.667,0.0,33.333,0.0,Clinton
Appanoose,Pleasant/Franklin,60.0,0.0,40.0,0.0,Clinton
Appanoose,Taylor/Chariton,71.429,0.0,28.571,0.0,Clinton
Appanoose,Vermillion/Douglas/Sharon,50.0,0.0,50.0,0.0,Sanders
Appanoose,Walnut Township,50.0,0.0,50.0,0.0,Sanders
Appanoose,Washington/Wells,60.0,0.0,40.0,0.0,Clinton
Appanoose,Centerville Ward 2,33.333,0.0,66.667,0.0,Sanders
Appanoose,Centerville Ward 3,50.0,0.0,50.0,0.0,Sanders
Appanoose,Caldwell Township,33.333,0.0,66.667,0.0,Sanders
Appanoose,Union / Udell,66.667,0.0,33.333,0.0,Clinton
Audubon,Precinct Two,63.158,0.0,36.842,0.0,Clinton
Audubon,Precinct One,61.905,0.0,38.095,0.0,Clinton
Benton,Vinton 2,66.667,0.0,33.333,0.0,Clinton
Benton,Florence-St Clair-Norway,60.0,0.0,40.0,0.0,Clinton
Benton,Fremont-Atkins,57.143,0.0,42.857,0.0,Clinton
Benton,Homer-Monroe-Jackson-Garrison,66.667,0.0,33.333,0.0,Clinton
Benton,Iowa-Leroy-Luzerne-Blairstown,50.0,0.0,50.0,0.0,Sanders
Benton,Kane-Keystone,50.0,0.0,50.0,0.0,Sanders
Benton,Polk-Urbana,62.5,0.0,37.5,0.0,Clinton
Benton,Vinton 1,50.0,0.0,50.0,0.0,Sanders
Benton,Eldorado-Newhall,50.0,0.0,50.0,0.0,Sanders
Benton,Vinton 3,50.0,0.0,50.0,0.0,Sanders
Benton,Vinton 4,50.0,0.0,50.0,0.0,Sanders
Benton,Walford,66.667,0.0,33.333,0.0,Clinton
Benton,Belle Plaine 3,50.0,0.0,50.0,0.0,Sanders
Benton,Belle Plaine 2,50.0,0.0,50.0,0.0,Sanders
Benton,Belle Plaine 1,33.333,0.0,66.667,0.0,Sanders
Benton,Big Grove-Union-Van Horne,33.333,0.0,66.667,0.0,Sanders
Benton,Bruce-Cedar-Mt Auburn,50.0,0.0,50.0,0.0,Sanders
Benton,Eden-Harrison-Taylor,75.0,0.0,25.0,0.0,Clinton
Benton,Benton-Canton-Shellsburg,62.5,0.0,37.5,0.0,Clinton
Black Hawk,WL 4-3,60.0,0.0,40.0,0.0,Clinton
Black Hawk,Evansdale W4,25.0,0.0,75.0,0.0,Sanders
Black Hawk,Mt Vernon,50.0,0.0,50.0,0.0,Sanders
Black Hawk,Poyner P1 & East Wloo,33.333,0.0,66.667,0.0,Sanders
Black Hawk,Poyner P2 Fox Gilbert Jesup,50.0,0.0,50.0,0.0,Sanders
Black Hawk,Spring Creek,100.0,0.0,0.0,0.0,Clinton
Black Hawk,Union,50.0,0.0,50.0,0.0,Sanders
Black Hawk,Washington Janesville,50.0,0.0,50.0,0.0,Sanders
Black Hawk,WL 1-1,37.5,0.0,62.5,0.0,Sanders
Black Hawk,WL 1-2,42.857,0.0,57.143,0.0,Sanders
Black Hawk,WL 1-3,25.0,0.0,75.0,0.0,Sanders
Black Hawk,CF W5 P3,50.0,0.0,50.0,0.0,Sanders
Black Hawk,CF W5 P2,44.444,0.0,55.556,0.0,Sanders
Black Hawk,CF W5 P1,50.0,0.0,50.0,0.0,Sanders
Black Hawk,CF W4 P3,0.0,0.0,83.333,16.667,Sanders
Black Hawk,CF W4 P2,28.571,0.0,71.429,0.0,Sanders
Black Hawk,CF W4 P1,40.0,0.0,60.0,0.0,Sanders
Black Hawk,CF W3 P3,16.667,0.0,83.333,0.0,Sanders
Black Hawk,CF W3 P2,44.444,0.0,55.556,0.0,Sanders
Black Hawk,CF W3 P1,42.857,0.0,57.143,0.0,Sanders
Black Hawk,CF W2 P3,54.545,0.0,45.455,0.0,Clinton
Black Hawk,CF W2 P2 & CF Twp,33.333,0.0,66.667,0.0,Sanders
Black Hawk,CF W2 P1,33.333,0.0,66.667,0.0,Sanders
Black Hawk,CF W1 P3,30.0,0.0,70.0,0.0,Sanders
Black Hawk,Evansdale W2,50.0,0.0,50.0,0.0,Sanders
Black Hawk,CF W1 P2,41.667,0.0,58.333,0.0,Sanders
Black Hawk,Evansdale W1,50.0,0.0,50.0,0.0,Sanders
Black Hawk,Eagle,100.0,0.0,0.0,0.0,Clinton
Black Hawk,Elk Run Heights & Raymond,57.143,0.0,42.857,0.0,Clinton
Black Hawk,Big Creek La Porte,42.857,0.0,57.143,0.0,Sanders
Black Hawk,Bennington,100.0,0.0,0.0,0.0,Clinton
Black Hawk,Barclay Lester Dunkerton,40.0,0.0,60.0,0.0,Sanders
Black Hawk,Black Hawk Hudson Lincoln,66.667,0.0,33.333,0.0,Clinton
Black Hawk,Cedar Orange,42.857,0.0,57.143,0.0,Sanders
Black Hawk,WL 1-4,37.5,0.0,62.5,0.0,Sanders
Black Hawk,WL 1-5,42.857,0.0,57.143,0.0,Sanders
Black Hawk,WL 1-6,57.143,0.0,42.857,0.0,Clinton
Black Hawk,WL 2-1,60.0,0.0,40.0,0.0,Clinton
Black Hawk,WL 2-2,50.0,0.0,50.0,0.0,Sanders
Black Hawk,WL 2-3,44.444,0.0,55.556,0.0,Sanders
Black Hawk,WL 2-4,54.545,0.0,45.455,0.0,Clinton
Black Hawk,WL 2-5,37.5,12.5,50.0,0.0,Sanders
Black Hawk,WL 2-6,42.857,0.0,57.143,0.0,Sanders
Black Hawk,WL 3-1,57.143,0.0,42.857,0.0,Clinton
Black Hawk,WL 3-2,66.667,0.0,33.333,0.0,Clinton
Black Hawk,WL 3-3,71.429,0.0,28.571,0.0,Clinton
Black Hawk,WL 3-4,50.0,0.0,50.0,0.0,Sanders
Black Hawk,WL 3-5,27.273,0.0,72.727,0.0,Sanders
Black Hawk,WL 3-6,16.667,0.0,83.333,0.0,Sanders
Black Hawk,WL 4-1,100.0,0.0,0.0,0.0,Clinton
Black Hawk,WL 4-2,85.714,0.0,14.286,0.0,Clinton
Black Hawk,Evansdale W3,33.333,0.0,66.667,0.0,Sanders
Black Hawk,WL 4-4,37.5,0.0,62.5,0.0,Sanders
Black Hawk,WL 4-5,72.727,0.0,27.273,0.0,Clinton
Black Hawk,WL 4-6,40.0,0.0,60.0,0.0,Sanders
Black Hawk,WL 5-1,40.0,0.0,60.0,0.0,Sanders
Black Hawk,CF W1 P1,42.857,0.0,57.143,0.0,Sanders
Black Hawk,WL 5-3,28.571,0.0,71.429,0.0,Sanders
Black Hawk,WL 5-4,50.0,0.0,50.0,0.0,Sanders
Black Hawk,WL 5-5,50.0,0.0,50.0,0.0,Sanders
Black Hawk,WL 5-6,57.143,0.0,42.857,0.0,Clinton
Black Hawk,WL 5-2,37.5,0.0,62.5,0.0,Sanders
Boone,Rural Precinct 6,50.0,0.0,50.0,0.0,Sanders
Boone,Rural Precinct 4,50.0,0.0,50.0,0.0,Sanders
Boone,Rural Precinct 3,66.667,0.0,33.333,0.0,Clinton
Boone,Rural Precinct 2,42.857,0.0,57.143,0.0,Sanders
Boone,Rural Precinct 1,50.0,0.0,50.0,0.0,Sanders
Boone,Ogden,37.5,0.0,62.5,0.0,Sanders
Boone,Madrid 3rd Ward,50.0,0.0,50.0,0.0,Sanders
Boone,Madrid 2nd Ward,33.333,0.0,66.667,0.0,Sanders
Boone,Madrid 1st Ward,50.0,0.0,50.0,0.0,Sanders
Boone,Boone 5th Ward,60.0,0.0,40.0,0.0,Clinton
Boone,Boone 4th Ward,38.462,0.0,61.538,0.0,Sanders
Boone,Boone 3rd Ward,40.0,0.0,60.0,0.0,Sanders
Boone,Boone 2nd Ward,50.0,0.0,50.0,0.0,Sanders
Boone,Boone 1st Ward,33.333,0.0,66.667,0.0,Sanders
Boone,Rural Precinct 5,33.333,0.0,66.667,0.0,Sanders
Bremer,CITY OF SUMNER/SUMNER TWP/DAYTON TWP,42.857,0.0,57.143,0.0,Sanders
Bremer,CITY OF DENVER/JEFFERSON TWP,55.556,0.0,44.444,0.0,Clinton
Bremer,CITY OF FREDERIKA- FREDERIKA & LEROY TWP,50.0,50.0,0.0,0.0,O'Malley
Bremer,WAVERLY WARD I/E WASHINGTON TWP,50.0,0.0,50.0,0.0,Sanders
Bremer,CITY OF JANESVILLE/JACKSON TWP,40.0,0.0,60.0,0.0,Sanders
Bremer,LAFAYETTE TWP/WARREN TWPS,60.0,0.0,40.0,0.0,Clinton
Bremer,WAVERLY WARD II/NE 1/4 SEC 36 WASHINGTON TWP,57.143,0.0,42.857,0.0,Clinton
Bremer,WAVERLY WARD III,40.0,0.0,60.0,0.0,Sanders
Bremer,WAVERLY WARD IV,50.0,0.0,50.0,0.0,Sanders
Bremer,WAVERLY WARD V/W WASHINGTON TWP,62.5,0.0,37.5,0.0,Clinton
Bremer,CITY OF PLAINFIELD/POLK TWP/DOUGLAS TWP,66.667,0.0,33.333,0.0,Clinton
Bremer,CITY OF READLYN- MAXFIELD & FRANKLIN TWP,60.0,0.0,40.0,0.0,Clinton
Bremer,CITY OF TRIPOLI/FREMONT,60.0,0.0,40.0,0.0,Clinton
Buchanan,Hazleton,50.0,0.0,50.0,0.0,Sanders
Buchanan,Independence 1st Ward,66.667,0.0,33.333,0.0,Clinton
Buchanan,Independence 2nd Ward,40.0,0.0,60.0,0.0,Sanders
Buchanan,Independence 3rd Ward,42.857,0.0,57.143,0.0,Sanders
Buchanan,Independence 4th Ward,40.0,0.0,60.0,0.0,Sanders
Buchanan,Independence 5th Ward,40.0,0.0,60.0,0.0,Sanders
Buchanan,Middlefield-Newton,66.667,0.0,33.333,0.0,Clinton
Buchanan,Perry-Westburg,60.0,0.0,40.0,0.0,Clinton
Buchanan,Winthrop,66.667,0.0,33.333,0.0,Clinton
Buchanan,Rowley,50.0,0.0,50.0,0.0,Sanders
Buchanan,Aurora,60.0,0.0,40.0,0.0,Clinton
Buchanan,Brandon,33.333,0.0,66.667,0.0,Sanders
Buchanan,Quasqueton,60.0,0.0,40.0,0.0,Clinton
Buchanan,Jesup,44.444,0.0,55.556,0.0,Sanders
Buchanan,Fairbank,60.0,0.0,40.0,0.0,Clinton
Buena Vista,SL02,33.333,0.0,66.667,0.0,Sanders
Buena Vista,ALNE,40.0,0.0,60.0,0.0,Sanders
Buena Vista,LKHM,66.667,0.0,33.333,0.0,Clinton
Buena Vista,NENP,50.0,0.0,50.0,0.0,Sanders
Buena Vista,TRWG,100.0,0.0,0.0,0.0,Clinton
Buena Vista,SL01,40.0,0.0,60.0,0.0,Sanders
Buena Vista,ACFC,50.0,0.0,50.0,0.0,Sanders
Buena Vista,SL03,60.0,0.0,40.0,0.0,Clinton
Buena Vista,SL04,40.0,20.0,40.0,0.0,Sanders
Buena Vista,SMLR,50.0,0.0,50.0,0.0,Sanders
Butler,7-PB,55.556,0.0,44.444,0.0,Clinton
Butler,1-GR,50.0,0.0,50.0,0.0,Sanders
Butler,2-CL,36.364,0.0,63.636,0.0,Sanders
Butler,3-DU,25.0,0.0,75.0,0.0,Sanders
Butler,4-AL,20.0,0.0,80.0,0.0,Sanders
Butler,5-AP,40.0,0.0,60.0,0.0,Sanders
Butler,6-SR,45.455,0.0,54.545,0.0,Sanders
Butler,8-NH,40.0,0.0,60.0,0.0,Sanders
Calhoun,Rockwell City,36.364,0.0,63.636,0.0,Sanders
Calhoun,Butler- Williams,50.0,0.0,50.0,0.0,Sanders
Calhoun,Cedar,100.0,0.0,0.0,0.0,Clinton
Calhoun,Union,66.667,0.0,33.333,0.0,Clinton
Calhoun,Sherman,50.0,0.0,50.0,0.0,Sanders
Calhoun,Lincoln 1,27.273,0.0,72.727,0.0,Sanders
Calhoun,Reading,66.667,0.0,33.333,0.0,Clinton
Calhoun,Calhoun- Jackson- EG- LK,66.667,0.0,33.333,0.0,Clinton
Calhoun,Center- Logan- TL- GA- L,50.0,0.0,50.0,0.0,Sanders
Calhoun,Greenfield & Lincoln 2,33.333,0.0,66.667,0.0,Sanders
Carroll,Carroll Ward One,61.538,0.0,38.462,0.0,Clinton
Carroll,Carroll Ward Two &amp; N1/2 Maple River Twp,70.588,0.0,29.412,0.0,Clinton
Carroll,Sheridan-Grant-Jasper,60.0,0.0,40.0,0.0,Clinton
Carroll,Glidden-Richland,71.429,0.0,28.571,0.0,Clinton
Carroll,Washington-Roselle,75.0,0.0,25.0,0.0,Clinton
Carroll,Eden,100.0,0.0,0.0,0.0,Clinton
Carroll,Carroll Ward Three &amp; S1/2 Maple River Twp,53.846,0.0,46.154,0.0,Clinton
Carroll,Carroll Ward Four,58.333,0.0,41.667,0.0,Clinton
Carroll,Wheatland-Kniest,60.0,0.0,40.0,0.0,Clinton
Carroll,Arcadia,66.667,0.0,33.333,0.0,Clinton
Carroll,Pleasant Valley-Newton,66.667,0.0,33.333,0.0,Clinton
Carroll,Ewoldt,50.0,0.0,50.0,0.0,Sanders
Carroll,Union,62.5,0.0,37.5,0.0,Clinton
Cass,Grant- Lincoln Twp/Anita,50.0,0.0,50.0,0.0,Sanders
Cass,Atlantic 1,50.0,0.0,50.0,0.0,Sanders
Cass,Atlantic 2,60.0,0.0,40.0,0.0,Clinton
Cass,Atlantic 3,80.0,0.0,20.0,0.0,Clinton
Cass,Atlantic 4,50.0,0.0,50.0,0.0,Sanders
Cass,Atlantic 5,83.333,0.0,16.667,0.0,Clinton
Cass,Bear Grove- Cass Twp/Lewis,66.667,0.0,33.333,0.0,Clinton
Cass,Benton- Franklin Twp/Wiota,50.0,0.0,50.0,0.0,Sanders
Cass,Massena Twp/Massena City,50.0,0.0,50.0,0.0,Sanders
Cass,Enda- Victoria Twp,100.0,0.0,0.0,0.0,Clinton
Cass,Noble- Pleasant Twp/Griswold,60.0,0.0,40.0,0.0,Clinton
Cass,Union Twp/Cumberland,100.0,0.0,0.0,0.0,Clinton
Cass,Brighton- Grove- Pymosa- Washington Twp/Marne,25.0,25.0,50.0,0.0,Sanders
Cedar,CASS/CENTER/IOWA/ROCHESTER,50.0,0.0,50.0,0.0,Sanders
Cedar,WEST BRANCH 1,50.0,0.0,50.0,0.0,Sanders
Cedar,TIPTON 3,50.0,0.0,50.0,0.0,Sanders
Cedar,TIPTON 2,50.0,0.0,50.0,0.0,Sanders
Cedar,TIPTON 1,50.0,0.0,50.0,0.0,Sanders
Cedar,MASSILLON/SPRINGFIELD,60.0,0.0,40.0,0.0,Clinton
Cedar,LINN/PIONEER,37.5,0.0,62.5,0.0,Sanders
Cedar,INLAND,50.0,0.0,50.0,0.0,Sanders
Cedar,GOWER/SPRINGDALE,33.333,0.0,66.667,0.0,Sanders
Cedar,FREMONT/RED OAK,25.0,0.0,75.0,0.0,Sanders
Cedar,DAYTON/FAIRFIELD,40.0,0.0,60.0,0.0,Sanders
Cedar,FARMINGTON/SUGAR CREEK,37.5,0.0,62.5,0.0,Sanders
Cerro Gordo,Clear Lake - Ward 1,54.545,0.0,45.455,0.0,Clinton
Cerro Gordo,Lake / Lincoln Twps Pct,50.0,0.0,50.0,0.0,Sanders
Cerro Gordo,Portland - Owen - Dougherty,75.0,0.0,25.0,0.0,Clinton
Cerro Gordo,Mt Vernon - Pl Valley Twps,33.333,0.0,66.667,0.0,Sanders
Cerro Gordo,Mason S / Bath Twps,66.667,0.0,33.333,0.0,Clinton
Cerro Gordo,Mason City W-4 P-3,60.0,0.0,40.0,0.0,Clinton
Cerro Gordo,Mason City W-4 P-2,35.714,0.0,64.286,0.0,Sanders
Cerro Gordo,Mason City W-4 P-1,41.667,0.0,58.333,0.0,Sanders
Cerro Gordo,Mason City W-3 P-3,50.0,0.0,50.0,0.0,Sanders
Cerro Gordo,Clear Lake - Grant - Union,54.545,0.0,45.455,0.0,Clinton
Cerro Gordo,Geneseo Twp Pct,62.5,0.0,37.5,0.0,Clinton
Cerro Gordo,Clear Lake - Ward 2,53.333,0.0,46.667,0.0,Clinton
Cerro Gordo,Clear Lake - Ward 3,53.846,0.0,46.154,0.0,Clinton
Cerro Gordo,Falls - Plymouth Pct,50.0,0.0,50.0,0.0,Sanders
Cerro Gordo,Falls - Rock Falls Pct,66.667,0.0,33.333,0.0,Clinton
Cerro Gordo,Grimes - Thornton Pct,0.0,0.0,100.0,0.0,Sanders
Cerro Gordo,Mason City W-3 P-2,30.769,0.0,69.231,0.0,Sanders
Cerro Gordo,Lime Creek / Mason N Twps,33.333,0.0,66.667,0.0,Sanders
Cerro Gordo,Mason City W-1 P-1,50.0,0.0,50.0,0.0,Sanders
Cerro Gordo,Mason City W-1 P-2,53.333,0.0,46.667,0.0,Clinton
Cerro Gordo,Mason City W-1 P-3,61.538,0.0,38.462,0.0,Clinton
Cerro Gordo,Mason City W-2 P-1,45.455,0.0,54.545,0.0,Sanders
Cerro Gordo,Mason City W-2 P-2,58.824,0.0,41.176,0.0,Clinton
Cerro Gordo,Mason City W-2 P-3,30.769,0.0,69.231,0.0,Sanders
Cerro Gordo,Mason City W-3 P-1,42.857,0.0,57.143,0.0,Sanders
Cerro Gordo,Grimes - Meservey Pct,100.0,0.0,0.0,0.0,Clinton
Cherokee,#7 Cherokee Ward 3,33.333,0.0,66.667,0.0,Sanders
Cherokee,#6 Cherokee Ward 2,25.0,0.0,75.0,0.0,Sanders
Cherokee,#5 Cherokee Ward 1,55.556,0.0,44.444,0.0,Clinton
Cherokee,#4 Cherokee,60.0,0.0,40.0,0.0,Clinton
Cherokee,#3 Quimby,57.143,0.0,42.857,0.0,Clinton
Cherokee,#2 Cleghorn,55.556,0.0,44.444,0.0,Clinton
Cherokee,#1 Aurelia,37.5,0.0,62.5,0.0,Sanders
Chickasaw,City of New Hampton Ward One,42.857,0.0,57.143,0.0,Sanders
Chickasaw,City of New Hampton Ward Two,42.857,0.0,57.143,0.0,Sanders
Chickasaw,City of New Hampton Ward Three,70.0,0.0,30.0,0.0,Clinton
Chickasaw,City of New Hampton Ward Four,66.667,0.0,33.333,0.0,Clinton
Chickasaw,Washington 1 Township,50.0,0.0,50.0,0.0,Sanders
Chickasaw,Stapleton,50.0,0.0,50.0,0.0,Sanders
Chickasaw,New Hampton Rural,60.0,0.0,40.0,0.0,Clinton
Chickasaw,Bradford,76.471,0.0,23.529,0.0,Clinton
Chickasaw,Chickasaw,75.0,0.0,25.0,0.0,Clinton
Chickasaw,Jacksonville-Utica,20.0,0.0,80.0,0.0,Sanders
Chickasaw,Deerfield-Washington 2,71.429,0.0,28.571,0.0,Clinton
Chickasaw,Dresden-Fredericksburg,66.667,0.0,33.333,0.0,Clinton
Chickasaw,Dayton-Richland,40.0,20.0,40.0,0.0,Sanders
Clarke,Osceola 2nd Ward Precinct,62.5,0.0,37.5,0.0,Clinton
Clarke,North East Precinct,66.667,0.0,33.333,0.0,Clinton
Clarke,Woodburn Precinct,25.0,0.0,75.0,0.0,Sanders
Clarke,Middle Precinct,40.0,0.0,60.0,0.0,Sanders
Clarke,Osceola 1st Ward Precinct,57.143,0.0,42.857,0.0,Clinton
Clarke,Murray Precinct,75.0,0.0,25.0,0.0,Clinton
Clarke,Osceola 3rd Ward Precinct,55.556,0.0,44.444,0.0,Clinton
Clay,Spencer Ward 5,50.0,0.0,50.0,0.0,Sanders
Clay,Waterford-Lone Tree,50.0,0.0,50.0,0.0,Sanders
Clay,Summit-Riverton-Sioux-Meadow,50.0,0.0,50.0,0.0,Sanders
Clay,Lincoln-Clay,50.0,0.0,50.0,0.0,Sanders
Clay,Douglas-Peterson,50.0,0.0,50.0,0.0,Sanders
Clay,Garfield-Herdland,50.0,0.0,50.0,0.0,Sanders
Clay,Lake-Freeman,33.333,0.0,66.667,0.0,Sanders
Clay,Logan-Gillett Grove,50.0,0.0,50.0,0.0,Sanders
Clay,Spencer Ward 1,40.0,0.0,60.0,0.0,Sanders
Clay,Spencer Ward 2,41.667,0.0,58.333,0.0,Sanders
Clay,Spencer Ward 3,50.0,0.0,50.0,0.0,Sanders
Clay,Spencer Ward 4,66.667,0.0,33.333,0.0,Clinton
Clayton,MENDON,50.0,0.0,50.0,0.0,Sanders
Clayton,CASS,50.0,0.0,50.0,0.0,Sanders
Clayton,MARION,100.0,0.0,0.0,0.0,Clinton
Clayton,BOARDMAN-HIGHLAND,46.667,0.0,53.333,0.0,Sanders
Clayton,BUENA VISTA,33.333,0.0,66.667,0.0,Sanders
Clayton,COX CREEK-SPERRY,40.0,0.0,60.0,0.0,Sanders
Clayton,CLAYTON-GARNAVILLO,50.0,0.0,50.0,0.0,Sanders
Clayton,ELK-MALLORY-VOLGA,40.0,0.0,60.0,0.0,Sanders
Clayton,FARMERSBURG-WAGNER,40.0,0.0,60.0,0.0,Sanders
Clayton,GIARD-LUANA-MONONA,53.846,0.0,46.154,0.0,Clinton
Clayton,GRAND MEADOW,50.0,0.0,50.0,0.0,Sanders
Clayton,JEFFERSON-MILLVILLE,55.556,0.0,44.444,0.0,Clinton
Clayton,LODOMILLO,33.333,0.0,66.667,0.0,Sanders
Clayton,READ,50.0,0.0,50.0,0.0,Sanders
Clinton,DEWITT 1,50.0,0.0,50.0,0.0,Sanders
Clinton,WELTON WASHINGTON WELTON,50.0,0.0,50.0,0.0,Sanders
Clinton,WATERFORD CHARLOTTE,50.0,0.0,50.0,0.0,Sanders
Clinton,SPRING ROCK WHEATLAND,66.667,0.0,33.333,0.0,Clinton
Clinton,BLOOMFIELD BROOKFIELD DEL,66.667,0.0,33.333,0.0,Clinton
Clinton,CAMANCHE 1,50.0,0.0,50.0,0.0,Sanders
Clinton,CAMANCHE 2,71.429,0.0,28.571,0.0,Clinton
Clinton,CENTER TWP,0.0,0.0,100.0,0.0,Sanders
Clinton,CLINTON 1-1,37.5,0.0,62.5,0.0,Sanders
Clinton,CLINTON 1-2,44.444,0.0,55.556,0.0,Sanders
Clinton,CLINTON 2-1,44.444,0.0,55.556,0.0,Sanders
Clinton,CLINTON 2-2,45.455,0.0,54.545,0.0,Sanders
Clinton,CLINTON 3-1,45.455,0.0,54.545,0.0,Sanders
Clinton,CLINTON 3-2,58.333,0.0,41.667,0.0,Clinton
Clinton,CLINTON 4-1,50.0,0.0,50.0,0.0,Sanders
Clinton,CLINTON 4-2,50.0,0.0,50.0,0.0,Sanders
Clinton,DEEP CREEK GOOSE LAKE,50.0,0.0,50.0,0.0,Sanders
Clinton,SHARON LOST NATION,100.0,0.0,0.0,0.0,Clinton
Clinton,DEWITT 2,50.0,0.0,50.0,0.0,Sanders
Clinton,DEWITT TWP,33.333,0.0,66.667,0.0,Sanders
Clinton,EDEN CAMANCHE TWP,0.0,0.0,100.0,0.0,Sanders
Clinton,ELK RIVER HAMPSHIRE ANDOV,50.0,0.0,50.0,0.0,Sanders
Clinton,LIBERTY TORONTO,0.0,0.0,100.0,0.0,Sanders
Clinton,LOW MOOR,0.0,0.0,100.0,0.0,Sanders
Clinton,OLIVE GRANT CALAMUS,50.0,0.0,50.0,0.0,Sanders
Clinton,ORANGE GRAND MOUND,33.333,0.0,66.667,0.0,Sanders
Crawford,Southeast,50.0,0.0,50.0,0.0,Sanders
Crawford,Denison Ward 2-Denison Twp,40.0,20.0,40.0,0.0,Sanders
Crawford,Denison Ward 3-Goodrich Twp,45.455,18.182,36.364,0.0,Clinton
Crawford,DCAB,50.0,33.333,16.667,0.0,Clinton
Crawford,Charter Oak,33.333,0.0,66.667,0.0,Sanders
Crawford,Denison Ward 1,44.444,0.0,55.556,0.0,Sanders
Crawford,Northeast,28.571,28.571,42.857,0.0,Sanders
Crawford,SRK,66.667,0.0,33.333,0.0,Clinton
Dallas,WEST DES MOINES 225,50.0,0.0,50.0,0.0,Sanders
Dallas,ADAMS,50.0,0.0,50.0,0.0,Sanders
Dallas,ADEL 1,66.667,0.0,33.333,0.0,Clinton
Dallas,ADEL 2,66.667,0.0,33.333,0.0,Clinton
Dallas,BEAVER / DES MOINES,60.0,0.0,40.0,0.0,Clinton
Dallas,CLIVE 5,75.0,0.0,25.0,0.0,Clinton
Dallas,CLIVE 6,75.0,0.0,25.0,0.0,Clinton
Dallas,COLFAX / ADEL,50.0,0.0,50.0,0.0,Sanders
Dallas,DESOTO,50.0,0.0,50.0,0.0,Sanders
Dallas,LINCOLN /WASHINGTON /LINN,50.0,0.0,50.0,0.0,Sanders
Dallas,PERRY 1,40.0,0.0,60.0,0.0,Sanders
Dallas,PERRY 2,75.0,0.0,25.0,0.0,Clinton
Dallas,PERRY 3,50.0,0.0,50.0,0.0,Sanders
Dallas,SPRING VALLEY / DALLAS,50.0,0.0,50.0,0.0,Sanders
Dallas,SUGAR GROVE / DALLAS CENTER,50.0,0.0,50.0,0.0,Sanders
Dallas,WEST DES MOINES 222,50.0,0.0,50.0,0.0,Sanders
Dallas,URBANDALE 13,60.0,0.0,40.0,0.0,Clinton
Dallas,URBANDALE 14,75.0,0.0,25.0,0.0,Clinton
Dallas,URBANDALE 15,50.0,0.0,50.0,0.0,Sanders
Dallas,VAN METER,50.0,0.0,50.0,0.0,Sanders
Dallas,WALNUT / GRIMES / GRANT,50.0,0.0,50.0,0.0,Sanders
Dallas,WAUKEE 1,50.0,0.0,50.0,0.0,Sanders
Dallas,WAUKEE 2,66.667,0.0,33.333,0.0,Clinton
Dallas,WAUKEE 3,60.0,0.0,40.0,0.0,Clinton
Dallas,WAUKEE 4,75.0,0.0,25.0,0.0,Clinton
Dallas,WAUKEE 5,50.0,0.0,50.0,0.0,Sanders
Dallas,WAUKEE 6,33.333,33.333,33.333,0.0,Sanders
Dallas,WEST DES MOINES 221,66.667,0.0,33.333,0.0,Clinton
Dallas,WEST DES MOINES 322,100.0,0.0,0.0,0.0,Clinton
Dallas,WEST DES MOINES 321,50.0,0.0,50.0,0.0,Sanders
Dallas,WEST DES MOINES 226,33.333,0.0,66.667,0.0,Sanders
Dallas,WEST DES MOINES 224,100.0,0.0,0.0,0.0,Clinton
Dallas,WEST DES MOINES 223,50.0,0.0,50.0,0.0,Sanders
Dallas,UNION,50.0,0.0,50.0,0.0,Sanders
Davis,Bloomfield Ward 1,57.143,0.0,42.857,0.0,Clinton
Davis,Bloomfield Ward 2,57.143,0.0,42.857,0.0,Clinton
Davis,Bloomfield Ward 3,69.231,0.0,30.769,0.0,Clinton
Davis,Central,56.25,0.0,43.75,0.0,Clinton
Davis,Northeast,57.143,0.0,42.857,0.0,Clinton
Davis,Northwest,58.333,0.0,41.667,0.0,Clinton
Davis,Southeast,44.444,0.0,55.556,0.0,Sanders
Davis,Southwest,62.5,0.0,37.5,0.0,Clinton
Decatur,BL/FA/Lamoni,36.0,0.0,64.0,0.0,Sanders
Decatur,BU/HA/MO/NB/Davis City/Pleasanton,40.0,0.0,40.0,20.0,Sanders
Decatur,DE/Decatur City,66.667,33.333,0.0,0.0,Clinton
Decatur,GR/RL/Grand River,75.0,0.0,25.0,0.0,Clinton
Decatur,FR/LC/Van Wert/Weldon,42.857,0.0,57.143,0.0,Sanders
Decatur,GG/HP/WE/Garden Grove/LeRoy,50.0,0.0,50.0,0.0,Sanders
Decatur,CE/ED/Leon,65.0,0.0,35.0,0.0,Clinton
Delaware,Honey Creek/Elk,44.444,0.0,55.556,0.0,Sanders
Delaware,Manchester Ward 1,60.0,0.0,40.0,0.0,Clinton
Delaware,Delhi/Delaware Corp,50.0,0.0,50.0,0.0,Sanders
Delaware,Manchester Ward 2,60.0,20.0,20.0,0.0,Clinton
Delaware,Manchester Ward 3,41.667,0.0,58.333,0.0,Sanders
Delaware,Milo/Prairie,60.0,0.0,40.0,0.0,Clinton
Delaware,Delaware,40.0,0.0,60.0,0.0,Sanders
Delaware,Richland/Coffins Grove,75.0,0.0,25.0,0.0,Clinton
Delaware,South Fork/Union,62.5,0.0,37.5,0.0,Clinton
Delaware,Adams/Hazel Green,50.0,0.0,50.0,0.0,Sanders
Delaware,Colony,75.0,0.0,25.0,0.0,Clinton
Delaware,Oneida/N Fork/Bremen,50.0,0.0,50.0,0.0,Sanders
Des Moines,PCT 2,42.857,0.0,57.143,0.0,Sanders
Des Moines,PCT 1T,50.0,0.0,50.0,0.0,Sanders
Des Moines,PCT WB,50.0,0.0,50.0,0.0,Sanders
Des Moines,PCT 4,50.0,0.0,50.0,0.0,Sanders
Des Moines,PCT 5,60.0,0.0,40.0,0.0,Clinton
Des Moines,PCT 6,50.0,0.0,50.0,0.0,Sanders
Des Moines,PCT 7,42.857,0.0,57.143,0.0,Sanders
Des Moines,PCT 8,57.143,0.0,42.857,0.0,Clinton
Des Moines,PCT 9,50.0,0.0,50.0,0.0,Sanders
Des Moines,PCT DM,33.333,0.0,66.667,0.0,Sanders
Des Moines,PCT FM,40.0,0.0,60.0,0.0,Sanders
Des Moines,PCT HJ,50.0,0.0,50.0,0.0,Sanders
Des Moines,PCT MY,50.0,0.0,50.0,0.0,Sanders
Des Moines,PCT PW,0.0,0.0,100.0,0.0,Sanders
Des Moines,PCT UNION,100.0,0.0,0.0,0.0,Clinton
Des Moines,PCT 3,20.0,0.0,80.0,0.0,Sanders
Dickinson,Precinct No. 6,66.667,0.0,33.333,0.0,Clinton
Dickinson,Precinct No. 5,50.0,0.0,50.0,0.0,Sanders
Dickinson,Precinct No. 4,50.0,0.0,50.0,0.0,Sanders
Dickinson,Precinct No. 3,66.667,0.0,33.333,0.0,Clinton
Dickinson,Precinct No. 2,60.0,0.0,40.0,0.0,Clinton
Dickinson,Precinct No. 1,40.0,0.0,60.0,0.0,Sanders
Dickinson,Precinct No. 7,100.0,0.0,0.0,0.0,Clinton
Dickinson,Precinct No. 11,50.0,0.0,50.0,0.0,Sanders
Dickinson,Precinct No. 15,45.455,0.0,54.545,0.0,Sanders
Dickinson,Precinct No. 14,50.0,0.0,50.0,0.0,Sanders
Dickinson,Precinct No. 13,42.857,0.0,57.143,0.0,Sanders
Dickinson,Precinct No. 12,33.333,0.0,66.667,0.0,Sanders
Dickinson,Precinct No. 10-City-Wahpeton-W Okoboji,50.0,0.0,50.0,0.0,Sanders
Dickinson,Precinct No. 8,42.857,0.0,57.143,0.0,Sanders
Dickinson,Precinct No. 9,0.0,0.0,100.0,0.0,Sanders
Dubuque,Dyersville 3 - Dubuque 38,33.333,0.0,66.667,0.0,Sanders
Dubuque,Dyersville/Dodge - Dubuque precinct 39,60.0,20.0,20.0,0.0,Clinton
Dubuque,Farley - Dubuque 40,75.0,0.0,25.0,0.0,Clinton
Dubuque,Iowa/Taylor - Dubuque precinct 41,71.429,0.0,28.571,0.0,Clinton
Dubuque,Jefferson/Peru - Dubuque 42,50.0,0.0,50.0,0.0,Sanders
Dubuque,Mosalem/Table Mound E/Washington - Dubuque 43,55.556,0.0,44.444,0.0,Clinton
Dubuque,Prairie Creek - Dubuque precinct 44,50.0,0.0,50.0,0.0,Sanders
Dubuque,Table Mound West - Dubuque precinct 45,60.0,0.0,40.0,0.0,Clinton
Dubuque,Dyersville 2 - Dubuque precinct 37,66.667,0.0,33.333,0.0,Clinton
Dubuque,Dubuque North - precinct 36,57.143,0.0,42.857,0.0,Clinton
Dubuque,Dubuque 9,37.5,0.0,62.5,0.0,Sanders
Dubuque,Dubuque 2,66.667,0.0,33.333,0.0,Clinton
Dubuque,Dubuque 8,57.143,0.0,42.857,0.0,Clinton
Dubuque,Dubuque 7,54.545,0.0,45.455,0.0,Clinton
Dubuque,Dubuque 6,62.5,0.0,37.5,0.0,Clinton
Dubuque,Dubuque 5,60.0,0.0,40.0,0.0,Clinton
Dubuque,Dubuque 1,55.556,0.0,44.444,0.0,Clinton
Dubuque,Dubuque 10,45.455,0.0,54.545,0.0,Sanders
Dubuque,Dubuque 11,44.444,0.0,55.556,0.0,Sanders
Dubuque,Dubuque 12,60.0,0.0,40.0,0.0,Clinton
Dubuque,Dubuque 13,42.857,0.0,57.143,0.0,Sanders
Dubuque,Dubuque 14,33.333,0.0,66.667,0.0,Sanders
Dubuque,Dubuque 15,37.5,0.0,62.5,0.0,Sanders
Dubuque,Dubuque 16,40.0,0.0,60.0,0.0,Sanders
Dubuque,Dubuque 17,40.0,0.0,60.0,0.0,Sanders
Dubuque,Dubuque 18,42.857,0.0,57.143,0.0,Sanders
Dubuque,Dubuque 19,44.444,0.0,55.556,0.0,Sanders
Dubuque,Dubuque 20,50.0,0.0,50.0,0.0,Sanders
Dubuque,Asbury East - Dubuque precinct 31,62.5,0.0,37.5,0.0,Clinton
Dubuque,Asbury west/Center north - precinct 32,50.0,0.0,50.0,0.0,Sanders
Dubuque,Cascade/White Water - Dubuque 33,50.0,0.0,50.0,0.0,Sanders
Dubuque,Center South/Vernon - Dubuque 34,62.5,0.0,37.5,0.0,Clinton
Dubuque,Concorn/Liberty/New Wine - Dubuque 35,40.0,0.0,60.0,0.0,Sanders
Dubuque,Dubuque 4,60.0,0.0,40.0,0.0,Clinton
Dubuque,Dubuque 3,33.333,0.0,66.667,0.0,Sanders
Emmet,CN-SL-Gruver,100.0,0.0,0.0,0.0,Clinton
Emmet,Estherville Ward 5,50.0,0.0,50.0,0.0,Sanders
Emmet,HL-TM-Wallingford,33.333,0.0,66.667,0.0,Sanders
Emmet,AG-IL-Armstrong,66.667,0.0,33.333,0.0,Clinton
Emmet,Estherville Ward 4,50.0,0.0,50.0,0.0,Sanders
Emmet,Estherville Ward 3,42.857,0.0,57.143,0.0,Sanders
Emmet,Estherville Ward 2,50.0,0.0,50.0,0.0,Sanders
Emmet,Estherville Ward 1,62.5,0.0,37.5,0.0,Clinton
Emmet,Emmet-Estherville,66.667,0.0,33.333,0.0,Clinton
Emmet,EL-LN-Dolliver,50.0,0.0,50.0,0.0,Sanders
Emmet,DM-JC-Ringsted,66.667,0.0,33.333,0.0,Clinton
Fayette,FAIRFIELD-PUTNAM TWP,42.857,0.0,57.143,0.0,Sanders
Fayette,HARLAN TWP,87.5,0.0,12.5,0.0,Clinton
Fayette,ILLYRIA TWP,50.0,0.0,50.0,0.0,Sanders
Fayette,JEFFERSON TWP,33.333,0.0,66.667,0.0,Sanders
Fayette,OELWEIN - WARD 1,50.0,0.0,50.0,0.0,Sanders
Fayette,WESTFIELD TWP,33.333,0.0,66.667,0.0,Sanders
Fayette,FAIRBANK INC,50.0,0.0,50.0,0.0,Sanders
Fayette,EDEN TWP,50.0,0.0,50.0,0.0,Sanders
Fayette,DOVER TWP,75.0,0.0,25.0,0.0,Clinton
Fayette,CLERMONT TWP,66.667,0.0,33.333,0.0,Clinton
Fayette,CENTER TWP,50.0,0.0,50.0,0.0,Sanders
Fayette,BETHEL-WINDSOR TWP,50.0,0.0,50.0,0.0,Sanders
Fayette,BANKS-FREMONT TWP,42.857,0.0,57.143,0.0,Sanders
Fayette,AUBURN TWP,50.0,0.0,50.0,0.0,Sanders
Fayette,OELWEIN - WARD 3,46.667,0.0,53.333,0.0,Sanders
Fayette,OELWEIN - WARD 4,61.111,0.0,38.889,0.0,Clinton
Fayette,ORAN TWP,75.0,0.0,25.0,0.0,Clinton
Fayette,PLEASANT VALLEY TWP,42.857,0.0,57.143,0.0,Sanders
Fayette,SCOTT TWP,100.0,0.0,0.0,0.0,Clinton
Fayette,SMITHFIELD TWP,100.0,0.0,0.0,0.0,Clinton
Fayette,UNION TWP,66.667,0.0,33.333,0.0,Clinton
Fayette,WEST UNION - WARD 1,50.0,0.0,50.0,0.0,Sanders
Fayette,WEST UNION - WARD 2,33.333,0.0,50.0,16.667,Sanders
Fayette,WEST UNION - WARD 3,33.333,0.0,66.667,0.0,Sanders
Fayette,OELWEIN - WARD 2,57.143,0.0,42.857,0.0,Clinton
Floyd,Charles City Corp/CC1,61.538,0.0,38.462,0.0,Clinton
Floyd,Charles City Corp/CC2,56.25,0.0,43.75,0.0,Clinton
Floyd,Charles City Corp/CC3,56.25,0.0,43.75,0.0,Clinton
Floyd,Floyd-Cedar-Niles,62.5,0.0,37.5,0.0,Clinton
Floyd,Rockford-Ulster,62.5,0.0,37.5,0.0,Clinton
Floyd,St Charles-Riverton,55.556,0.0,44.444,0.0,Clinton
Floyd,Rock Grove-Rudd,50.0,0.0,50.0,0.0,Sanders
Floyd,Scott-Union-Pleasant Grove,50.0,0.0,50.0,0.0,Sanders
Franklin,HAMILTON/ LEE/ REEVE,16.667,0.0,83.333,0.0,Sanders
Franklin,HAMPTON 1,100.0,0.0,0.0,0.0,Clinton
Franklin,HAMPTON 2,50.0,0.0,50.0,0.0,Sanders
Franklin,HAMPTON 3,40.0,0.0,60.0,0.0,Sanders
Franklin,HAMPTON 4,50.0,0.0,50.0,0.0,Sanders
Franklin,MARION,83.333,0.0,16.667,0.0,Clinton
Franklin,OAKLAND/ MORGAN,50.0,0.0,50.0,0.0,Sanders
Franklin,GRANT/ OSCEOLA,60.0,0.0,40.0,0.0,Clinton
Franklin,WEST MOTT TOWNSHIP,50.0,25.0,25.0,0.0,Clinton
Franklin,WISNER/ SCOTT,100.0,0.0,0.0,0.0,Clinton
Franklin,GENEVA/ INGHAM/ EAST MOTT,42.857,0.0,57.143,0.0,Sanders
Franklin,RICHLAND/ ROSS/ WEST FORK,62.5,0.0,37.5,0.0,Clinton
Fremont,Hamburg/Washington,50.0,0.0,50.0,0.0,Sanders
Fremont,Riverton,0.0,0.0,0.0,0.0,""
Fremont,Sidney,40.0,0.0,60.0,0.0,Sanders
Fremont,Farragut,50.0,25.0,25.0,0.0,Clinton
Fremont,Green Riverside Scott,40.0,0.0,60.0,0.0,Sanders
Greene,Central Precinct,42.857,0.0,57.143,0.0,Sanders
Greene,Jefferson 2 Precinct,70.0,0.0,30.0,0.0,Clinton
Greene,Jefferson 3 Precinct,53.846,0.0,46.154,0.0,Clinton
Greene,North Precinct,44.444,0.0,55.556,0.0,Sanders
Greene,West Precinct,66.667,0.0,33.333,0.0,Clinton
Greene,Jefferson 1 Precinct,55.556,0.0,44.444,0.0,Clinton
Greene,East Precinct,45.455,0.0,54.545,0.0,Sanders
Grundy,PRECINCT 3,20.0,0.0,80.0,0.0,Sanders
Grundy,PRECINCT 4,33.333,0.0,66.667,0.0,Sanders
Grundy,PRECINCT 5,53.846,0.0,46.154,0.0,Clinton
Grundy,PRECINCT 6,53.846,0.0,46.154,0.0,Clinton
Grundy,PRECINCT 7,46.154,0.0,53.846,0.0,Sanders
Grundy,PRECINCT 1,50.0,0.0,50.0,0.0,Sanders
Grundy,PRECINCT 2,33.333,33.333,33.333,0.0,Sanders
Guthrie,Brown,75.0,0.0,25.0,0.0,Clinton
Guthrie,Green,42.857,0.0,57.143,0.0,Sanders
Guthrie,Purple,53.846,0.0,46.154,0.0,Clinton
Guthrie,Red,25.0,0.0,75.0,0.0,Sanders
Guthrie,White,50.0,0.0,50.0,0.0,Sanders
Guthrie,Blue,69.231,0.0,30.769,0.0,Clinton
Guthrie,Gold,50.0,0.0,50.0,0.0,Sanders
Guthrie,Black,60.0,0.0,40.0,0.0,Clinton
Hamilton,Precint 4,54.545,0.0,45.455,0.0,Clinton
Hamilton,Precint 5,25.0,0.0,75.0,0.0,Sanders
Hamilton,Webster City 1,61.111,0.0,38.889,0.0,Clinton
Hamilton,Webster City 2,63.158,0.0,36.842,0.0,Clinton
Hamilton,Webster City 3,61.538,0.0,38.462,0.0,Clinton
Hamilton,Precint 1,62.5,0.0,37.5,0.0,Clinton
Hamilton,Precint 2,66.667,0.0,33.333,0.0,Clinton
Hamilton,Precint 3,54.545,0.0,45.455,0.0,Clinton
Hancock,Precinct 8,66.667,0.0,33.333,0.0,Clinton
Hancock,Precinct 9,75.0,0.0,25.0,0.0,Clinton
Hancock,Precinct 10,50.0,0.0,50.0,0.0,Sanders
Hancock,Precinct 7,50.0,0.0,50.0,0.0,Sanders
Hancock,Precinct 4,70.0,0.0,30.0,0.0,Clinton
Hancock,Precinct 5,0.0,0.0,0.0,0.0,""
Hancock,Precinct 2,66.667,0.0,33.333,0.0,Clinton
Hancock,Precinct 1,60.0,0.0,40.0,0.0,Clinton
Hancock,Precinct 3,50.0,0.0,50.0,0.0,Sanders
Hancock,Precinct 6,56.25,0.0,43.75,0.0,Clinton
Hardin,Eldora City,50.0,0.0,50.0,0.0,Sanders
Hardin,Iowa Falls #2,59.091,0.0,40.909,0.0,Clinton
Hardin,Etna/Clay,52.941,0.0,47.059,0.0,Clinton
Hardin,Eldora/Pleasant/Prov/Unio,72.727,0.0,27.273,0.0,Clinton
Hardin,Concord/Sherman/Grant/Tip,60.0,0.0,40.0,0.0,Clinton
Hardin,Alden/Buckeye,54.545,0.0,45.455,0.0,Clinton
Hardin,Iowa Falls #1,57.895,0.0,42.105,0.0,Clinton
Hardin,Hardin/Ellis/Jackson,58.333,0.0,41.667,0.0,Clinton
Harrison,Precinct #9-Jefferson/LaGrange,33.333,0.0,66.667,0.0,Sanders
Harrison,Precinct #2-Pisgah,33.333,0.0,66.667,0.0,Sanders
Harrison,Precinct #3-Dunlap,55.556,0.0,44.444,0.0,Clinton
Harrison,Precinct #6-Boyer/Lincoln,50.0,0.0,50.0,0.0,Sanders
Harrison,Precinct #10 - Logan,50.0,0.0,50.0,0.0,Sanders
Harrison,Precinct #1-Little Sioux,50.0,0.0,50.0,0.0,Sanders
Harrison,Precinct #5-Magnolia,60.0,0.0,40.0,0.0,Clinton
Harrison,Precinct #12 - Missouri Valley,46.667,0.0,53.333,0.0,Sanders
Harrison,Precinct #11 - St. John,42.857,0.0,57.143,0.0,Sanders
Harrison,Precinct #7 - Woodbine,37.5,0.0,62.5,0.0,Sanders
Harrison,Precinct #13-Persia,20.0,0.0,80.0,0.0,Sanders
Harrison,Precinct #8-Modale,50.0,0.0,50.0,0.0,Sanders
Harrison,Precinct #4-Mondamin,50.0,0.0,50.0,0.0,Sanders
Henry,Southeast Precinct,45.455,0.0,54.545,0.0,Sanders
Henry,Southwest Precinct,50.0,0.0,50.0,0.0,Sanders
Henry,Northeast Precinct,44.444,0.0,55.556,0.0,Sanders
Henry,Mt. Pleasant Ward 4,50.0,0.0,50.0,0.0,Sanders
Henry,Mt. Pleasant Ward 3,41.667,0.0,58.333,0.0,Sanders
Henry,Mt. Pleasant Ward 2,46.154,0.0,53.846,0.0,Sanders
Henry,Northwest Precinct,50.0,0.0,50.0,0.0,Sanders
Henry,Central Precinct,60.0,0.0,40.0,0.0,Clinton
Henry,Mt. Pleasant Ward 1,61.538,0.0,38.462,0.0,Clinton
Howard,Afton/Howard/Paris,54.545,0.0,45.455,0.0,Clinton
Howard,Saratoga/Howard Ctr/Chest,75.0,0.0,25.0,0.0,Clinton
Howard,Jamestown/Oakdale,75.0,0.0,25.0,0.0,Clinton
Howard,Cresco 3,40.0,0.0,60.0,0.0,Sanders
Howard,Cresco 2,20.0,0.0,80.0,0.0,Sanders
Howard,New Oregon,50.0,0.0,50.0,0.0,Sanders
Howard,Vernon Springs,44.444,0.0,55.556,0.0,Sanders
Howard,Cresco 1 A,40.0,0.0,60.0,0.0,Sanders
Howard,Albion/Forest City,50.0,0.0,50.0,0.0,Sanders
Humboldt,Dakota City-Grove,60.0,0.0,40.0,0.0,Clinton
Humboldt,Humboldt 3-South Rutland,60.0,0.0,40.0,0.0,Clinton
Humboldt,Humboldt 2-Beaver-South Norway,55.556,0.0,44.444,0.0,Clinton
Humboldt,Humboldt 1-Corinth-South Weaver,44.444,0.0,55.556,0.0,Sanders
Humboldt,North Lake-East Vernon,100.0,0.0,0.0,0.0,Clinton
Humboldt,Humboldt-West Vernon,50.0,0.0,50.0,0.0,Sanders
Humboldt,Delana-Wacousta-North Rutland,33.333,0.0,66.667,0.0,Sanders
Humboldt,Avery-North Weaver,66.667,0.0,33.333,0.0,Clinton
Humboldt,South Lake-North Norway,50.0,0.0,50.0,0.0,Sanders
Ida,City of Galva,0.0,0.0,100.0,0.0,Sanders
Ida,Ida Grove Ward 3,50.0,0.0,50.0,0.0,Sanders
Ida,Ida Grove Ward 2,66.667,0.0,33.333,0.0,Clinton
Ida,Ida Grove Ward 1,100.0,0.0,0.0,0.0,Clinton
Ida,City of Holstein,62.5,0.0,37.5,0.0,Clinton
Ida,City of Arthur,66.667,0.0,33.333,0.0,Clinton
Ida,City of Battle Creek & Grant Township,28.571,0.0,71.429,0.0,Sanders
Iowa,Hilton/Washington,50.0,0.0,50.0,0.0,Sanders
Iowa,Dayton/English I,100.0,0.0,0.0,0.0,Clinton
Iowa,English II,71.429,0.0,28.571,0.0,Clinton
Iowa,Fillmore/Greene,37.5,0.0,62.5,0.0,Sanders
Iowa,Honey Creek/Marengo Rural,50.0,0.0,50.0,0.0,Sanders
Iowa,Hartford II/Lincoln,66.667,0.0,33.333,0.0,Clinton
Iowa,Hartford I/Sumner,50.0,0.0,50.0,0.0,Sanders
Iowa,Lenox/Iowa,38.889,0.0,61.111,0.0,Sanders
Iowa,Marengo City,56.25,0.0,43.75,0.0,Clinton
Iowa,Pilot/Troy/York,33.333,0.0,66.667,0.0,Sanders
Iowa,Williamsburg,50.0,0.0,50.0,0.0,Sanders
Jackson,Jackson 1,50.0,0.0,50.0,0.0,Sanders
Jackson,Jackson 2,50.0,0.0,50.0,0.0,Sanders
Jackson,Jackson 14,66.667,0.0,33.333,0.0,Clinton
Jackson,Jackson 15,33.333,33.333,33.333,0.0,Sanders
Jackson,Jackson 16,50.0,25.0,25.0,0.0,Clinton
Jackson,Jackson 4,33.333,0.0,66.667,0.0,Sanders
Jackson,Jackson 5,50.0,0.0,50.0,0.0,Sanders
Jackson,Jackson 6,33.333,0.0,66.667,0.0,Sanders
Jackson,Jackson 7,50.0,0.0,50.0,0.0,Sanders
Jackson,Jackson 13,66.667,0.0,33.333,0.0,Clinton
Jackson,Jackson 12,66.667,0.0,33.333,0.0,Clinton
Jackson,Jackson 11,50.0,0.0,50.0,0.0,Sanders
Jackson,Jackson 10,50.0,0.0,50.0,0.0,Sanders
Jackson,Jackson 9,50.0,0.0,50.0,0.0,Sanders
Jackson,Jackson 3,50.0,0.0,50.0,0.0,Sanders
Jackson,Jackson 8,50.0,0.0,50.0,0.0,Sanders
Jasper,Palo Alto,60.0,0.0,40.0,0.0,Clinton
Jasper,Newton/Sherman,69.231,0.0,30.769,0.0,Clinton
Jasper,Mound Prairie/Washington,57.143,0.0,42.857,0.0,Clinton
Jasper,Indep/Malaka/Mariposa,50.0,0.0,50.0,0.0,Sanders
Jasper,HG/K/RC/BV/RL,43.75,12.5,43.75,0.0,Sanders
Jasper,Newton 4-2,50.0,0.0,50.0,0.0,Sanders
Jasper,Elk Creek/Lynngrove,25.0,25.0,50.0,0.0,Sanders
Jasper,Des Moines,36.364,0.0,63.636,0.0,Sanders
Jasper,Colfax Ward 1,25.0,0.0,75.0,0.0,Sanders
Jasper,Colfax Ward 2,40.0,0.0,60.0,0.0,Sanders
Jasper,Colfax Ward 3,50.0,0.0,50.0,0.0,Sanders
Jasper,Clear Creek/Poweshiek,55.556,0.0,44.444,0.0,Clinton
Jasper,Newton 1-1,38.462,15.385,46.154,0.0,Sanders
Jasper,Newton 1-2,63.636,0.0,36.364,0.0,Clinton
Jasper,Newton 2-1,50.0,0.0,50.0,0.0,Sanders
Jasper,Newton 2-2,60.0,0.0,40.0,0.0,Clinton
Jasper,Newton 3-1,57.143,0.0,42.857,0.0,Clinton
Jasper,Newton 3-2,36.364,18.182,45.455,0.0,Sanders
Jasper,Newton 4-1,66.667,0.0,33.333,0.0,Clinton
Jasper,Fairview,58.333,0.0,41.667,0.0,Clinton
Jefferson,Fairfield 2nd Ward,27.273,0.0,72.727,0.0,Sanders
Jefferson,Blackhawk-Polk-Packwood,0.0,0.0,100.0,0.0,Sanders
Jefferson,Des Moines-Liberty-Libertyville,0.0,0.0,100.0,0.0,Sanders
Jefferson,Fairfield 1st Ward,25.0,0.0,75.0,0.0,Sanders
Jefferson,Center-Cedar-Maharishi Vedic City,28.571,0.0,71.429,0.0,Sanders
Jefferson,"Lckrdge-Rnd Prairie-Walnut-Lckrdge City, Coppock",50.0,0.0,50.0,0.0,Sanders
Jefferson,Locust Grove-Batavia,50.0,0.0,50.0,0.0,Sanders
Jefferson,Fairfield 5th Ward,28.571,0.0,71.429,0.0,Sanders
Jefferson,Fairfield 4th Ward,22.222,0.0,77.778,0.0,Sanders
Jefferson,Fairfield 3rd Ward,25.0,0.0,75.0,0.0,Sanders
Jefferson,Penn-Pleasant Plain,0.0,0.0,100.0,0.0,Sanders
Jefferson,Buchanan Township,50.0,0.0,50.0,0.0,Sanders
Johnson,CEDAR TOWNSHIP,0.0,0.0,100.0,0.0,Sanders
Johnson,IOWA CITY 03,16.667,0.0,83.333,0.0,Sanders
Johnson,NORTH LIBERTY 04,50.0,0.0,50.0,0.0,Sanders
Johnson,NORTH LIBERTY 05,33.333,0.0,66.667,0.0,Sanders
Johnson,NL06/MADISON /CCN,37.5,0.0,62.5,0.0,Sanders
Johnson,NEWPORT TOWNSHIP,57.143,0.0,42.857,0.0,Clinton
Johnson,UNION TOWNSHIP,50.0,0.0,50.0,0.0,Sanders
Johnson,WASHINGTON TOWNSHIP,0.0,0.0,100.0,0.0,Sanders
Johnson,IOWA CITY 04,50.0,0.0,50.0,0.0,Sanders
Johnson,IOWA CITY 05,16.667,0.0,83.333,0.0,Sanders
Johnson,IOWA CITY 06,50.0,0.0,50.0,0.0,Sanders
Johnson,IOWA CITY 07,50.0,0.0,50.0,0.0,Sanders
Johnson,BIG GROVE TOWNSHIP,50.0,25.0,25.0,0.0,Clinton
Johnson,CLEAR CREEK/TIFFIN,33.333,0.0,66.667,0.0,Sanders
Johnson,CORALVILLE 01,28.571,0.0,71.429,0.0,Sanders
Johnson,CORALVILLE 02,57.143,0.0,42.857,0.0,Clinton
Johnson,CORALVILLE 03,50.0,0.0,50.0,0.0,Sanders
Johnson,CORALVILLE 04,28.571,0.0,71.429,0.0,Sanders
Johnson,CORALVILLE 05,42.857,0.0,57.143,0.0,Sanders
Johnson,CORALVILLE 06,57.143,0.0,42.857,0.0,Clinton
Johnson,CORALVILLE 07,50.0,0.0,50.0,0.0,Sanders
Johnson,GRAHAM TOWNSHIP,0.0,0.0,100.0,0.0,Sanders
Johnson,HARDIN TOWNSHIP,0.0,0.0,100.0,0.0,Sanders
Johnson,HILLS,50.0,0.0,50.0,0.0,Sanders
Johnson,IOWA CITY 01,54.545,0.0,45.455,0.0,Clinton
Johnson,IOWA CITY 02,44.444,0.0,55.556,0.0,Sanders
Johnson,IOWA CITY 13,28.571,0.0,71.429,0.0,Sanders
Johnson,IOWA CITY 14,33.333,0.0,66.667,0.0,Sanders
Johnson,IOWA CITY 15,33.333,0.0,66.667,0.0,Sanders
Johnson,IOWA CITY 16,40.0,0.0,60.0,0.0,Sanders
Johnson,IOWA CITY 17,33.333,0.0,66.667,0.0,Sanders
Johnson,IOWA CITY 18,33.333,0.0,66.667,0.0,Sanders
Johnson,FREMONT-LINCOLN,50.0,0.0,50.0,0.0,Sanders
Johnson,IOWA CITY 19,0.0,0.0,100.0,0.0,Sanders
Johnson,IOWA CITY 20,14.286,0.0,85.714,0.0,Sanders
Johnson,IOWA CITY 21,22.222,0.0,77.778,0.0,Sanders
Johnson,IOWA CITY 22,42.857,0.0,57.143,0.0,Sanders
Johnson,IOWA CITY 23,45.455,0.0,54.545,0.0,Sanders
Johnson,IOWA CITY 24,50.0,0.0,50.0,0.0,Sanders
Johnson,IOWA CITY 08,62.5,0.0,37.5,0.0,Clinton
Johnson,JW/MN/SW,40.0,0.0,60.0,0.0,Sanders
Johnson,LIBERTY-PLEASANT VALLEY,50.0,0.0,50.0,0.0,Sanders
Johnson,NORTH LIBERTY 01,33.333,0.0,66.667,0.0,Sanders
Johnson,NORTH LIBERTY 02,33.333,0.0,66.667,0.0,Sanders
Johnson,OXFORD TOWNSHIP/OXFORD,50.0,0.0,50.0,0.0,Sanders
Johnson,PENN/ EAST LUCAS NORTH,55.556,0.0,44.444,0.0,Clinton
Johnson,SCOTT TWP-WEST BRANCH,50.0,0.0,50.0,0.0,Sanders
Johnson,SHARON TOWNSHIP,100.0,0.0,0.0,0.0,Clinton
Johnson,SOLON,40.0,0.0,60.0,0.0,Sanders
Johnson,UNIVERSITY HEIGHTS,50.0,0.0,50.0,0.0,Sanders
Johnson,WEST LUCAS TOWNSHIP,33.333,0.0,66.667,0.0,Sanders
Johnson,IOWA CITY 09,44.444,0.0,55.556,0.0,Sanders
Johnson,IC 10/ELSW,33.333,0.0,66.667,0.0,Sanders
Johnson,IOWA CITY 11,16.667,0.0,83.333,0.0,Sanders
Johnson,IC 12/EAST LUCAS SE,37.5,0.0,62.5,0.0,Sanders
Johnson,JEFFERSON EAST/SHUEYVILLE,60.0,0.0,40.0,0.0,Clinton
Johnson,NORTH LIBERTY 03 (PW),50.0,0.0,50.0,0.0,Sanders
Jones,RLWS-RICHLAND WASHINGTON,50.0,0.0,50.0,0.0,Sanders
Jones,WY-WYOMING,33.333,0.0,66.667,0.0,Sanders
Jones,SGMC-SC GRV/MADISON/CLAY,50.0,0.0,50.0,0.0,Sanders
Jones,ROHA-ROME/HALE,40.0,0.0,60.0,0.0,Sanders
Jones,OX-OXFORD,50.0,0.0,50.0,0.0,Sanders
Jones,MN4-MONTICELLO 4,75.0,0.0,25.0,0.0,Clinton
Jones,MN3-MONTICELLO 3,25.0,0.0,75.0,0.0,Sanders
Jones,MN2-MONTICELLO 2,50.0,0.0,50.0,0.0,Sanders
Jones,MN1-MONTICELLO 1,25.0,0.0,75.0,0.0,Sanders
Jones,GF-GREENFIELD,33.333,0.0,66.667,0.0,Sanders
Jones,FV-FAIRVIEW,57.143,0.0,42.857,0.0,Clinton
Jones,CGLW-CASTLE GRV/LOV/WAYN,50.0,0.0,50.0,0.0,Sanders
Jones,ANS-ANAMOSA SOUTH/JACKSON,50.0,0.0,50.0,0.0,Sanders
Jones,ANN-ANAMOSA NORTH/CASS,44.444,0.0,55.556,0.0,Sanders
Keokuk,Sigourney 2nd Ward,100.0,0.0,0.0,0.0,Clinton
Keokuk,Lafayette/Clear Creek,50.0,0.0,50.0,0.0,Sanders
Keokuk,What Cheer/Washington,75.0,0.0,25.0,0.0,Clinton
Keokuk,Sigourney/Plank/Van Buren,66.667,0.0,33.333,0.0,Clinton
Keokuk,Sigourney 4th Ward,100.0,0.0,0.0,0.0,Clinton
Keokuk,Sigourney 3rd Ward,100.0,0.0,0.0,0.0,Clinton
Keokuk,Sigourney 1st Ward,50.0,0.0,50.0,0.0,Sanders
Keokuk,Richland,50.0,0.0,50.0,0.0,Sanders
Keokuk,Prairie,0.0,0.0,100.0,0.0,Sanders
Keokuk,English River/Liberty,50.0,0.0,50.0,0.0,Sanders
Keokuk,Benton/Steady Run,80.0,0.0,20.0,0.0,Clinton
Keokuk,Warren,50.0,0.0,50.0,0.0,Sanders
Keokuk,East/West Lancaster,0.0,0.0,100.0,0.0,Sanders
Keokuk,Jackson,50.0,50.0,0.0,0.0,O'Malley
Keokuk,Adams,50.0,0.0,50.0,0.0,Sanders
Kossuth,GW- SN,100.0,0.0,0.0,0.0,Clinton
Kossuth,CR 1,0.0,0.0,0.0,0.0,""
Kossuth,GM- RM,83.333,0.0,16.667,0.0,Clinton
Kossuth,CR 2,50.0,0.0,50.0,0.0,Sanders
Kossuth,IV- PC,100.0,0.0,0.0,0.0,Clinton
Kossuth,LC,100.0,0.0,0.0,0.0,Clinton
Kossuth,GF- WM,60.0,0.0,40.0,0.0,Clinton
Kossuth,LV- SM,66.667,0.0,33.333,0.0,Clinton
Kossuth,PC,100.0,0.0,0.0,0.0,Clinton
Kossuth,PR- WL,75.0,0.0,25.0,0.0,Clinton
Kossuth,UN,0.0,0.0,0.0,100.0,Uncommitted
Kossuth,AL1,66.667,0.0,33.333,0.0,Clinton
Kossuth,AL2,50.0,0.0,50.0,0.0,Sanders
Kossuth,AL3,60.0,0.0,40.0,0.0,Clinton
Kossuth,AL4,50.0,0.0,50.0,0.0,Sanders
Kossuth,BF- PT,60.0,20.0,20.0,0.0,Clinton
Kossuth,BT- FT- UN,50.0,0.0,50.0,0.0,Sanders
Kossuth,CR- IV- RV,83.333,0.0,16.667,0.0,Clinton
Kossuth,EG- GT- HS- SW,50.0,0.0,50.0,0.0,Sanders
Kossuth,HB- LY- LN- SF,25.0,25.0,50.0,0.0,Sanders
Lee,Montrose,50.0,0.0,50.0,0.0,Sanders
Lee,KE7,57.143,0.0,42.857,0.0,Clinton
Lee,KE6,57.143,0.0,42.857,0.0,Clinton
Lee,KE5,57.143,0.0,42.857,0.0,Clinton
Lee,KE4,50.0,0.0,50.0,0.0,Sanders
Lee,KE3,50.0,0.0,50.0,0.0,Sanders
Lee,KE2B,50.0,0.0,50.0,0.0,Sanders
Lee,KE1,40.0,0.0,60.0,0.0,Sanders
Lee,PILOT GROVE BANK COMM A,55.556,0.0,44.444,0.0,Clinton
Lee,Jefferson,60.0,0.0,40.0,0.0,Clinton
Lee,FM4B,66.667,0.0,33.333,0.0,Clinton
Lee,FM4A,50.0,0.0,50.0,0.0,Sanders
Lee,FM3,60.0,0.0,40.0,0.0,Clinton
Lee,FM2,37.5,0.0,62.5,0.0,Sanders
Lee,FM1,40.0,0.0,60.0,0.0,Sanders
Lee,Harrison,100.0,0.0,0.0,0.0,Clinton
Lee,Charleston/DSM/Van Buren,57.143,0.0,42.857,0.0,Clinton
Lee,Green Bay/Washington,54.545,0.0,45.455,0.0,Clinton
Lee,West Point/Pleasant Ridge/Denmark,64.286,0.0,35.714,0.0,Clinton
Lee,KE2A,50.0,0.0,50.0,0.0,Sanders
Lee,Jackson,57.143,0.0,42.857,0.0,Clinton
Lee,FM5,60.0,0.0,40.0,0.0,Clinton
Linn,Marion 13,33.333,0.0,66.667,0.0,Sanders
Linn,Marion 2,33.333,0.0,66.667,0.0,Sanders
Linn,Marion 7,50.0,0.0,50.0,0.0,Sanders
Linn,Marion 8,40.0,0.0,60.0,0.0,Sanders
Linn,Marion 9,50.0,0.0,50.0,0.0,Sanders
Linn,Marion 10,50.0,0.0,50.0,0.0,Sanders
Linn,Hiawatha 3,100.0,0.0,0.0,0.0,Clinton
Linn,Hiawatha 2,50.0,0.0,50.0,0.0,Sanders
Linn,Hiawatha 1,60.0,0.0,40.0,0.0,Clinton
Linn,Marion 14,50.0,0.0,50.0,0.0,Sanders
Linn,Mount Vernon north,66.667,0.0,33.333,0.0,Clinton
Linn,Cedar Rapids 5,50.0,0.0,50.0,0.0,Sanders
Linn,Cedar Rapids 10,50.0,0.0,50.0,0.0,Sanders
Linn,Cedar Rapids 11,50.0,0.0,50.0,0.0,Sanders
Linn,Cedar Rapids 44,33.333,0.0,66.667,0.0,Sanders
Linn,Cedar Rapids 12,60.0,0.0,40.0,0.0,Clinton
Linn,Cedar Rapids 13,40.0,0.0,60.0,0.0,Sanders
Linn,Cedar Rapids 14,50.0,0.0,50.0,0.0,Sanders
Linn,Fairfax City,33.333,0.0,66.667,0.0,Sanders
Linn,Cedar Rapids 15,50.0,0.0,50.0,0.0,Sanders
Linn,Cedar Rapids 16,40.0,0.0,60.0,0.0,Sanders
Linn,Putnam,50.0,0.0,50.0,0.0,Sanders
Linn,Otter Creek,50.0,0.0,50.0,0.0,Sanders
Linn,Monroe 2,50.0,0.0,50.0,0.0,Sanders
Linn,Monroe 1,66.667,0.0,33.333,0.0,Clinton
Linn,Marion township,50.0,0.0,50.0,0.0,Sanders
Linn,Maine,66.667,0.0,33.333,0.0,Clinton
Linn,Linn,0.0,0.0,100.0,0.0,Sanders
Linn,Jackson,50.0,0.0,50.0,0.0,Sanders
Linn,Bertram,60.0,0.0,40.0,0.0,Clinton
Linn,Franklin,40.0,20.0,40.0,0.0,Sanders
Linn,Fayette,50.0,0.0,50.0,0.0,Sanders
Linn,Fairfax Township,50.0,0.0,50.0,0.0,Sanders
Linn,College,0.0,0.0,100.0,0.0,Sanders
Linn,Clinton,100.0,0.0,0.0,0.0,Clinton
Linn,Buffalo,0.0,0.0,100.0,0.0,Sanders
Linn,Brown,33.333,0.0,66.667,0.0,Sanders
Linn,Cedar Rapids 42,33.333,0.0,66.667,0.0,Sanders
Linn,Cedar Rapids 41,50.0,0.0,50.0,0.0,Sanders
Linn,Cedar Rapids 40,50.0,0.0,50.0,0.0,Sanders
Linn,Cedar Rapids 39,50.0,0.0,50.0,0.0,Sanders
Linn,Cedar Rapids 38,40.0,0.0,60.0,0.0,Sanders
Linn,Cedar Rapids 37,42.857,0.0,57.143,0.0,Sanders
Linn,Cedar Rapids 36,57.143,0.0,42.857,0.0,Clinton
Linn,Cedar Rapids 35,40.0,0.0,60.0,0.0,Sanders
Linn,Cedar Rapids 34,40.0,0.0,60.0,0.0,Sanders
Linn,Cedar Rapids 33,33.333,0.0,66.667,0.0,Sanders
Linn,Cedar Rapids 32,40.0,0.0,60.0,0.0,Sanders
Linn,Cedar Rapids 31,60.0,0.0,40.0,0.0,Clinton
Linn,Cedar Rapids 30,50.0,0.0,50.0,0.0,Sanders
Linn,Cedar Rapids 29,50.0,0.0,50.0,0.0,Sanders
Linn,Cedar Rapids 28,50.0,0.0,50.0,0.0,Sanders
Linn,Cedar Rapids 27,60.0,0.0,40.0,0.0,Clinton
Linn,Cedar Rapids 26,42.857,0.0,57.143,0.0,Sanders
Linn,Cedar Rapids 25,57.143,0.0,42.857,0.0,Clinton
Linn,Cedar Rapids 17,40.0,0.0,60.0,0.0,Sanders
Linn,Cedar Rapids 18,25.0,0.0,75.0,0.0,Sanders
Linn,Cedar Rapids 19,50.0,0.0,50.0,0.0,Sanders
Linn,Cedar Rapids 20,50.0,0.0,50.0,0.0,Sanders
Linn,Cedar Rapids 21,50.0,0.0,50.0,0.0,Sanders
Linn,Cedar Rapids 22,33.333,0.0,66.667,0.0,Sanders
Linn,Cedar Rapids 23,40.0,0.0,60.0,0.0,Sanders
Linn,Cedar Rapids 24,50.0,0.0,50.0,0.0,Sanders
Linn,Mount Vernon South,33.333,0.0,66.667,0.0,Sanders
Linn,Robins,50.0,0.0,50.0,0.0,Sanders
Linn,Washington,60.0,0.0,40.0,0.0,Clinton
Linn,Spring Grove,100.0,0.0,0.0,0.0,Clinton
Linn,Cedar Rapids 43,25.0,0.0,75.0,0.0,Sanders
Linn,Marion 12,50.0,0.0,50.0,0.0,Sanders
Linn,Marion 11,50.0,0.0,50.0,0.0,Sanders
Linn,Marion 6,50.0,0.0,50.0,0.0,Sanders
Linn,Marion 5,50.0,0.0,50.0,0.0,Sanders
Linn,Marion 4,33.333,0.0,66.667,0.0,Sanders
Linn,Marion 3,50.0,0.0,50.0,0.0,Sanders
Linn,Marion 1,50.0,0.0,50.0,0.0,Sanders
Linn,Hiawatha4,0.0,0.0,100.0,0.0,Sanders
Linn,Cedar Rapids 9,50.0,0.0,50.0,0.0,Sanders
Linn,Cedar Rapids 8,50.0,0.0,50.0,0.0,Sanders
Linn,Cedar Rapids 7,33.333,0.0,66.667,0.0,Sanders
Linn,Cedar Rapids 6,50.0,0.0,50.0,0.0,Sanders
Linn,Cedar Rapids 4,66.667,0.0,33.333,0.0,Clinton
Linn,Cedar Rapids 3,66.667,0.0,33.333,0.0,Clinton
Linn,Cedar Rapids 2,50.0,0.0,50.0,0.0,Sanders
Linn,Cedar Rapids 1,50.0,0.0,50.0,0.0,Sanders
Linn,Boulder,0.0,0.0,100.0,0.0,Sanders
Linn,Grant,50.0,0.0,50.0,0.0,Sanders
Louisa,Columbus Junction,50.0,0.0,50.0,0.0,Sanders
Louisa,Southeast Louisa,56.25,0.0,43.75,0.0,Clinton
Louisa,Grandview-Port Louisa,50.0,10.0,40.0,0.0,Clinton
Louisa,Morning Sun - Marshall,66.667,0.0,33.333,0.0,Clinton
Louisa,West Louisa,60.0,0.0,40.0,0.0,Clinton
Lucas,Chariton Precinct 2,61.538,0.0,38.462,0.0,Clinton
Lucas,Lucas,66.667,0.0,33.333,0.0,Clinton
Lucas,Pine Oak Marsh,60.0,0.0,40.0,0.0,Clinton
Lucas,Williamson,42.857,0.0,57.143,0.0,Sanders
Lucas,City of Russell- Cedar and Washington Townships,66.667,0.0,33.333,0.0,Clinton
Lucas,Lucas-Extension Office Precinct,25.0,0.0,75.0,0.0,Sanders
Lucas,Chariton Precinct 1,71.429,0.0,28.571,0.0,Clinton
Lyon,Lyon County Precinct 7,40.0,0.0,60.0,0.0,Sanders
Lyon,Lyon County Precinct 1,40.0,0.0,60.0,0.0,Sanders
Lyon,Lyon County Precinct 8,66.667,0.0,33.333,0.0,Clinton
Lyon,Lyon County Precinct 2,50.0,0.0,50.0,0.0,Sanders
Lyon,Lyon County Precinct 3,0.0,0.0,100.0,0.0,Sanders
Lyon,Lyon County Precinct 4,50.0,16.667,33.333,0.0,Clinton
Lyon,Lyon County Precinct 5,0.0,0.0,100.0,0.0,Sanders
Lyon,Lyon County Precinct 6,0.0,0.0,100.0,0.0,Sanders
Madison,Winterset 2,54.545,0.0,45.455,0.0,Clinton
Madison,Grand River-Monroe-Webster,33.333,0.0,66.667,0.0,Sanders
Madison,Jackson-Douglas-Lincoln,60.0,0.0,40.0,0.0,Clinton
Madison,Jefferson-Lee,60.0,0.0,40.0,0.0,Clinton
Madison,Penn-Madison,42.857,0.0,57.143,0.0,Sanders
Madison,South,66.667,0.0,33.333,0.0,Clinton
Madison,Winterset 1,50.0,0.0,50.0,0.0,Sanders
Madison,Walnut-Ohio,40.0,0.0,60.0,0.0,Sanders
Madison,Union-Crawford-Scott,62.5,0.0,37.5,0.0,Clinton
Mahaska,OS4/LN,56.25,0.0,43.75,0.0,Clinton
Mahaska,OS3/UP,50.0,0.0,50.0,0.0,Sanders
Mahaska,BO/ST,66.667,0.0,33.333,0.0,Clinton
Mahaska,CE/HA/WO,55.556,0.0,44.444,0.0,Clinton
Mahaska,E-W DM/JF,75.0,0.0,25.0,0.0,Clinton
Mahaska,GF/LN/MD,50.0,0.0,50.0,0.0,Sanders
Mahaska,Oskaloosa 1st Ward,42.857,0.0,57.143,0.0,Sanders
Mahaska,Oskaloosa 2nd Ward,42.857,0.0,57.143,0.0,Sanders
Mahaska,AD/MN/PG/UN,75.0,0.0,25.0,0.0,Clinton
Mahaska,PR/RL,80.0,0.0,20.0,0.0,Clinton
Mahaska,SP/KE,80.0,0.0,20.0,0.0,Clinton
Marion,Pleasantville,50.0,0.0,50.0,0.0,Sanders
Marion,Dallas,57.143,0.0,42.857,0.0,Clinton
Marion,Washington Township,50.0,0.0,50.0,0.0,Sanders
Marion,Clay,50.0,50.0,0.0,0.0,O'Malley
Marion,Pella Three,57.143,14.286,28.571,0.0,Clinton
Marion,Indiana Township,33.333,0.0,66.667,0.0,Sanders
Marion,Knoxville One,57.143,0.0,42.857,0.0,Clinton
Marion,Knoxville Three,55.556,0.0,44.444,0.0,Clinton
Marion,Liberty,33.333,0.0,66.667,0.0,Sanders
Marion,Otley,40.0,0.0,60.0,0.0,Sanders
Marion,Knoxville Two,42.857,0.0,57.143,0.0,Sanders
Marion,Pella One,50.0,0.0,50.0,0.0,Sanders
Marion,Knoxville Four,60.0,0.0,40.0,0.0,Clinton
Marion,Knoxville Township,60.0,0.0,40.0,0.0,Clinton
Marion,Lake Prairie Township,50.0,0.0,50.0,0.0,Sanders
Marion,Pella Two,50.0,0.0,50.0,0.0,Sanders
Marion,Pella Four,20.0,0.0,80.0,0.0,Sanders
Marshall,JEFFERSON,50.0,0.0,50.0,0.0,Sanders
Marshall,TIMBER CREEK,50.0,0.0,50.0,0.0,Sanders
Marshall,EDEN / LOGAN,57.143,0.0,42.857,0.0,Clinton
Marshall,GREEN CASTLE,50.0,0.0,50.0,0.0,Sanders
Marshall,TAYLOR,40.0,0.0,60.0,0.0,Sanders
Marshall,LEGRAND,66.667,0.0,33.333,0.0,Clinton
Marshall,MARIETTA / WASHINGTON,33.333,0.0,66.667,0.0,Sanders
Marshall,MARION / VIENNA,60.0,0.0,40.0,0.0,Clinton
Marshall,MARSHALLTOWN 1-1,33.333,0.0,66.667,0.0,Sanders
Marshall,BANGOR/LISCOMB,33.333,0.0,66.667,0.0,Sanders
Marshall,MARSHALLTOWN 1-2,40.0,0.0,60.0,0.0,Sanders
Marshall,MARSHALLTOWN 2-1,38.462,0.0,61.538,0.0,Sanders
Marshall,MARSHALLTOWN 2-2,50.0,0.0,50.0,0.0,Sanders
Marshall,MARSHALLTOWN 3-1,50.0,0.0,50.0,0.0,Sanders
Marshall,MARSHALLTOWN 3-2,50.0,0.0,50.0,0.0,Sanders
Marshall,MARSHALLTOWN 4-1,38.462,0.0,61.538,0.0,Sanders
Marshall,MARSHALLTOWN 4-2,41.667,0.0,58.333,0.0,Sanders
Marshall,STATE CENTER,57.143,0.0,42.857,0.0,Clinton
Marshall,LIBERTY / MINERVA,66.667,0.0,33.333,0.0,Clinton
Mills,Silver City/Ingraham,100.0,0.0,0.0,0.0,Clinton
Mills,Pacific Junction/Lyons/Platville,33.333,0.0,66.667,0.0,Sanders
Mills,Oak/St. Mary,37.5,0.0,62.5,0.0,Sanders
Mills,Malvern/Tabor/Center Twp/Rawles Twp/Silver Creek,50.0,0.0,50.0,0.0,Sanders
Mills,Henderson/Anderson,0.0,0.0,100.0,0.0,Sanders
Mills,Glenwood Ward 1,50.0,0.0,50.0,0.0,Sanders
Mills,Glenwood Ward 2,40.0,0.0,60.0,0.0,Sanders
Mills,Emerson/Hastings/Indian Creek,100.0,0.0,0.0,0.0,Clinton
Mills,Deer Creek/White Cloud,100.0,0.0,0.0,0.0,Clinton
Mills,Glenwood Ward 3,57.143,0.0,42.857,0.0,Clinton
Mills,Glenwood Township,50.0,0.0,50.0,0.0,Sanders
Mitchell,Osage 4,55.556,0.0,44.444,0.0,Clinton
Mitchell,Mitchell 4,88.889,0.0,11.111,0.0,Clinton
Mitchell,Osage 2,57.143,0.0,42.857,0.0,Clinton
Mitchell,Mitchell 9,80.0,0.0,20.0,0.0,Clinton
Mitchell,Mitchell 10,50.0,0.0,50.0,0.0,Sanders
Mitchell,Osage 3,57.143,14.286,28.571,0.0,Clinton
Mitchell,Mitchell 3,62.5,0.0,37.5,0.0,Clinton
Mitchell,Mitchell 11,66.667,0.0,33.333,0.0,Clinton
Mitchell,Mitchell 1,60.0,0.0,40.0,0.0,Clinton
Mitchell,Mitchell 2,100.0,0.0,0.0,0.0,Clinton
Mitchell,Osage 1,62.5,0.0,37.5,0.0,Clinton
Monona,MH005,62.5,0.0,37.5,0.0,Clinton
Monona,AS-BV-KB-LN-NW FR-TU,57.143,0.0,42.857,0.0,Clinton
Monona,St. Clair- Ute,40.0,0.0,60.0,0.0,Sanders
Monona,SH010,40.0,20.0,40.0,0.0,Sanders
Monona,Onawa Ward 4,50.0,0.0,50.0,0.0,Sanders
Monona,Onawa Ward 3,85.714,0.0,14.286,0.0,Clinton
Monona,Onawa Ward 2- NE Franklin,50.0,0.0,50.0,0.0,Sanders
Monona,Onawa Ward 1,66.667,0.0,33.333,0.0,Clinton
Monona,CN002,75.0,0.0,25.0,0.0,Clinton
Monona,Fairview- Grant- Lake- Rodney- West Fork- Whiting,54.545,0.0,45.455,0.0,Clinton
Monona,CP003,66.667,0.0,33.333,0.0,Clinton
Monroe,No. 3-Albia Third Ward,25.0,25.0,50.0,0.0,Sanders
Monroe,No. 2-Albia Second Ward,37.5,25.0,37.5,0.0,Sanders
Monroe,Monroe Precinct 7,66.667,0.0,33.333,0.0,Clinton
Monroe,Monroe Precinct 6,40.0,0.0,60.0,0.0,Sanders
Monroe,Monroe Precinct 5,43.75,18.75,37.5,0.0,Clinton
Monroe,No. 1-Albia First Ward,50.0,12.5,37.5,0.0,Clinton
Monroe,No. 4-Albia Fourth Ward,44.444,0.0,55.556,0.0,Sanders
Montgomery,Montgomery Precinct 4,50.0,0.0,50.0,0.0,Sanders
Montgomery,Montgomery Precinct 7,50.0,0.0,50.0,0.0,Sanders
Montgomery,Montgomery Precinct 6,20.0,0.0,80.0,0.0,Sanders
Montgomery,Montgomery Precinct 5,50.0,0.0,50.0,0.0,Sanders
Montgomery,Montgomery Precinct 3,45.455,0.0,54.545,0.0,Sanders
Montgomery,Montgomery Precinct 2,27.273,0.0,72.727,0.0,Sanders
Montgomery,Montgomery Precinct 1,22.222,0.0,77.778,0.0,Sanders
Muscatine,West Liberty/Wapsie-WL1 C,60.0,0.0,40.0,0.0,Clinton
Muscatine,West Liberty 2,50.0,0.0,50.0,0.0,Sanders
Muscatine,Pike-City,66.667,0.0,33.333,0.0,Clinton
Muscatine,Orono-City,0.0,0.0,100.0,0.0,Sanders
Muscatine,Muscatine Tenth,44.444,0.0,55.556,0.0,Sanders
Muscatine,Muscatine Ninth,44.444,0.0,55.556,0.0,Sanders
Muscatine,Muscatine Eighth,50.0,0.0,50.0,0.0,Sanders
Muscatine,Muscatine Seventh,50.0,0.0,50.0,0.0,Sanders
Muscatine,Muscatine Fifth,42.857,0.0,57.143,0.0,Sanders
Muscatine,Wilton City,40.0,0.0,60.0,0.0,Sanders
Muscatine,Sweetland,42.857,0.0,57.143,0.0,Sanders
Muscatine,Muscatine Sixth,50.0,0.0,50.0,0.0,Sanders
Muscatine,Wilton/Moscow-Wilton,33.333,0.0,66.667,0.0,Sanders
Muscatine,Muscatine Third,37.5,0.0,62.5,0.0,Sanders
Muscatine,Muscatine First,44.444,0.0,55.556,0.0,Sanders
Muscatine,Seventy-Six/Cedar-Seventy,50.0,0.0,50.0,0.0,Sanders
Muscatine,Muscatine Fourth,28.571,0.0,71.429,0.0,Sanders
Muscatine,Fruitland One-City,40.0,0.0,60.0,0.0,Sanders
Muscatine,Fruitland Two/Lake-Fruitl,50.0,0.0,50.0,0.0,Sanders
Muscatine,Fulton/Montpelier-City,33.333,0.0,66.667,0.0,Sanders
Muscatine,Goshen-City,50.0,0.0,50.0,0.0,Sanders
Muscatine,Muscatine Second,55.556,0.0,44.444,0.0,Clinton
Muscatine,Bloomington,57.143,0.0,42.857,0.0,Clinton
O'Brien,Waterman-Grant-Liberty,33.333,16.667,50.0,0.0,Sanders
O'Brien,Union-Baker-Caledonia,71.429,0.0,28.571,0.0,Clinton
O'Brien,Sheldon 3rd Ward,60.0,0.0,40.0,0.0,Clinton
O'Brien,Sheldon 2nd Ward,20.0,0.0,80.0,0.0,Sanders
O'Brien,Sheldon 1st Ward,60.0,0.0,40.0,0.0,Clinton
O'Brien,Hartley-Lincoln-Omega,54.545,0.0,45.455,0.0,Clinton
O'Brien,Franklin,40.0,0.0,60.0,0.0,Sanders
O'Brien,Carroll-Floyd,50.0,0.0,50.0,0.0,Sanders
O'Brien,Summit-Center-Dale-Highland,55.556,0.0,44.444,0.0,Clinton
Osceola,Osceola 2 Precinct 0700,66.667,0.0,33.333,0.0,Clinton
Osceola,Ocheyedan Precinct 0500,66.667,0.0,33.333,0.0,Clinton
Osceola,Osceola 3 Precinct 0800,78.571,0.0,21.429,0.0,Clinton
Osceola,Ashton Precinct 0100,0.0,42.857,57.143,0.0,Sanders
Osceola,Harris Precinct 0200,100.0,0.0,0.0,0.0,Clinton
Osceola,May City Precint 0300,100.0,0.0,0.0,0.0,Clinton
Osceola,Melvin Precinct 0400,0.0,0.0,100.0,0.0,Sanders
Osceola,Osceola 1 Precinct 0600,33.333,0.0,66.667,0.0,Sanders
Page,Clarinda Ward 1,66.667,0.0,33.333,0.0,Clinton
Page,Shenandoah 1,25.0,0.0,75.0,0.0,Sanders
Page,Shenandoah 2,55.556,0.0,44.444,0.0,Clinton
Page,Shenandoah 3,55.556,0.0,44.444,0.0,Clinton
Page,"Pierce and Fremont Townships, Essex",40.0,0.0,60.0,0.0,Sanders
Page,Cx-Gr-Linc-Mort-Tarkio-Wash-Blan-Coin-Nboro,57.143,0.0,42.857,0.0,Clinton
Page,Clarinda Ward 2,41.176,0.0,58.824,0.0,Sanders
Page,Am-Bu-ER-Doug-Har-Neb-Nod-Val-Brad-CS-He-Sh-Yt,54.545,0.0,45.455,0.0,Clinton
Palo Alto,Emmetsburg Ward 1,57.143,0.0,42.857,0.0,Clinton
Palo Alto,EM Ward 4/FV/FR/VN/pt. EM,53.846,0.0,46.154,0.0,Clinton
Palo Alto,GR/RV/LI/pt. HL&WL,53.846,0.0,46.154,0.0,Clinton
Palo Alto,City of WB/EL/RL/BO/GO/NV,37.5,0.0,62.5,0.0,Sanders
Palo Alto,EM Ward 3/Ayrshire/pt. HL&WL&EM,50.0,0.0,50.0,0.0,Sanders
Palo Alto,Emmetsburg Ward 2,71.429,0.0,28.571,0.0,Clinton
Plymouth,Plymouth 7,60.0,0.0,40.0,0.0,Clinton
Plymouth,Plymouth 12/Le Mars 2,55.556,0.0,44.444,0.0,Clinton
Plymouth,Plymouth 13/Le Mars 3,42.857,0.0,57.143,0.0,Sanders
Plymouth,Plymouth 11/Le Mars 1,50.0,0.0,50.0,0.0,Sanders
Plymouth,Plymouth 2,50.0,0.0,50.0,0.0,Sanders
Plymouth,Plymouth 5,60.0,0.0,40.0,0.0,Clinton
Plymouth,Plymouth 3,50.0,0.0,50.0,0.0,Sanders
Plymouth,Plymouth 1,60.0,0.0,40.0,0.0,Clinton
Plymouth,Plymouth 10,60.0,0.0,40.0,0.0,Clinton
Plymouth,Plymouth 8,50.0,0.0,50.0,0.0,Sanders
Plymouth,Plymouth 9,66.667,0.0,33.333,0.0,Clinton
Plymouth,Plymouth 4,66.667,0.0,33.333,0.0,Clinton
Plymouth,Plymouth 6,50.0,0.0,50.0,0.0,Sanders
Pocahontas,Bellville-Lizard-S Lake-S Lincoln,100.0,0.0,0.0,0.0,Clinton
Pocahontas,DSM-Cummins-Pow-N Garf-N Sherm-N Roose,66.667,0.0,33.333,0.0,Clinton
Pocahontas,Swan Lake-N Marshall,40.0,0.0,60.0,0.0,Sanders
Pocahontas,Pocahontas #2,100.0,0.0,0.0,0.0,Clinton
Pocahontas,Pocahontas #1,61.538,15.385,23.077,0.0,Clinton
Pocahontas,Cedar-Colfax-Dover,57.143,0.0,42.857,0.0,Clinton
Pocahontas,Grant-S Marshall-S Sherman,100.0,0.0,0.0,0.0,Clinton
Polk,ANKENY-8,57.143,0.0,42.857,0.0,Clinton
Polk,ANKENY-9,42.857,0.0,57.143,0.0,Sanders
Polk,ANKENY-10,57.143,0.0,42.857,0.0,Clinton
Polk,ANKENY-11,50.0,0.0,50.0,0.0,Sanders
Polk,ANKENY-12,50.0,0.0,50.0,0.0,Sanders
Polk,ANKENY-13,66.667,0.0,33.333,0.0,Clinton
Polk,ANKENY-14,50.0,0.0,50.0,0.0,Sanders
Polk,ANKENY-15,42.857,0.0,57.143,0.0,Sanders
Polk,DES MOINES-10,55.556,0.0,44.444,0.0,Clinton
Polk,DES MOINES-11,55.556,0.0,44.444,0.0,Clinton
Polk,DES MOINES-12,40.0,0.0,60.0,0.0,Sanders
Polk,DES MOINES-13,50.0,0.0,50.0,0.0,Sanders
Polk,DES MOINES-14,50.0,0.0,50.0,0.0,Sanders
Polk,DES MOINES-15,53.333,0.0,46.667,0.0,Clinton
Polk,DES MOINES-16,46.154,0.0,53.846,0.0,Sanders
Polk,DES MOINES-17,42.857,0.0,57.143,0.0,Sanders
Polk,DES MOINES-18,60.0,0.0,40.0,0.0,Clinton
Polk,DES MOINES-19,40.0,0.0,60.0,0.0,Sanders
Polk,DES MOINES-20,50.0,0.0,50.0,0.0,Sanders
Polk,DES MOINES-21,50.0,0.0,50.0,0.0,Sanders
Polk,DES MOINES-22,42.857,0.0,57.143,0.0,Sanders
Polk,DES MOINES-23,57.143,0.0,42.857,0.0,Clinton
Polk,DES MOINES-24,50.0,0.0,50.0,0.0,Sanders
Polk,DES MOINES-25,50.0,0.0,50.0,0.0,Sanders
Polk,DES MOINES-26,55.556,0.0,44.444,0.0,Clinton
Polk,DES MOINES-27,57.143,0.0,42.857,0.0,Clinton
Polk,DES MOINES-28,60.0,0.0,40.0,0.0,Clinton
Polk,DES MOINES-29,66.667,0.0,33.333,0.0,Clinton
Polk,DES MOINES-30,50.0,0.0,50.0,0.0,Sanders
Polk,DES MOINES-31,50.0,0.0,50.0,0.0,Sanders
Polk,DES MOINES-32,57.143,0.0,42.857,0.0,Clinton
Polk,DES MOINES-33,50.0,16.667,33.333,0.0,Clinton
Polk,DES MOINES-34,50.0,0.0,50.0,0.0,Sanders
Polk,DES MOINES-35,66.667,0.0,33.333,0.0,Clinton
Polk,DES MOINES-36,75.0,0.0,25.0,0.0,Clinton
Polk,DES MOINES-37,33.333,0.0,66.667,0.0,Sanders
Polk,DES MOINES-38,20.0,20.0,60.0,0.0,Sanders
Polk,DES MOINES-39,50.0,0.0,50.0,0.0,Sanders
Polk,DES MOINES-40,20.0,20.0,60.0,0.0,Sanders
Polk,DES MOINES-41,42.857,0.0,57.143,0.0,Sanders
Polk,DES MOINES-42,41.667,0.0,58.333,0.0,Sanders
Polk,DES MOINES-43,55.556,0.0,44.444,0.0,Clinton
Polk,DES MOINES-44,45.455,0.0,54.545,0.0,Sanders
Polk,DES MOINES-45,33.333,0.0,66.667,0.0,Sanders
Polk,DES MOINES-46,57.143,0.0,42.857,0.0,Clinton
Polk,DES MOINES-47,50.0,0.0,50.0,0.0,Sanders
Polk,DES MOINES-48,100.0,0.0,0.0,0.0,Clinton
Polk,DES MOINES-49,66.667,0.0,33.333,0.0,Clinton
Polk,DES MOINES-50,50.0,0.0,50.0,0.0,Sanders
Polk,DES MOINES-51,40.0,0.0,60.0,0.0,Sanders
Polk,DES MOINES-52,40.0,0.0,60.0,0.0,Sanders
Polk,DES MOINES-53,50.0,0.0,50.0,0.0,Sanders
Polk,DES MOINES-54,33.333,0.0,66.667,0.0,Sanders
Polk,DES MOINES-55,50.0,0.0,50.0,0.0,Sanders
Polk,DES MOINES-56,37.5,0.0,62.5,0.0,Sanders
Polk,DES MOINES-57,33.333,16.667,50.0,0.0,Sanders
Polk,DES MOINES-58,40.0,0.0,60.0,0.0,Sanders
Polk,DES MOINES-60,55.556,0.0,44.444,0.0,Clinton
Polk,DES MOINES-61,62.5,0.0,37.5,0.0,Clinton
Polk,DES MOINES-62,66.667,0.0,33.333,0.0,Clinton
Polk,DES MOINES-63,55.556,0.0,44.444,0.0,Clinton
Polk,DES MOINES-64,62.5,0.0,37.5,0.0,Clinton
Polk,DES MOINES-65,66.667,0.0,33.333,0.0,Clinton
Polk,DES MOINES-66,54.545,0.0,45.455,0.0,Clinton
Polk,DES MOINES-67,50.0,0.0,50.0,0.0,Sanders
Polk,DES MOINES-68,50.0,0.0,50.0,0.0,Sanders
Polk,DES MOINES-69,50.0,0.0,50.0,0.0,Sanders
Polk,DES MOINES-70,60.0,0.0,40.0,0.0,Clinton
Polk,DES MOINES-71,55.556,0.0,44.444,0.0,Clinton
Polk,DES MOINES-72,0.0,0.0,100.0,0.0,Sanders
Polk,DES MOINES-73,57.143,0.0,42.857,0.0,Clinton
Polk,DES MOINES-74,66.667,0.0,33.333,0.0,Clinton
Polk,DES MOINES-75,57.143,0.0,42.857,0.0,Clinton
Polk,DES MOINES-76,50.0,0.0,50.0,0.0,Sanders
Polk,DES MOINES-77,57.143,0.0,42.857,0.0,Clinton
Polk,DES MOINES-78,42.857,0.0,57.143,0.0,Sanders
Polk,DES MOINES-79,33.333,0.0,66.667,0.0,Sanders
Polk,DES MOINES-81,42.857,0.0,57.143,0.0,Sanders
Polk,DES MOINES-82,66.667,0.0,33.333,0.0,Clinton
Polk,DES MOINES-83,44.444,0.0,55.556,0.0,Sanders
Polk,DES MOINES-84,60.0,0.0,40.0,0.0,Clinton
Polk,URBANDALE-4,62.5,0.0,37.5,0.0,Clinton
Polk,URBANDALE-5,50.0,0.0,50.0,0.0,Sanders
Polk,URBANDALE-6,60.0,0.0,40.0,0.0,Clinton
Polk,URBANDALE-7,62.5,0.0,37.5,0.0,Clinton
Polk,URBANDALE-8,55.556,0.0,44.444,0.0,Clinton
Polk,URBANDALE-9,55.556,0.0,44.444,0.0,Clinton
Polk,URBANDALE-10,71.429,0.0,28.571,0.0,Clinton
Polk,URBANDALE-11,66.667,0.0,33.333,0.0,Clinton
Polk,WDM-111,42.857,0.0,57.143,0.0,Sanders
Polk,WDM-112,50.0,0.0,50.0,0.0,Sanders
Polk,WDM-113,37.5,0.0,62.5,0.0,Sanders
Polk,WDM-114,60.0,0.0,40.0,0.0,Clinton
Polk,WDM-115,66.667,0.0,33.333,0.0,Clinton
Polk,WDM-116,50.0,0.0,50.0,0.0,Sanders
Polk,WDM-117,62.5,0.0,37.5,0.0,Clinton
Polk,WDM-118,50.0,0.0,50.0,0.0,Sanders
Polk,WDM-211,50.0,0.0,50.0,0.0,Sanders
Polk,WDM-212,55.556,0.0,44.444,0.0,Clinton
Polk,WDM-213,50.0,0.0,50.0,0.0,Sanders
Polk,WDM-311,50.0,16.667,33.333,0.0,Clinton
Polk,WDM-312,57.143,0.0,42.857,0.0,Clinton
Polk,WDM-313,66.667,0.0,33.333,0.0,Clinton
Polk,WDM-314,50.0,0.0,50.0,0.0,Sanders
Polk,WDM-315,57.143,0.0,42.857,0.0,Clinton
Polk,WINDSOR HEIGHTS-3,37.5,0.0,62.5,0.0,Sanders
Polk,WINDSOR HEIGHTS-2,66.667,0.0,33.333,0.0,Clinton
Polk,WINDSOR HEIGHTS-1,60.0,0.0,40.0,0.0,Clinton
Polk,WEBSTER-1,50.0,0.0,50.0,0.0,Sanders
Polk,WASHINGTON-1,100.0,0.0,0.0,0.0,Clinton
Polk,URBANDALE-3,55.556,0.0,44.444,0.0,Clinton
Polk,URBANDALE-2,55.556,0.0,44.444,0.0,Clinton
Polk,URBANDALE-1,62.5,0.0,37.5,0.0,Clinton
Polk,SHELDAHL-1,100.0,0.0,0.0,0.0,Clinton
Polk,SAYLOR-2,50.0,0.0,50.0,0.0,Sanders
Polk,SAYLOR-1,62.5,0.0,37.5,0.0,Clinton
Polk,RUNNELLS-1,60.0,0.0,40.0,0.0,Clinton
Polk,POLK CITY-1,55.556,0.0,44.444,0.0,Clinton
Polk,PLEASANT HILL-3,42.857,0.0,57.143,0.0,Sanders
Polk,PLEASANT HILL-2,62.5,0.0,37.5,0.0,Clinton
Polk,PLEASANT HILL-1,44.444,0.0,55.556,0.0,Sanders
Polk,MITCHELLVILLE-1,50.0,0.0,50.0,0.0,Sanders
Polk,MADISON-1,0.0,0.0,100.0,0.0,Sanders
Polk,JOHNSTON-6,75.0,0.0,25.0,0.0,Clinton
Polk,JOHNSTON-5,60.0,0.0,40.0,0.0,Clinton
Polk,JOHNSTON-4,71.429,0.0,28.571,0.0,Clinton
Polk,JOHNSTON-3,66.667,0.0,33.333,0.0,Clinton
Polk,JOHNSTON-2,55.556,0.0,44.444,0.0,Clinton
Polk,JOHNSTON-1,55.556,0.0,44.444,0.0,Clinton
Polk,JEFFERSON-1,75.0,0.0,25.0,0.0,Clinton
Polk,GRIMES-3,60.0,0.0,40.0,0.0,Clinton
Polk,GRIMES-2,50.0,0.0,50.0,0.0,Sanders
Polk,GRIMES-1,50.0,12.5,37.5,0.0,Clinton
Polk,GRANGER-1,0.0,0.0,100.0,0.0,Sanders
Polk,FRANKLIN-1,66.667,0.0,33.333,0.0,Clinton
Polk,FOUR MILE-1,66.667,0.0,33.333,0.0,Clinton
Polk,ELKHART-1,33.333,33.333,33.333,0.0,Sanders
Polk,DOUGLAS-1,100.0,0.0,0.0,0.0,Clinton
Polk,DES MOINES-9,44.444,0.0,55.556,0.0,Sanders
Polk,DES MOINES-8,50.0,0.0,50.0,0.0,Sanders
Polk,DES MOINES-7,50.0,0.0,50.0,0.0,Sanders
Polk,DES MOINES-6,60.0,0.0,40.0,0.0,Clinton
Polk,DES MOINES-5,50.0,0.0,50.0,0.0,Sanders
Polk,DES MOINES-4,66.667,0.0,33.333,0.0,Clinton
Polk,DES MOINES-3,70.0,0.0,30.0,0.0,Clinton
Polk,DES MOINES-2,42.857,0.0,57.143,0.0,Sanders
Polk,DES MOINES-1,66.667,0.0,33.333,0.0,Clinton
Polk,DELAWARE-2,50.0,0.0,50.0,0.0,Sanders
Polk,DELAWARE-1,57.143,0.0,42.857,0.0,Clinton
Polk,CROCKER-2,66.667,0.0,33.333,0.0,Clinton
Polk,CROCKER-1,66.667,0.0,33.333,0.0,Clinton
Polk,CLIVE-4,71.429,0.0,28.571,0.0,Clinton
Polk,CLIVE-3,66.667,0.0,33.333,0.0,Clinton
Polk,CLIVE-2,57.143,0.0,42.857,0.0,Clinton
Polk,CLIVE-1,40.0,0.0,60.0,0.0,Sanders
Polk,CLAY-1,33.333,33.333,33.333,0.0,Sanders
Polk,BONDURANT-2,40.0,0.0,60.0,0.0,Sanders
Polk,BONDURANT-1,20.0,0.0,80.0,0.0,Sanders
Polk,ANKENY-7,42.857,0.0,57.143,0.0,Sanders
Polk,ANKENY-6,62.5,0.0,37.5,0.0,Clinton
Polk,ANKENY-5,44.444,0.0,55.556,0.0,Sanders
Polk,ANKENY-4,50.0,0.0,50.0,0.0,Sanders
Polk,ANKENY-3,50.0,0.0,50.0,0.0,Sanders
Polk,ANKENY-2,71.429,0.0,28.571,0.0,Clinton
Polk,ANKENY-1,50.0,0.0,50.0,0.0,Sanders
Polk,ALTOONA-5,57.143,0.0,42.857,0.0,Clinton
Polk,ALTOONA-4,55.556,0.0,44.444,0.0,Clinton
Polk,ALTOONA-3,50.0,0.0,50.0,0.0,Sanders
Polk,ALTOONA-2,50.0,0.0,50.0,0.0,Sanders
Polk,ALTOONA-1,50.0,0.0,50.0,0.0,Sanders
Polk,ALLEN-1,0.0,0.0,100.0,0.0,Sanders
Polk,ALLEMAN-1,50.0,0.0,50.0,0.0,Sanders
Polk,WDM-316,62.5,0.0,37.5,0.0,Clinton
Polk,WDM-317,71.429,0.0,28.571,0.0,Clinton
Polk,WDM-318,50.0,0.0,50.0,0.0,Sanders
Polk,DES MOINES-59,40.0,0.0,60.0,0.0,Sanders
Polk,DES MOINES-80,45.455,0.0,54.545,0.0,Sanders
Pottawattamie,Avoca,30.0,0.0,70.0,0.0,Sanders
Pottawattamie,Carson,75.0,0.0,25.0,0.0,Clinton
Pottawattamie,CB 01,55.556,0.0,44.444,0.0,Clinton
Pottawattamie,CB 02,46.154,0.0,53.846,0.0,Sanders
Pottawattamie,Crescent,57.143,0.0,42.857,0.0,Clinton
Pottawattamie,Garner,46.154,0.0,53.846,0.0,Sanders
Pottawattamie,GLWCW,33.333,0.0,66.667,0.0,Sanders
Pottawattamie,Hancock,0.0,0.0,100.0,0.0,Sanders
Pottawattamie,Lewis 1,54.545,0.0,45.455,0.0,Clinton
Pottawattamie,Lewis 2,63.636,0.0,36.364,0.0,Clinton
Pottawattamie,Macedonia,100.0,0.0,0.0,0.0,Clinton
Pottawattamie,McClelland,66.667,0.0,33.333,0.0,Clinton
Pottawattamie,Minden,50.0,0.0,50.0,0.0,Sanders
Pottawattamie,Neola,57.143,0.0,42.857,0.0,Clinton
Pottawattamie,Oakland,42.857,0.0,57.143,0.0,Sanders
Pottawattamie,Treynor,33.333,0.0,66.667,0.0,Sanders
Pottawattamie,CB 07,46.667,0.0,53.333,0.0,Sanders
Pottawattamie,Walnut,60.0,0.0,40.0,0.0,Clinton
Pottawattamie,Carter Lake 2,62.5,0.0,37.5,0.0,Clinton
Pottawattamie,Carter Lake 1,57.143,0.0,42.857,0.0,Clinton
Pottawattamie,CB 21,33.333,0.0,66.667,0.0,Sanders
Pottawattamie,CB 20,55.556,0.0,44.444,0.0,Clinton
Pottawattamie,CB 19,50.0,0.0,50.0,0.0,Sanders
Pottawattamie,CB 18,50.0,0.0,50.0,0.0,Sanders
Pottawattamie,CB 17,40.0,0.0,60.0,0.0,Sanders
Pottawattamie,CB 16,50.0,0.0,50.0,0.0,Sanders
Pottawattamie,CB 15,45.455,0.0,54.545,0.0,Sanders
Pottawattamie,CB 14,50.0,0.0,40.0,10.0,Clinton
Pottawattamie,CB 13,40.0,0.0,60.0,0.0,Sanders
Pottawattamie,CB 12,50.0,0.0,50.0,0.0,Sanders
Pottawattamie,CB 11,37.5,0.0,62.5,0.0,Sanders
Pottawattamie,CB 10B,63.636,0.0,36.364,0.0,Clinton
Pottawattamie,CB 10A,66.667,0.0,33.333,0.0,Clinton
Pottawattamie,CB 09,53.846,0.0,46.154,0.0,Clinton
Pottawattamie,CB 08,52.941,0.0,47.059,0.0,Clinton
Pottawattamie,CB 03,54.545,0.0,45.455,0.0,Clinton
Pottawattamie,CB 04,54.545,0.0,45.455,0.0,Clinton
Pottawattamie,CB 05,25.0,0.0,75.0,0.0,Sanders
Pottawattamie,CB 06,33.333,0.0,66.667,0.0,Sanders
Pottawattamie,Underwood,46.154,0.0,53.846,0.0,Sanders
Poweshiek,CGWS,50.0,0.0,50.0,0.0,Sanders
Poweshiek,4TH WARD - 09.09GR,50.0,0.0,50.0,0.0,Sanders
Poweshiek,3RD WARD - 08.08GR,42.857,0.0,57.143,0.0,Sanders
Poweshiek,2ND WARD - 07.07GR,52.381,0.0,47.619,0.0,Clinton
Poweshiek,1ST WARD - 06.06GR,30.769,0.0,69.231,0.0,Sanders
Poweshiek,MONTEZUMA - 11.11MO,42.857,0.0,57.143,0.0,Sanders
Poweshiek,BMWJ,56.25,0.0,43.75,0.0,Clinton
Poweshiek,DRL,50.0,0.0,50.0,0.0,Sanders
Poweshiek,MS,60.0,0.0,40.0,0.0,Clinton
Poweshiek,JUPS,62.5,0.0,37.5,0.0,Clinton
Ringgold,Clinton,66.667,0.0,33.333,0.0,Clinton
Ringgold,Athens,80.0,0.0,20.0,0.0,Clinton
Ringgold,Mount Ayr 1,60.0,0.0,40.0,0.0,Clinton
Ringgold,Tingley,50.0,0.0,50.0,0.0,Sanders
Ringgold,Union,71.429,0.0,28.571,0.0,Clinton
Ringgold,Washington,58.333,0.0,41.667,0.0,Clinton
Ringgold,Mount Ayr 2,71.429,0.0,28.571,0.0,Clinton
Sac,Auburn,50.0,0.0,50.0,0.0,Sanders
Sac,Schaller,71.429,0.0,28.571,0.0,Clinton
Sac,Nemaha,50.0,0.0,50.0,0.0,Sanders
Sac,Sac City,44.444,0.0,55.556,0.0,Sanders
Sac,Odebolt,66.667,0.0,33.333,0.0,Clinton
Sac,Early,50.0,0.0,50.0,0.0,Sanders
Sac,Lytton,66.667,0.0,33.333,0.0,Clinton
Sac,Lake View,63.636,0.0,36.364,0.0,Clinton
Sac,Wall Lake,40.0,0.0,60.0,0.0,Sanders
Scott,(BU) Buffalo Township,60.0,0.0,40.0,0.0,Clinton
Scott,(BG) Blue Grass Township,50.0,0.0,50.0,0.0,Sanders
Scott,(BF) City of Buffalo,50.0,0.0,50.0,0.0,Sanders
Scott,(B52) City of Bettendorf,60.0,0.0,40.0,0.0,Clinton
Scott,(B51) City of Bettendorf,50.0,0.0,50.0,0.0,Sanders
Scott,(B42) City of Bettendorf,50.0,0.0,50.0,0.0,Sanders
Scott,(B41) City of Bettendorf,50.0,0.0,50.0,0.0,Sanders
Scott,(B32) City of Bettendorf,50.0,0.0,50.0,0.0,Sanders
Scott,(B31) City of Bettendorf,40.0,0.0,60.0,0.0,Sanders
Scott,(B23) City of Bettendorf,0.0,0.0,100.0,0.0,Sanders
Scott,(B22) City of Bettendorf,50.0,0.0,50.0,0.0,Sanders
Scott,(B21) City of Bettendorf,50.0,0.0,50.0,0.0,Sanders
Scott,(B12) City of Bettendorf,50.0,0.0,50.0,0.0,Sanders
Scott,(B11) City of Bettendorf,50.0,0.0,50.0,0.0,Sanders
Scott,(AG) Allen's Grove Township,0.0,0.0,100.0,0.0,Sanders
Scott,(D84) City of Davenport,66.667,0.0,33.333,0.0,Clinton
Scott,(D83) City of Davenport,66.667,0.0,33.333,0.0,Clinton
Scott,(D82) City of Davenport,71.429,0.0,28.571,0.0,Clinton
Scott,(D81) City of Davenport,50.0,0.0,50.0,0.0,Sanders
Scott,(D74) City of Davenport,50.0,0.0,50.0,0.0,Sanders
Scott,(D73) City of Davenport,50.0,0.0,50.0,0.0,Sanders
Scott,(D72) City of Davenport,50.0,0.0,50.0,0.0,Sanders
Scott,(D71) City of Davenport,50.0,0.0,50.0,0.0,Sanders
Scott,(D64) City of Davenport,50.0,0.0,50.0,0.0,Sanders
Scott,(D63) City of Davenport,50.0,0.0,50.0,0.0,Sanders
Scott,(D62) City of Davenport,50.0,25.0,25.0,0.0,Clinton
Scott,(D61) City of Davenport,50.0,0.0,50.0,0.0,Sanders
Scott,(D54) City of Davenport,40.0,0.0,60.0,0.0,Sanders
Scott,(D53) City of Davenport,50.0,0.0,50.0,0.0,Sanders
Scott,(D52) City of Davenport,40.0,0.0,60.0,0.0,Sanders
Scott,(D51) City of Davenport,42.857,0.0,57.143,0.0,Sanders
Scott,(D44) City of Davenport,40.0,0.0,60.0,0.0,Sanders
Scott,(WF) Winfield Township,100.0,0.0,0.0,0.0,Clinton
Scott,(WC) Walcott Precinct,66.667,0.0,33.333,0.0,Clinton
Scott,(RV) City of Riverdale,0.0,0.0,100.0,0.0,Sanders
Scott,(PV) Pleasant Valley,50.0,0.0,50.0,0.0,Sanders
Scott,(PR) Princeton Township,50.0,0.0,50.0,0.0,Sanders
Scott,(PKV) Park View,50.0,0.0,50.0,0.0,Sanders
Scott,(MC) McCausland,0.0,0.0,100.0,0.0,Sanders
Scott,(LG) City of Long Grove,0.0,0.0,100.0,0.0,Sanders
Scott,(LCT) LeClaire Township,50.0,0.0,50.0,0.0,Sanders
Scott,(LC2) City of LeClaire,50.0,0.0,50.0,0.0,Sanders
Scott,(LC1) City of LeClaire,50.0,0.0,50.0,0.0,Sanders
Scott,(LB) Liberty Township,0.0,0.0,100.0,0.0,Sanders
Scott,(HG) Hickory Grove Township,100.0,0.0,0.0,0.0,Clinton
Scott,(EL2) City of Eldridge,60.0,0.0,40.0,0.0,Clinton
Scott,(EL1) City of Eldridge,60.0,0.0,40.0,0.0,Clinton
Scott,(DH) City of Donahue,100.0,0.0,0.0,0.0,Clinton
Scott,(D43) City of Davenport,40.0,0.0,60.0,0.0,Sanders
Scott,(D42) City of Davenport,40.0,0.0,60.0,0.0,Sanders
Scott,(D41) City of Davenport,42.857,0.0,57.143,0.0,Sanders
Scott,(D34) City of Davenport,40.0,0.0,60.0,0.0,Sanders
Scott,(D11) City of Davenport,60.0,0.0,40.0,0.0,Clinton
Scott,(D32) City of Davenport,50.0,0.0,50.0,0.0,Sanders
Scott,(D31) City of Davenport,40.0,0.0,60.0,0.0,Sanders
Scott,(D24) City of Davenport,50.0,0.0,50.0,0.0,Sanders
Scott,(D23) City of Davenport,50.0,0.0,50.0,0.0,Sanders
Scott,(D22) City of Davenport,50.0,0.0,50.0,0.0,Sanders
Scott,(D21) City of Davenport,50.0,0.0,50.0,0.0,Sanders
Scott,(D14) City of Davenport,40.0,0.0,60.0,0.0,Sanders
Scott,(D13) City of Davenport,57.143,0.0,42.857,0.0,Clinton
Scott,(D12) City of Davenport,33.333,0.0,66.667,0.0,Sanders
Scott,(D33) City of Davenport,25.0,0.0,75.0,0.0,Sanders
Shelby,Cass-Center-Jackson-Lincoln,41.667,0.0,58.333,0.0,Sanders
Shelby,Clay-Monroe,33.333,0.0,66.667,0.0,Sanders
Shelby,Harlan 4,30.0,0.0,70.0,0.0,Sanders
Shelby,Fairview-Shelby,11.111,0.0,88.889,0.0,Sanders
Shelby,Grove-Union-Washington-Westphalia,44.444,0.0,55.556,0.0,Sanders
Shelby,Harlan 1,20.0,0.0,80.0,0.0,Sanders
Shelby,Harlan 2,50.0,0.0,50.0,0.0,Sanders
Shelby,Harlan 3,76.923,0.0,23.077,0.0,Clinton
Shelby,Douglas-Greeley-Jefferson-Polk,55.556,0.0,44.444,0.0,Clinton
Sioux,Sherman,100.0,0.0,0.0,0.0,Clinton
Sioux,Sioux Center Central,20.0,0.0,80.0,0.0,Sanders
Sioux,Rock Valley West/Rock,100.0,0.0,0.0,0.0,Clinton
Sioux,Rock Valley East,66.667,0.0,33.333,0.0,Clinton
Sioux,Reading/Center South,50.0,0.0,50.0,0.0,Sanders
Sioux,PL/GF/ST/SX/EG N,100.0,0.0,0.0,0.0,Clinton
Sioux,OC2/Holland E/NS 4-9,22.222,0.0,77.778,0.0,Sanders
Sioux,Sioux Center South,40.0,0.0,60.0,0.0,Sanders
Sioux,SCN/Capel/Welcome,33.333,0.0,66.667,0.0,Sanders
Sioux,OC 1/Holland West,25.0,0.0,75.0,0.0,Sanders
Sioux,West Branch/Center North,100.0,0.0,0.0,0.0,Clinton
Sioux,Lincoln,66.667,0.0,0.0,33.333,Clinton
Sioux,HW/BC/LG/WA/EG S,46.667,0.0,53.333,0.0,Sanders
Sioux,Grant/Sheridan,50.0,0.0,50.0,0.0,Sanders
Sioux,Floyd/Lynn,66.667,0.0,33.333,0.0,Clinton
Sioux,Alton/Nassau/East Orange,62.5,0.0,37.5,0.0,Clinton
Story,Grant Township,100.0,0.0,0.0,0.0,Clinton
Story,Ames 4-1,25.0,0.0,75.0,0.0,Sanders
Story,Ames 3-4,33.333,0.0,66.667,0.0,Sanders
Story,Ames 3-3,20.0,0.0,80.0,0.0,Sanders
Story,Ames 3-2,25.0,0.0,75.0,0.0,Sanders
Story,Ames 1-2,37.5,0.0,62.5,0.0,Sanders
Story,Ames 3-1,33.333,0.0,66.667,0.0,Sanders
Story,Ames 4-2,0.0,0.0,100.0,0.0,Sanders
Story,Ames 4-3,0.0,0.0,100.0,0.0,Sanders
Story,Ames 4-4,28.571,0.0,71.429,0.0,Sanders
Story,Ames 4-5,50.0,0.0,50.0,0.0,Sanders
Story,Collins Twp-Collins,0.0,0.0,100.0,0.0,Sanders
Story,Franklin Twp-Gilbert,57.143,0.0,42.857,0.0,Clinton
Story,Ames 3-5,50.0,0.0,50.0,0.0,Sanders
Story,Howard Twp-Roland,50.0,0.0,50.0,0.0,Sanders
Story,Huxley,66.667,0.0,33.333,0.0,Clinton
Story,Indian Creek Twp-Maxwell,33.333,0.0,66.667,0.0,Sanders
Story,Lafayette Township,0.0,0.0,100.0,0.0,Sanders
Story,Lincoln Twp-Zearing,100.0,0.0,0.0,0.0,Clinton
Story,Milford Township,0.0,0.0,100.0,0.0,Sanders
Story,Nevada 1,50.0,0.0,50.0,0.0,Sanders
Story,Nevada 2,50.0,0.0,50.0,0.0,Sanders
Story,Nevada 3-Grant Twp 3,50.0,0.0,50.0,0.0,Sanders
Story,Nevada 4,66.667,0.0,33.333,0.0,Clinton
Story,Nevada Township,0.0,0.0,100.0,0.0,Sanders
Story,New Albany Twp-Colo,50.0,0.0,50.0,0.0,Sanders
Story,Palestine Township,50.0,0.0,50.0,0.0,Sanders
Story,Richland Township,0.0,0.0,100.0,0.0,Sanders
Story,Ames 2-5,62.5,0.0,37.5,0.0,Clinton
Story,Slater-Sheldahl-Pal 2,50.0,0.0,50.0,0.0,Sanders
Story,Story City,57.143,0.0,42.857,0.0,Clinton
Story,Union Twp-Cambridge,33.333,0.0,66.667,0.0,Sanders
Story,Warren Twp-McCallsburg,0.0,0.0,100.0,0.0,Sanders
Story,Washington Twp-Kelley,50.0,0.0,50.0,0.0,Sanders
Story,Ames 2-4,62.5,0.0,37.5,0.0,Clinton
Story,Ames 1-3 - Grant Twp 2,20.0,0.0,80.0,0.0,Sanders
Story,Ames 2-3,50.0,0.0,50.0,0.0,Sanders
Story,Ames 2-2,37.5,0.0,62.5,0.0,Sanders
Story,Ames 2-1,33.333,0.0,66.667,0.0,Sanders
Story,Ames 1-5,40.0,0.0,60.0,0.0,Sanders
Story,Ames 1-4,33.333,0.0,66.667,0.0,Sanders
Story,Ames 1-1,28.571,0.0,71.429,0.0,Sanders
Story,Sherman Township,0.0,0.0,100.0,0.0,Sanders
Tama,TOLEDO 3,60.0,0.0,40.0,0.0,Clinton
Tama,TOLEDO 2,50.0,0.0,50.0,0.0,Sanders
Tama,INDIAN SETTLEMENT,16.667,0.0,83.333,0.0,Sanders
Tama,HIGHLAND/INDIAN VILLAGE,50.0,0.0,50.0,0.0,Sanders
Tama,GRANT,0.0,0.0,100.0,0.0,Sanders
Tama,CLARK/GENESEO,37.5,0.0,62.5,0.0,Sanders
Tama,COLUMBIA/TAMA,56.25,0.0,43.75,0.0,Clinton
Tama,HOWARD/TOLEDO/TOLEDO 1,50.0,0.0,50.0,0.0,Sanders
Tama,SPRING CREEK/W CRYSTAL,66.667,0.0,33.333,0.0,Clinton
Tama,S. OTTER CREEK,0.0,0.0,100.0,0.0,Sanders
Tama,RICHLAND/SALT CREEK,66.667,0.0,33.333,0.0,Clinton
Tama,YORK,66.667,0.0,33.333,0.0,Clinton
Tama,PERRY/BUCKINGHAM/E CRYSTA,63.636,0.0,36.364,0.0,Clinton
Tama,LINCOLN,100.0,0.0,0.0,0.0,Clinton
Tama,CARLTON,60.0,0.0,40.0,0.0,Clinton
Tama,CARROLL/ONEIDA/N OTTER CR,66.667,0.0,33.333,0.0,Clinton
Taylor,7-3 Legion,66.667,0.0,33.333,0.0,Clinton
Taylor,1-1 Blockton,100.0,0.0,0.0,0.0,Clinton
Taylor,2-1 Clearfield,100.0,0.0,0.0,0.0,Clinton
Taylor,3-1 Gravity,50.0,0.0,50.0,0.0,Sanders
Taylor,City of Bedford,71.429,0.0,28.571,0.0,Clinton
Taylor,5-2 Lenox,63.636,0.0,36.364,0.0,Clinton
Taylor,4-1 New Market,66.667,0.0,33.333,0.0,Clinton
Union,SWCC CS2,47.059,0.0,52.941,0.0,Sanders
Union,Creston 5,53.846,0.0,46.154,0.0,Clinton
Union,Lorimor,60.0,0.0,40.0,0.0,Clinton
Union,Creston 1,33.333,0.0,66.667,0.0,Sanders
Union,Afton,45.455,0.0,54.545,0.0,Sanders
Union,Arispe,66.667,0.0,33.333,0.0,Clinton
Union,Supertel CS4,36.364,0.0,63.636,0.0,Sanders
Union,Creston 3,45.455,0.0,54.545,0.0,Sanders
Van Buren,Keosauqua,55.556,0.0,44.444,0.0,Clinton
Van Buren,Stockport,0.0,0.0,100.0,0.0,Sanders
Van Buren,Milton,100.0,0.0,0.0,0.0,Clinton
Van Buren,Farmington,50.0,0.0,50.0,0.0,Sanders
Van Buren,Douds,33.333,0.0,66.667,0.0,Sanders
Van Buren,Cantril,50.0,0.0,50.0,0.0,Sanders
Van Buren,Bonaparte,40.0,0.0,60.0,0.0,Sanders
Van Buren,Birmingham,25.0,0.0,75.0,0.0,Sanders
Wapello,Competine Twp,0.0,0.0,0.0,0.0,""
Wapello,Pct 4,41.667,0.0,58.333,0.0,Sanders
Wapello,Pct 5,58.333,0.0,41.667,0.0,Clinton
Wapello,Pct 6,53.846,0.0,46.154,0.0,Clinton
Wapello,Pct 7,46.154,0.0,53.846,0.0,Sanders
Wapello,Pct 9,64.706,0.0,35.294,0.0,Clinton
Wapello,Pct 3,50.0,0.0,50.0,0.0,Sanders
Wapello,Pct 10,73.333,0.0,26.667,0.0,Clinton
Wapello,Cass/Chillicothe,0.0,0.0,100.0,0.0,Sanders
Wapello,Adams/Blakesburg/Polk,42.857,14.286,42.857,0.0,Sanders
Wapello,Agency/Agency/Pleasant,44.444,0.0,55.556,0.0,Sanders
Wapello,Columbia/Eddyville,80.0,0.0,20.0,0.0,Clinton
Wapello,Center Twp,50.0,0.0,50.0,0.0,Sanders
Wapello,Dahlonega Twp,66.667,0.0,33.333,0.0,Clinton
Wapello,Green Twp,50.0,0.0,50.0,0.0,Sanders
Wapello,Highland Twp,0.0,0.0,100.0,0.0,Sanders
Wapello,Keokuk Twp,40.0,0.0,60.0,0.0,Sanders
Wapello,Pct 1,60.0,0.0,40.0,0.0,Clinton
Wapello,Pct 2,62.5,0.0,37.5,0.0,Clinton
Wapello,Richland/Kirkville,50.0,0.0,50.0,0.0,Sanders
Wapello,Washington/Eldon,66.667,0.0,33.333,0.0,Clinton
Wapello,Pct 8,46.667,0.0,53.333,0.0,Sanders
Warren,INDIANOLA 4,63.636,0.0,36.364,0.0,Clinton
Warren,INDIANOLA 3,50.0,0.0,50.0,0.0,Sanders
Warren,INDIANOLA 2,37.5,12.5,50.0,0.0,Sanders
Warren,INDIANOLA 1,50.0,0.0,50.0,0.0,Sanders
Warren,GREENFIELD 2/ LINCOLN 2,57.143,0.0,42.857,0.0,Clinton
Warren,GREENFIELD 1 TWP,60.0,0.0,40.0,0.0,Clinton
Warren,CUMMING/ WDM,100.0,0.0,0.0,0.0,Clinton
Warren,INDIANOLA 5,42.857,0.0,57.143,0.0,Sanders
Warren,ALLEN 3,57.143,0.0,42.857,0.0,Clinton
Warren,ALLEN 2,71.429,0.0,28.571,0.0,Clinton
Warren,INDIANOLA 6,60.0,0.0,40.0,0.0,Clinton
Warren,INDIANOLA 7,50.0,10.0,40.0,0.0,Clinton
Warren,JEFFERSON,60.0,0.0,40.0,0.0,Clinton
Warren,BELMONT TWP,100.0,0.0,0.0,0.0,Clinton
Warren,JACKSON,66.667,0.0,33.333,0.0,Clinton
Warren,GR1-DM86 CITY,100.0,0.0,0.0,0.0,Clinton
Warren,LIBERTY TWP,100.0,0.0,0.0,0.0,Clinton
Warren,LINCOLN TWP,50.0,0.0,50.0,0.0,Sanders
Warren,NORWALK 1,57.143,0.0,42.857,0.0,Clinton
Warren,NORWALK 2/ GREENFIELD,42.857,0.0,57.143,0.0,Sanders
Warren,NORWALK 3/ LINN,50.0,0.0,50.0,0.0,Sanders
Warren,NORWALK 4 CITY,42.857,0.0,57.143,0.0,Sanders
Warren,GREENFIELD 1/ DM85,57.143,0.0,42.857,0.0,Clinton
Warren,PALMYRA TWP,50.0,0.0,50.0,0.0,Sanders
Warren,RICHLAND/ PALMYRA,50.0,0.0,50.0,0.0,Sanders
Warren,SQUAW CREEK TWP,50.0,0.0,50.0,0.0,Sanders
Warren,UNION,50.0,0.0,50.0,0.0,Sanders
Warren,VIRGINIA,66.667,0.0,33.333,0.0,Clinton
Warren,WHITE BREAST,50.0,0.0,50.0,0.0,Sanders
Warren,WHITE OAK TWP,66.667,0.0,33.333,0.0,Clinton
Warren,OTTER/ MILO,60.0,0.0,40.0,0.0,Clinton
Washington,Brighton/Marion/Crawford,60.0,0.0,40.0,0.0,Clinton
Washington,Kalona,50.0,0.0,50.0,0.0,Sanders
Washington,Riverside,57.143,0.0,42.857,0.0,Clinton
Washington,West Chester,50.0,0.0,50.0,0.0,Sanders
Washington,Wellman,50.0,0.0,50.0,0.0,Sanders
Washington,Ward Two,57.143,0.0,42.857,0.0,Clinton
Washington,Ward One,50.0,0.0,50.0,0.0,Sanders
Washington,Ward Four,57.143,0.0,42.857,0.0,Clinton
Washington,Ward Three,57.143,0.0,42.857,0.0,Clinton
Washington,Ainsworth,50.0,0.0,50.0,0.0,Sanders
Wayne,H-03 Humeston-Millerton,55.556,0.0,44.444,0.0,Clinton
Wayne,S-04 Seymour-Promise City,66.667,0.0,33.333,0.0,Clinton
Wayne,C-02 Corydon,53.846,0.0,46.154,0.0,Clinton
Wayne,A-01 Allerton-Clio-Lineville,88.889,0.0,11.111,0.0,Clinton
Webster,Fort Dodge 1,56.25,0.0,43.75,0.0,Clinton
Webster,Fort Dodge 2,43.75,0.0,56.25,0.0,Sanders
Webster,Fort Dodge 3,45.455,18.182,36.364,0.0,Clinton
Webster,Fort Dodge 4,53.333,0.0,46.667,0.0,Clinton
Webster,Fort Dodge 5,60.0,0.0,40.0,0.0,Clinton
Webster,Fort Dodge 6,83.333,0.0,16.667,0.0,Clinton
Webster,Fort Dodge 7,46.154,0.0,53.846,0.0,Sanders
Webster,Fort Dodge 8,61.538,0.0,38.462,0.0,Clinton
Webster,Fort Dodge 10,64.286,0.0,35.714,0.0,Clinton
Webster,Fort Dodge 11,62.5,0.0,37.5,0.0,Clinton
Webster,Fort Dodge 12,42.857,0.0,57.143,0.0,Sanders
Webster,Fulton,50.0,0.0,50.0,0.0,Sanders
Webster,Gowrie,85.714,0.0,14.286,0.0,Clinton
Webster,Johnson,100.0,0.0,0.0,0.0,Clinton
Webster,Lost Grove,33.333,0.0,66.667,0.0,Sanders
Webster,Newark,50.0,0.0,50.0,0.0,Sanders
Webster,Otho-Pleasant Valley,40.0,0.0,60.0,0.0,Sanders
Webster,Sumner-Webster-Yell-Hardi,66.667,0.0,33.333,0.0,Clinton
Webster,Washington,50.0,0.0,50.0,0.0,Sanders
Webster,Colfax-Duncombe,60.0,0.0,40.0,0.0,Clinton
Webster,Cooper,0.0,0.0,100.0,0.0,Sanders
Webster,Clay-Roland,50.0,0.0,50.0,0.0,Sanders
Webster,Dayton-Burnside,66.667,0.0,33.333,0.0,Clinton
Webster,Deer Creek-Jackson,50.0,0.0,50.0,0.0,Sanders
Webster,Fort Dodge 9,37.5,0.0,62.5,0.0,Sanders
Webster,Douglas,50.0,0.0,50.0,0.0,Sanders
Webster,Elkhorn,60.0,0.0,40.0,0.0,Clinton
Webster,Badger-NW Cooper,50.0,0.0,50.0,0.0,Sanders
Winnebago,Mt. Valley,50.0,0.0,50.0,0.0,Sanders
Winnebago,Buffalo Grant Lincoln,40.0,0.0,60.0,0.0,Sanders
Winnebago,Center,30.0,0.0,70.0,0.0,Sanders
Winnebago,Eden Logan Norway,50.0,0.0,50.0,0.0,Sanders
Winnebago,Forest City Ward 1,50.0,0.0,50.0,0.0,Sanders
Winnebago,King Linden,33.333,0.0,66.667,0.0,Sanders
Winnebago,Newton Forest,33.333,0.0,66.667,0.0,Sanders
Winnebago,Forest City Ward 2,33.333,0.0,66.667,0.0,Sanders
Winnebago,FC3 Forest D3,60.0,0.0,40.0,0.0,Clinton
Winnebago,Forest City Ward 4,66.667,0.0,33.333,0.0,Clinton
Winneshiek,PCT 4 - DEW2 (Decorah Ward 2),40.0,0.0,60.0,0.0,Sanders
Winneshiek,PCT 5 - CN/DEW4/ DETSUP3,33.333,0.0,66.667,0.0,Sanders
Winneshiek,PCT 1 - HE/HI/PL,28.571,0.0,71.429,0.0,Sanders
Winneshiek,PCT 6 - DEW5 (Decorah Ward 5),40.0,0.0,60.0,0.0,Sanders
Winneshiek,PCT 7 - CA/SP,45.455,0.0,54.545,0.0,Sanders
Winneshiek,PCT 8 - MI/BLM,50.0,0.0,50.0,0.0,Sanders
Winneshiek,PCT 9 - BLF/BO/FR/LI/MA/ OR,50.0,0.0,50.0,0.0,Sanders
Winneshiek,PCT 10 - JA/SU/WA,75.0,0.0,25.0,0.0,Clinton
Winneshiek,PCT 11- DESUP5 (Decorah Twp Sup 5),100.0,0.0,0.0,0.0,Clinton
Winneshiek,PCT 3 - DEW1/DETSUP2,41.176,0.0,58.824,0.0,Sanders
Winneshiek,PCT 2 - FR/GL/DEW3/ DETSUP1,42.857,0.0,57.143,0.0,Sanders
Woodbury,Sioux City 5,55.556,0.0,44.444,0.0,Clinton
Woodbury,Sioux City 4,40.0,0.0,60.0,0.0,Sanders
Woodbury,Sioux City 3,55.556,0.0,44.444,0.0,Clinton
Woodbury,Sioux City 2,50.0,0.0,50.0,0.0,Sanders
Woodbury,Sioux City 1,57.143,0.0,42.857,0.0,Clinton
Woodbury,Sioux City 7,50.0,0.0,50.0,0.0,Sanders
Woodbury,Sioux City 8,40.0,0.0,60.0,0.0,Sanders
Woodbury,Sioux City 9,33.333,0.0,66.667,0.0,Sanders
Woodbury,Sioux City 10,42.857,0.0,57.143,0.0,Sanders
Woodbury,Sioux City 11,50.0,0.0,50.0,0.0,Sanders
Woodbury,Sioux City 12,44.444,0.0,55.556,0.0,Sanders
Woodbury,Sioux City 13,40.0,0.0,60.0,0.0,Sanders
Woodbury,Sioux City 15,42.857,0.0,57.143,0.0,Sanders
Woodbury,Sioux City 16,37.5,0.0,62.5,0.0,Sanders
Woodbury,Sioux City 6,37.5,0.0,62.5,0.0,Sanders
Woodbury,44 Cushing/Rock,0.0,0.0,100.0,0.0,Sanders
Woodbury,43 Oto/Oto Township,100.0,0.0,0.0,0.0,Clinton
Woodbury,39 Hornick/Willow,0.0,0.0,100.0,0.0,Sanders
Woodbury,40 Anthon/Miller,100.0,0.0,0.0,0.0,Clinton
Woodbury,42 SMITHLAND/LITTLE SIOUX,0.0,0.0,100.0,0.0,Sanders
Woodbury,Sioux City 14,33.333,0.0,66.667,0.0,Sanders
Woodbury,Sioux City 17,37.5,0.0,62.5,0.0,Sanders
Woodbury,Sioux City 18,50.0,0.0,50.0,0.0,Sanders
Woodbury,Sioux City 19,50.0,0.0,50.0,0.0,Sanders
Woodbury,Sioux City 20,20.0,0.0,80.0,0.0,Sanders
Woodbury,Sioux City 21,42.857,0.0,57.143,0.0,Sanders
Woodbury,Woodbury 22,44.444,0.0,55.556,0.0,Sanders
Woodbury,Sioux City 23,37.5,0.0,62.5,0.0,Sanders
Woodbury,Woodbury 24,50.0,0.0,50.0,0.0,Sanders
Woodbury,Woodbury 25,28.571,14.286,57.143,0.0,Sanders
Woodbury,Woodbury 26,57.143,0.0,42.857,0.0,Clinton
Woodbury,Woodbury 27,37.5,0.0,62.5,0.0,Sanders
Woodbury,Woodbury 28,60.0,0.0,40.0,0.0,Clinton
Woodbury,29 Sergeant Bluff East/ Woodbury,57.143,0.0,42.857,0.0,Clinton
Woodbury,30 Sergeant Bluff West,66.667,0.0,33.333,0.0,Clinton
Woodbury,31 Salix/Liberty/Lakeport,66.667,0.0,33.333,0.0,Clinton
Woodbury,32 Bronson/Floyd/Grange,50.0,0.0,50.0,0.0,Sanders
Woodbury,33-Pierson/Rutland,0.0,0.0,100.0,0.0,Sanders
Woodbury,34 Correctionville/Kedron/Union,33.333,0.0,66.667,0.0,Sanders
Woodbury,35 Moville/Arlington/Wolf Creek,60.0,0.0,40.0,0.0,Clinton
Woodbury,36 Lawton/Banner,66.667,0.0,33.333,0.0,Clinton
Woodbury,37 Climbing Hill/Grant/West Fork,0.0,0.0,100.0,0.0,Sanders
Woodbury,38 Sloan,50.0,0.0,50.0,0.0,Sanders
Woodbury,41 Danbury/Liston/Morgan,100.0,0.0,0.0,0.0,Clinton
Worth,Barton/Deer Creek/Union/Grafton,66.667,0.0,33.333,0.0,Clinton
Worth,Lincoln/Manly,50.0,0.0,50.0,0.0,Sanders
Worth,Fertile,50.0,0.0,50.0,0.0,Sanders
Worth,Deer Creek/Grove/Hartland/Northwood,37.5,0.0,62.5,0.0,Sanders
Worth,Bristol/Silver Lake/Joice,28.571,0.0,71.429,0.0,Sanders
Worth,Brookfield/Kensett,42.857,0.0,57.143,0.0,Sanders
Worth,Danville/Hanlontown,50.0,0.0,50.0,0.0,Sanders
Wright,Belmond,40.909,0.0,59.091,0.0,Sanders
Wright,Rural Clarion,50.0,0.0,50.0,0.0,Sanders
Wright,Clarion,56.25,0.0,43.75,0.0,Clinton
Wright,Dows,60.0,0.0,40.0,0.0,Clinton
Wright,Eagle Grove #1,50.0,0.0,50.0,0.0,Sanders
Wright,Eagle Grove #2,100.0,0.0,0.0,0.0,Clinton
Wright,Eagle Grove #3,40.0,0.0,60.0,0.0,Sanders
Wright,Eagle Grove #4,40.0,0.0,60.0,0.0,Sanders
Wright,Eagle Grove/Troy,80.0,0.0,20.0,0.0,Clinton
Wright,Goldfield,75.0,0.0,25.0,0.0,Clinton
