Service Name,time_diff_edit,Incident Date,Year,Full Address,Fire Incident Type,lat,long
Iowa City Fire Department,3,1/2/10,2010,127 E COLLEGE ST,Building fire,41.6589192,-91.533477
Iowa City Fire Department,1,1/10/10,2010,112 S SUMMIT ST,Building fire,41.659563,-91.520936
Iowa City Fire Department,3,1/21/10,2010,510 S JOHNSON ST,Building fire,41.654996,-91.526888
Iowa City Fire Department,8,1/28/10,2010,1205 LAURA DR,Building fire,41.684809,-91.543113
Iowa City Fire Department,8,1/28/10,2010,1205 LAURA DR,Building fire,41.684809,-91.543113
Iowa City Fire Department,4,1/28/10,2010,2551 NEVADA AV,Building fire,41.630592,-91.5025
Iowa City Fire Department,8,1/28/10,2010,1205 LAURA DR,Building fire,41.684809,-91.543113
Iowa City Fire Department,4,2/6/10,2010,1926 BROADWAY ST,Building fire,41.6405972,-91.5200812
Iowa City Fire Department,3,2/16/10,2010,223 E BLOOMINGTON ST,Building fire,41.664406,-91.532119
Iowa City Fire Department,2,2/18/10,2010,515 E COLLEGE ST,Building fire,41.658613,-91.527979
Iowa City Fire Department,5,2/21/10,2010,2404 BARTELT RD Apt 2A,Building fire,41.6541476,-91.5740197
Iowa City Fire Department,2,2/25/10,2010,320 E WASHINGTON ST Apt 5A,Building fire,41.6603942,-91.5310564
Iowa City Fire Department,4,3/9/10,2010,2401 HWY 6 E Apt 4,Building fire,41.6352244,-91.5000773
Iowa City Fire Department,5,3/18/10,2010,940 LONGFELLOW CT,Building fire,41.650727,-91.515237
Iowa City Fire Department,6,3/21/10,2010,2570 INDEPENDENCE RD,Building fire,41.632758,-91.474934
Iowa City Fire Department,6,3/29/10,2010,2635 WESTWINDS DR,Building fire,41.650799,-91.578572
Iowa City Fire Department,7,4/14/10,2010,1060 SCOTT PARK DR,Building fire,41.662166,-91.481698
Iowa City Fire Department,3,4/17/10,2010,1328 E BLOOMINGTON ST,Building fire,41.6649079,-91.516186
Iowa City Fire Department,4,4/18/10,2010,1342 OXFORD PL,Building fire,41.644545,-91.488319
Iowa City Fire Department,6,4/30/10,2010,2040 WATERFRONT DR,Building fire,41.637776,-91.529345
Iowa City Fire Department,5,4/30/10,2010,1511 SPRUCE ST,Building fire,41.643428,-91.512523
Iowa City Fire Department,4,5/30/10,2010,1205 LAURA DR Apt 145,Building fire,41.684809,-91.543113
Iowa City Fire Department,4,6/1/10,2010,3342 ROHRET RD,Building fire,41.646094,-91.588499
Iowa City Fire Department,6,8/3/10,2010,834 CLARK ST,Building fire,41.651216,-91.5192299
Iowa City Fire Department,3,8/13/10,2010,218 E MARKET ST,Building fire,41.6637729,-91.532317
Iowa City Fire Department,3,8/22/10,2010,630 S CAPITOL ST,Building fire,41.653607,-91.535771
Iowa City Fire Department,3,9/8/10,2010,838 WALNUT ST,Building fire,41.6505115,-91.5226453
Iowa City Fire Department,7,9/11/10,2010,1080 SILVERCREST WAY,Building fire,41.6490592,-91.4806716
Iowa City Fire Department,3,9/19/10,2010,25 S MADISON ST,Building fire,41.6609691,-91.5377053
Iowa City Fire Department,6,10/15/10,2010,1109 PINE ST,Building fire,41.648911,-91.513864
Iowa City Fire Department,4,10/24/10,2010,2711 FERNDALE DR,Building fire,41.655324,-91.494983
Iowa City Fire Department,4,10/29/10,2010,2401 E HIGHWAY #6 Apt 3809,Building fire,41.6352244,-91.5000773
Iowa City Fire Department,2,11/23/10,2010,219 E IOWA AVE,Building fire,41.6608963,-91.5322989
Iowa City Fire Department,6,11/25/10,2010,2420 S OLD HIGHWAY 218,Building fire,41.6345081,-91.5388446
Iowa City Fire Department,5,11/30/10,2010,2901 MELROSE AVE,Building fire,41.653354,-91.581267
Iowa City Fire Department,4,12/3/10,2010,4 WASHINGTON PL,Building fire,41.659528,-91.515897
Iowa City Fire Department,7,12/15/10,2010,2401 BARTELT RD Apt 2B,Building fire,41.6541195,-91.5739886
Iowa City Fire Department,5,1/28/11,2011,121 E WASHINGTON ST,Building fire,41.6598812,-91.533816
Iowa City Fire Department,3,1/29/11,2011,421 S DODGE ST,Building fire,41.655941,-91.526254
Iowa City Fire Department,5,1/31/11,2011,2908 FRIENDSHIP ST,Building fire,41.65542,-91.490397
Iowa City Fire Department,6,2/14/11,2011,1402 ESTHER ST,Building fire,41.644628,-91.492611
Iowa City Fire Department,8,3/5/11,2011,201 HAWK RIDGE DR Apt 2111,Building fire,41.6478487,-91.5536316
Iowa City Fire Department,4,3/14/11,2011,2470 LAKESIDE DR,Building fire,41.634189,-91.501451
Iowa City Fire Department,4,3/14/11,2011,2470 Lakeside DR Apt 6,Building fire,41.634189,-91.501451
Iowa City Fire Department,5,3/17/11,2011,214 E CHURCH ST,Building fire,41.66831,-91.532402
Iowa City Fire Department,4,4/2/11,2011,730 N LINN ST,Building fire,41.669866,-91.531229
Iowa City Fire Department,4,4/4/11,2011,119 E COLLEGE ST,Building fire,41.65879,-91.533473
Iowa City Fire Department,5,5/1/11,2011,434 S JOHNSON ST,Building fire,41.655757,-91.5268789
Iowa City Fire Department,4,5/2/11,2011,1303 TRACY LN,Building fire,41.639355,-91.51678
Iowa City Fire Department,3,5/8/11,2011,2500 E HIGHWAY #6,Building fire,41.6352244,-91.5000773
Iowa City Fire Department,3,5/29/11,2011,401 KIRKWOOD AVE,Building fire,41.649077,-91.530391
Iowa City Fire Department,6,6/7/11,2011,403 AMHURST ST,Building fire,41.665761,-91.487519
Iowa City Fire Department,4,6/29/11,2011,1032 HOWELL ST,Building fire,41.648741,-91.519806
Iowa City Fire Department,6,7/5/11,2011,1205 LAURA DR Apt 61,Building fire,41.684809,-91.543113
Iowa City Fire Department,5,7/5/11,2011,58 RITA LYN CT,Building fire,41.663608,-91.503936
Iowa City Fire Department,4,7/23/11,2011,2140 DAVIS ST,Building fire,41.637771,-91.5168
Iowa City Fire Department,4,8/7/11,2011,1037 CROSS PARK AVE Apt B,Building fire,41.6388296,-91.521153
Iowa City Fire Department,4,8/23/11,2011,729 N Dubuque ST,Building fire,41.670347,-91.533081
Iowa City Fire Department,3,9/7/11,2011,2401 E HIGHWAY #6 Apt 2216,Building fire,41.6352244,-91.5000773
Iowa City Fire Department,3,9/12/11,2011,324 N LUCAS ST,Building fire,41.6653019,-91.523955
Iowa City Fire Department,7,9/12/11,2011,734 WESTWINDS DR Apt 6,Building fire,41.652109,-91.577457
Iowa City Fire Department,5,9/20/11,2011,420 N 1ST AVE Apt 105,Building fire,41.666789,-91.501436
Iowa City Fire Department,2,9/24/11,2011,257-259 E IOWA AVE,Building fire,41.661006,-91.531857
Iowa City Fire Department,2,9/24/11,2011,225 E IOWA AVE,Building fire,41.660984,-91.532031
Iowa City Fire Department,2,9/24/11,2011,7 S LINN ST,Building fire,41.6608469,-91.5319279
Iowa City Fire Department,2,9/24/11,2011,13 S LINN ST,Building fire,41.660745,-91.531952
Iowa City Fire Department,2,9/24/11,2011,217-221 E IOWA AVE,Building fire,41.660898,-91.5322429
Iowa City Fire Department,3,10/2/11,2011,1916 WATERFRONT DR,Building fire,41.6418294,-91.529644
Iowa City Fire Department,5,10/21/11,2011,432 SAMOA DR,Building fire,41.655305,-91.576265
Iowa City Fire Department,3,10/24/11,2011,2420 WAYNE AVE,Building fire,41.647671,-91.499996
Iowa City Fire Department,4,11/1/11,2011,1902 WOODRIDGE AVE,Building fire,41.664524,-91.508296
Iowa City Fire Department,4,11/2/11,2011,511 WESTWINDS DR,Building fire,41.654782,-91.578539
Iowa City Fire Department,3,11/13/11,2011,801 BOWERY ST,Building fire,41.653854,-91.524005
Iowa City Fire Department,6,11/14/11,2011,3525 SHAMROCK PL,Building fire,41.6554721,-91.4818374
Iowa City Fire Department,4,12/26/11,2011,2427 PETSEL PL Apt #2,Building fire,41.655,-91.57523
Iowa City Fire Department,3,1/1/12,2012,320 S DUBUQUE ST,Building fire,41.6570266,-91.5327378
Iowa City Fire Department,3,1/2/12,2012,E MARKET ST and N LUCAS ST,Building fire,41.6635146,-91.5242554
Iowa City Fire Department,4,1/17/12,2012,517 S LINN ST,Building fire,41.654964,-91.532141
Iowa City Fire Department,6,1/21/12,2012,1132 ASH ST,Building fire,41.647778,-91.514376
Iowa City Fire Department,4,2/19/12,2012,1114 ESSEX ST,Building fire,41.6481939,-91.492645
Iowa City Fire Department,3,2/21/12,2012,322 N VAN BUREN ST,Building fire,41.665335,-91.528208
Iowa City Fire Department,9,3/1/12,2012,808 WESTWINDS DR Apt 3,Building fire,41.651643,-91.5774689
Iowa City Fire Department,3,3/11/12,2012,2707 TRIPLE CROWN LA,Building fire,41.6307811,-91.4908383
Iowa City Fire Department,3,3/17/12,2012,30 W COURT ST Apt 416,Building fire,41.6566344,-91.5366621
Iowa City Fire Department,4,3/21/12,2012,1233 SANDUSKY DR,Building fire,41.6368691,-91.5173951
Iowa City Fire Department,4,4/7/12,2012,2000 INDUSTRIAL PARK RD,Building fire,41.6361062,-91.4948517
Iowa City Fire Department,5,4/10/12,2012,1418 SYCAMORE ST,Building fire,41.645058,-91.511273
Iowa City Fire Department,6,4/13/12,2012,1205 LAURA DR Apt 62,Building fire,41.684809,-91.543113
Iowa City Fire Department,6,4/13/12,2012,1205 LAURA DR Apt 61,Building fire,41.684809,-91.543113
Iowa City Fire Department,6,4/13/12,2012,1205 LAURA DR Apt 63,Building fire,41.684809,-91.543113
Iowa City Fire Department,4,5/3/12,2012,2000 INDUSTRIAL PARK RD,Building fire,41.6361062,-91.4948517
Iowa City Fire Department,5,5/7/12,2012,1001 OAKCREST ST Apt 8,Building fire,41.6516561,-91.5530734
Iowa City Fire Department,4,5/13/12,2012,825 HUDSON AVE,Building fire,41.649512,-91.545818
Iowa City Fire Department,3,5/24/12,2012,2500 E HIGHWAY #6,Building fire,41.6352244,-91.5000773
Iowa City Fire Department,3,6/13/12,2012,2240 TAYLOR DR,Building fire,41.6361489,-91.5183221
Iowa City Fire Department,3,7/11/12,2012,1914 GLEASON AVE,Building fire,41.637307,-91.50809
Iowa City Fire Department,3,7/21/12,2012,2238 RUSSELL DR,Building fire,41.636156,-91.5147269
Iowa City Fire Department,3,7/22/12,2012,1035 HOWELL ST,Building fire,41.648457,-91.520572
Iowa City Fire Department,4,7/26/12,2012,2401 6 HWY E Apt 4804,Building fire,41.6352244,-91.5000773
Iowa City Fire Department,6,8/4/12,2012,411 S SUMMIT ST,Building fire,41.656159,-91.521645
Iowa City Fire Department,3,8/19/12,2012,403 S JOHNSON ST,Building fire,41.656515,-91.527686
Iowa City Fire Department,2,9/1/12,2012,712 E MARKET ST,Building fire,41.663848,-91.525154
Iowa City Fire Department,5,9/7/12,2012,816 CROSS PARK AVE Apt 2A,Building fire,41.6390928,-91.5240941
Iowa City Fire Department,3,9/11/12,2012,1817 HOLLYWOOD CT,Building fire,41.639879,-91.51017
Iowa City Fire Department,2,9/29/12,2012,816 S GILBERT ST Apt 2,Building fire,41.6515939,-91.5310362
Iowa City Fire Department,5,10/9/12,2012,6 AMBER LN,Building fire,41.632909,-91.506665
Iowa City Fire Department,5,10/12/12,2012,1205 LAURA DR Apt 136,Building fire,41.684809,-91.543113
Iowa City Fire Department,3,10/21/12,2012,612 KESWICK DR,Building fire,41.652697,-91.567215
Iowa City Fire Department,2,10/24/12,2012,335 S GILBERT ST,Building fire,41.6571097,-91.5305105
Iowa City Fire Department,2,11/10/12,2012,225 S GRAND AVE,Building fire,41.6568467,-91.5460062
Iowa City Fire Department,2,11/29/12,2012,500 E MARKET ST,Building fire,41.664111,-91.528407
Iowa City Fire Department,4,12/1/12,2012,409 SAMOA DR,Building fire,41.656297,-91.576635
Iowa City Fire Department,4,12/1/12,2012,413 SAMOA DR,Building fire,41.6556519,-91.5765526
Iowa City Fire Department,4,12/1/12,2012,413 SAMOA DR,Building fire,41.6556519,-91.5765526
Iowa City Fire Department,5,1/12/13,2013,403 N 7TH AVE,Building fire,41.6668779,-91.511295
Iowa City Fire Department,5,1/22/13,2013,1515 JACKSON AVE,Building fire,41.650322,-91.513197
Iowa City Fire Department,5,1/22/13,2013,1515 JACKSON AVE,Building fire,41.650322,-91.513197
Iowa City Fire Department,2,1/23/13,2013,316 E BLOOMINGTON ST,Building fire,41.6646929,-91.5309064
Iowa City Fire Department,3,2/11/13,2013,115 S LUCAS ST,Building fire,41.659451,-91.524676
Iowa City Fire Department,4,3/11/13,2013,1811 H ST,Building fire,41.648165,-91.508971
Iowa City Fire Department,6,3/21/13,2013,2440 MORMON TREK BLVD,Building fire,41.6369661,-91.5650237
Iowa City Fire Department,4,3/25/13,2013,4810 MELROSE AVE,Building fire,41.6579291,-91.6058976
Iowa City Fire Department,3,4/3/13,2013,705 S DUBUQUE ST,Building fire,41.653041,-91.533612
Iowa City Fire Department,4,4/6/13,2013,1804 RIDGEWAY DR,Building fire,41.662669,-91.510469
Iowa City Fire Department,4,4/8/13,2013,2221 MUSCATINE AVE Apt 2,Building fire,41.649242,-91.502457
Iowa City Fire Department,6,4/23/13,2013,3146 E WASHINGTON ST,Building fire,41.661191,-91.486089
Iowa City Fire Department,3,5/2/13,2013,1311 W BENTON ST,Building fire,41.650193,-91.55895
Iowa City Fire Department,5,5/11/13,2013,207 W BURLINGTON ST,Building fire,41.6574098,-91.5400565
Iowa City Fire Department,4,5/17/13,2013,1134 SANDUSKY DR,Building fire,41.6371533,-91.5186361
Iowa City Fire Department,6,5/21/13,2013,1020 S SCOTT BLVD,Building fire,41.6490984,-91.4816205
Iowa City Fire Department,3,6/6/13,2013,1809 FLATIRON AVE,Building fire,41.637623,-91.509625
Iowa City Fire Department,1,6/22/13,2013,2458 BITTERSWEET CT,Building fire,41.6500318,-91.5751922
Iowa City Fire Department,2,6/23/13,2013,413 S JOHNSON ST Apt 1,Building fire,41.656198,-91.527714
Iowa City Fire Department,5,7/9/13,2013,2713 HICKORY TRL,Building fire,41.671019,-91.497664
Iowa City Fire Department,3,7/14/13,2013,619 N GOVERNOR ST,Building fire,41.668583,-91.5230349
Iowa City Fire Department,3,7/24/13,2013,2401 HIGHWAY #6,Building fire,41.6352244,-91.5000773
Iowa City Fire Department,6,8/4/13,2013,4958 E COURT ST,Building fire,41.657863,-91.464065
Iowa City Fire Department,5,8/5/13,2013,1807 WINSTON DR,Building fire,41.666481,-91.509164
Iowa City Fire Department,5,8/8/13,2013,601 W HIGHWAY #6,Building fire,41.6352244,-91.5000773
Iowa City Fire Department,1,8/21/13,2013,720 E MARKET ST,Building fire,41.663846,-91.524861
Iowa City Fire Department,5,8/25/13,2013,2332 LAKESIDE DR,Building fire,41.633724,-91.503373
Iowa City Fire Department,4,9/6/13,2013,1018 DIANA ST,Building fire,41.6494263,-91.5265606
Iowa City Fire Department,7,9/13/13,2013,1205 LAURA DR Apt 150,Building fire,41.684809,-91.543113
Iowa City Fire Department,6,10/4/13,2013,1219 BURNS AVE,Building fire,41.6352787,-91.5177779
Iowa City Fire Department,5,10/11/13,2013,934 WEST SIDE DR,Building fire,41.639183,-91.568884
Iowa City Fire Department,3,10/16/13,2013,36 W COURT ST Apt 411,Building fire,41.6566365,-91.5367592
Iowa City Fire Department,2,11/4/13,2013,328 N DUBUQUE ST,Building fire,41.6656229,-91.532777
Iowa City Fire Department,5,11/7/13,2013,1314 CARROLL ST,Building fire,41.646422,-91.524343
Iowa City Fire Department,4,12/17/13,2013,375 NEWTON RD Apt 3235,Building fire,41.6632071,-91.5453577
Iowa City Fire Department,3,1/6/14,2014,404 S GILBERT ST,Building fire,41.6568029,-91.5299783
Iowa City Fire Department,4,1/9/14,2014,527 N DUBUQUE ST Apt 2,Building fire,41.667674,-91.533401
Iowa City Fire Department,3,1/28/14,2014,320 S DUBUQUE ST,Building fire,41.6570266,-91.5327378
Iowa City Fire Department,3,2/11/14,2014,639 S LUCAS ST,Building fire,41.652839,-91.524726
Iowa City Fire Department,2,3/18/14,2014,623 E JEFFERSON ST Apt 4,Building fire,41.662065,-91.526266
Iowa City Fire Department,3,3/26/14,2014,511 S CAPITOL ST,Building fire,41.6549819,-91.5365939
Iowa City Fire Department,4,3/31/14,2014,1103 CAMBRIA CT,Building fire,41.647009,-91.572638
Iowa City Fire Department,4,3/31/14,2014,231 E BURLINGTON ST,Building fire,41.6576255,-91.532042
Iowa City Fire Department,2,4/15/14,2014,2339 HEINZ RD Apt UNIT C,Building fire,41.635118,-91.489694
Iowa City Fire Department,2,4/30/14,2014,526 S JOHNSON ST,Building fire,41.654502,-91.526894
Iowa City Fire Department,2,5/18/14,2014,214 N LINN ST,Building fire,41.664071,-91.531318
Iowa City Fire Department,4,7/15/14,2014,619 FAIRCHILD ST,Building fire,41.666525,-91.526344
Iowa City Fire Department,2,8/2/14,2014,245 S GILBERT ST,Building fire,41.658467,-91.5302199
Iowa City Fire Department,2,8/2/14,2014,245 S GILBERT ST,Building fire,41.658467,-91.5302199
Iowa City Fire Department,4,9/9/14,2014,630 GALWAY DR,Building fire,41.6543207,-91.5922674
Iowa City Fire Department,3,9/21/14,2014,1117 CHURCH ST,Building fire,41.6681979,-91.51956
Iowa City Fire Department,4,9/23/14,2014,2609 WESTWINDS DR Apt 1,Building fire,41.650695,-91.577563
Iowa City Fire Department,3,9/24/14,2014,251 N CAPITOL ST,Building fire,41.6586749,-91.5361668
Iowa City Fire Department,3,10/6/14,2014,1032 N DUBUQUE ST,Building fire,41.674134,-91.532209
Iowa City Fire Department,6,10/13/14,2014,2128 S RIVERSIDE DR Apt 44,Building fire,41.6312726,-91.536116
Iowa City Fire Department,3,10/16/14,2014,611 S CLINTON ST Apt 4,Building fire,41.6540894,-91.5349654
Iowa City Fire Department,2,10/31/14,2014,130 N LINN ST,Building fire,41.6630678,-91.5314794
Iowa City Fire Department,3,11/8/14,2014,1324 KIRKWOOD AVE,Building fire,41.64976,-91.515618
Iowa City Fire Department,7,11/12/14,2014,2161 WILLENBROCK CIR,Building fire,41.6759616,-91.5565936
Iowa City Fire Department,3,11/20/14,2014,716 FAIRCHILD ST,Building fire,41.667146,-91.525041
Iowa City Fire Department,3,11/20/14,2014,10 JEMA CT,Building fire,41.649295,-91.573033
Iowa City Fire Department,3,11/23/14,2014,2104 MIAMI DR,Building fire,41.6362669,-91.5015449
Iowa City Fire Department,5,12/1/14,2014,917 DOVER ST,Building fire,41.650376,-91.495184
Iowa City Fire Department,3,12/30/14,2014,601 W HIGHWAY #6,Building fire,41.6352244,-91.5000773
Cedar Rapids Fire Department,7,1/2/10,2010,283 38TH STR DR SE,Building fire,42.0143181,-91.6307498
Cedar Rapids Fire Department,7,1/3/10,2010,400 COLLINS RD NE,Building fire,42.0280838,-91.6324042
Cedar Rapids Fire Department,4,1/10/10,2010,1317 6TH ST NW,Building fire,41.985935,-91.680531
Cedar Rapids Fire Department,8,1/12/10,2010,1611 PINEHURST DR NE Apt 2A,Building fire,42.037422,-91.660372
Cedar Rapids Fire Department,4,1/19/10,2010,4141 22ND AVE SW Apt 8,Building fire,41.957516,-91.725324
Cedar Rapids Fire Department,5,1/24/10,2010,222 JACOLYN DR SW,Building fire,41.964872,-91.733186
Cedar Rapids Fire Department,3,1/29/10,2010,129 27TH STR DR SE,Building fire,42.00323,-91.6335579
Cedar Rapids Fire Department,4,1/29/10,2010,129 27TH STR DR SE,Building fire,42.00323,-91.6335579
Cedar Rapids Fire Department,5,2/6/10,2010,1321 15TH ST SE Apt 208,Building fire,41.9725208,-91.649068
Cedar Rapids Fire Department,7,2/7/10,2010,5542 KIRKWOOD BLVD SW Apt 6,Building fire,41.9198705,-91.6567859
Cedar Rapids Fire Department,4,2/13/10,2010,394 17TH ST SE Apt C,Building fire,41.983908,-91.646164
Cedar Rapids Fire Department,6,2/16/10,2010,1925 20TH ST NW,Building fire,41.995072,-91.6989399
Cedar Rapids Fire Department,11,2/26/10,2010,1412 SCARLET SAGE DR SW,Building fire,41.916682,-91.6327994
Cedar Rapids Fire Department,5,3/1/10,2010,5443 GORDON AVE NW,Building fire,41.971421,-91.741801
Cedar Rapids Fire Department,6,3/8/10,2010,2981 6TH ST SW,Building fire,41.9481724,-91.6767353
Cedar Rapids Fire Department,8,3/12/10,2010,4617 J ST SW,Building fire,41.9327276,-91.6659564
Cedar Rapids Fire Department,17,3/13/10,2010,802 15TH AVE SW Apt 2,Building fire,41.963189,-91.680216
Cedar Rapids Fire Department,1,3/13/10,2010,4012 21ST AVE SW Apt 3,Building fire,41.95948,-91.7239
Cedar Rapids Fire Department,3,3/15/10,2010,2020 SCOTTY DR SW,Building fire,41.9584998,-91.7206067
Cedar Rapids Fire Department,5,3/18/10,2010,2253 C ST SW,Building fire,41.9575581,-91.6502249
Cedar Rapids Fire Department,1,3/20/10,2010,430 JACOLYN DR SW Apt 13,Building fire,41.9660845,-91.7306484
Cedar Rapids Fire Department,4,3/21/10,2010,253 38TH STR DR SE Apt 13,Building fire,42.0146069,-91.6307928
Cedar Rapids Fire Department,6,3/24/10,2010,2042 LINN BLVD SE,Building fire,41.993408,-91.632357
Cedar Rapids Fire Department,6,3/26/10,2010,3524 NORTHWOOD DR NE,Building fire,42.015201,-91.674922
Cedar Rapids Fire Department,5,3/27/10,2010,53 CHERRY HILL RD NW,Building fire,41.9696489,-91.7422349
Cedar Rapids Fire Department,5,3/31/10,2010,1252 32ND ST NE,Building fire,42.01077,-91.654663
Cedar Rapids Fire Department,6,4/4/10,2010,511 17TH ST SE,Building fire,41.982158,-91.646781
Cedar Rapids Fire Department,5,4/5/10,2010,1640 F AVE NW Apt 11,Building fire,41.97944,-91.6939711
Cedar Rapids Fire Department,5,4/6/10,2010,1442 2nd ST SE,Building fire,41.9679829,-91.655863
Cedar Rapids Fire Department,4,4/14/10,2010,350 EDGEWOOD RD NW,Building fire,41.9757766,-91.7165543
Cedar Rapids Fire Department,5,4/16/10,2010,1911 K ST SW,Building fire,41.959241,-91.668289
Cedar Rapids Fire Department,5,4/16/10,2010,526 MEMORIAL DR SE,Building fire,41.98107,-91.627842
Cedar Rapids Fire Department,4,4/16/10,2010,919 F AVE NW,Building fire,41.978751,-91.685727
Cedar Rapids Fire Department,4,4/20/10,2010,201 27TH STR DR SE,Building fire,42.003132,-91.633144
Cedar Rapids Fire Department,6,4/30/10,2010,830 BRIDGIT LN SE Apt 9,Building fire,42.024757,-91.618441
Cedar Rapids Fire Department,4,5/6/10,2010,2050 GLASS RD NE,Building fire,42.0127384,-91.6694312
Cedar Rapids Fire Department,9,5/9/10,2010,3211 44TH ST NE,Building fire,42.023305,-91.687965
Cedar Rapids Fire Department,6,5/9/10,2010,4200 1ST AVE E,Building fire,42.0228456,-91.632451
Cedar Rapids Fire Department,3,5/10/10,2010,901 Oakland RD NE,Building fire,41.995911,-91.660087
Cedar Rapids Fire Department,4,5/11/10,2010,2928 MEADOWBROOK DR SE,Building fire,41.980998,-91.624786
Cedar Rapids Fire Department,5,5/16/10,2010,2406 Franklin AVE NE and 20th,Building fire,41.9970402,-91.6428316
Cedar Rapids Fire Department,5,5/16/10,2010,2931 6TH ST SW Apt 14,Building fire,41.9489686,-91.6768334
Cedar Rapids Fire Department,5,5/31/10,2010,1215 32ND ST NE,Building fire,42.009997,-91.653128
Cedar Rapids Fire Department,6,6/12/10,2010,1618 MORRIS AVE NW,Building fire,41.990585,-91.726747
Cedar Rapids Fire Department,7,6/25/10,2010,1400 SEMINOLE VALLEY RD NE,Building fire,42.0026004,-91.7281718
Cedar Rapids Fire Department,5,6/29/10,2010,3230 DALEWOOD AVE SE,Building fire,41.97871,-91.620622
Cedar Rapids Fire Department,7,7/5/10,2010,382 LESLEY LN NE,Building fire,42.0294716,-91.6899694
Cedar Rapids Fire Department,8,7/5/10,2010,112 OKLAHOMA AV SW,Building fire,41.917769,-91.662803
Cedar Rapids Fire Department,4,7/11/10,2010,934 26TH ST SE,Building fire,41.975888,-91.630272
Cedar Rapids Fire Department,4,7/12/10,2010,934 26TH ST SE,Building fire,41.975888,-91.630272
Cedar Rapids Fire Department,3,7/18/10,2010,862 OAKLAND RD NE,Building fire,41.994578,-91.659267
Cedar Rapids Fire Department,4,7/20/10,2010,419 36TH ST NE,Building fire,42.014414,-91.639191
Cedar Rapids Fire Department,4,8/2/10,2010,304 K AVE NW,Building fire,41.983869,-91.677818
Cedar Rapids Fire Department,5,8/3/10,2010,1416 10TH ST NW,Building fire,41.9873819,-91.68615
Cedar Rapids Fire Department,5,8/16/10,2010,937 19TH AVE SW,Building fire,41.959493,-91.6827519
Cedar Rapids Fire Department,5,8/16/10,2010,941 19 AV SW,Building fire,41.959494,-91.682901
Cedar Rapids Fire Department,5,8/19/10,2010,1412 5TH AVE SE,Building fire,41.982993,-91.652107
Cedar Rapids Fire Department,4,8/21/10,2010,225 5TH ST NW,Building fire,41.976559,-91.679069
Cedar Rapids Fire Department,10,8/23/10,2010,411 30TH STR DR SE,Building fire,42.006827,-91.628043
Cedar Rapids Fire Department,6,8/23/10,2010,1018 TIARA DR NE,Building fire,42.056463,-91.649972
Cedar Rapids Fire Department,5,8/27/10,2010,925 N ST SW,Building fire,41.966354,-91.673069
Cedar Rapids Fire Department,5,8/31/10,2010,1039 3RD AVE SE,Building fire,41.982599,-91.656454
Cedar Rapids Fire Department,3,9/9/10,2010,640 16TH AVE SW Apt 8,Building fire,41.962129,-91.678741
Cedar Rapids Fire Department,5,9/14/10,2010,219 7TH ST SW,Building fire,41.9723339,-91.67947
Cedar Rapids Fire Department,5,9/14/10,2010,118 11th ST SW,Building fire,41.971442,-91.685411
Cedar Rapids Fire Department,5,9/15/10,2010,955 15TH AVE SW,Building fire,41.9626189,-91.683331
Cedar Rapids Fire Department,5,9/20/10,2010,5300 WILLOW CREEK DR SW,Building fire,41.9273891,-91.6938563
Cedar Rapids Fire Department,5,9/23/10,2010,612 16TH ST SE,Building fire,41.981088,-91.647514
Cedar Rapids Fire Department,0,9/27/10,2010,6301 KIRKWOOD BLVD SW,Building fire,41.9055729,-91.650244
Cedar Rapids Fire Department,5,9/29/10,2010,2975 F AVE NW,Building fire,41.9791947,-91.7114338
Cedar Rapids Fire Department,21,9/30/10,2010,E AV NW and 3RD ST NW,Building fire,41.9779439,-91.6771982
Cedar Rapids Fire Department,5,10/4/10,2010,1315 OAKLAND RD NE Apt 4,Building fire,42.0023352,-91.6598855
Cedar Rapids Fire Department,5,10/7/10,2010,3009 12TH AVE SW,Building fire,41.9650055,-91.7107202
Cedar Rapids Fire Department,0,10/10/10,2010,1915 Gretchen DR,Building fire,41.9593533,-91.7480588
Cedar Rapids Fire Department,0,10/10/10,2010,1915 GRETCHEN DR SW,Building fire,41.9593533,-91.7480588
Cedar Rapids Fire Department,4,10/11/10,2010,2733 2 nd AVE SE,Building fire,41.9769001,-91.6695284
Cedar Rapids Fire Department,3,10/13/10,2010,1545 2nd AV SE,Building fire,41.987943,-91.649851
Cedar Rapids Fire Department,5,10/14/10,2010,1410 32 nd ST NE Apt 1,Building fire,42.0107349,-91.656796
Cedar Rapids Fire Department,8,10/20/10,2010,1600 BLAIRS FERRY RD NE,Building fire,42.0351404,-91.6608234
Cedar Rapids Fire Department,5,10/22/10,2010,824 3RD AVE SE,Building fire,41.981637,-91.659591
Cedar Rapids Fire Department,7,10/24/10,2010,1218 33RD ST NE,Building fire,42.011476,-91.653276
Cedar Rapids Fire Department,5,10/25/10,2010,2309 C ST SW,Building fire,41.9563049,-91.6475767
Cedar Rapids Fire Department,4,10/27/10,2010,1739 4TH AVE SE,Building fire,41.983303,-91.645019
Cedar Rapids Fire Department,6,10/28/10,2010,4011 22ND AVE SW,Building fire,41.957217,-91.723253
Cedar Rapids Fire Department,5,10/29/10,2010,PENN AV NW and 9TH ST NW,Building fire,41.991226,-91.6846175
Cedar Rapids Fire Department,5,11/3/10,2010,3131 PEBBLE DR SW,Building fire,41.9476374,-91.7136842
Cedar Rapids Fire Department,6,11/14/10,2010,7535 NORMANDY DR NE,Building fire,42.054031,-91.629889
Cedar Rapids Fire Department,3,11/16/10,2010,909 28TH ST SE,Building fire,41.97647,-91.626674
Cedar Rapids Fire Department,16,11/30/10,2010,944 M ST SW,Building fire,41.966146,-91.672546
Cedar Rapids Fire Department,9,12/4/10,2010,1313 OAKLAND RD NE Apt 5,Building fire,42.002336,-91.660997
Cedar Rapids Fire Department,5,12/5/10,2010,1705 5TH AVE SE Apt B,Building fire,41.982207,-91.646148
Cedar Rapids Fire Department,5,12/8/10,2010,436 NW 20th ST NW,Building fire,41.977348,-91.701317
Cedar Rapids Fire Department,5,12/8/10,2010,430 20TH ST NW,Building fire,41.977175,-91.701317
Cedar Rapids Fire Department,6,12/9/10,2010,2050 GLASS RD NE Apt 204,Building fire,42.0127384,-91.6694312
Cedar Rapids Fire Department,4,12/10/10,2010,1558 BEVER AVE SE,Building fire,41.984701,-91.6483816
Cedar Rapids Fire Department,5,12/15/10,2010,390 CRANDALL DR NE,Building fire,42.044999,-91.638338
Cedar Rapids Fire Department,4,12/17/10,2010,1545 BEVER AVE SE,Building fire,41.984375,-91.6487889
Cedar Rapids Fire Department,11,12/28/10,2010,725 41ST AVE DR SW,Building fire,41.9358886,-91.6449503
Cedar Rapids Fire Department,5,12/29/10,2010,1825 WASHINGTON AVE SE,Building fire,41.985259,-91.643591
Cedar Rapids Fire Department,4,1/4/11,2011,433 4TH AVE SW,Building fire,41.97145,-91.676646
Cedar Rapids Fire Department,4,1/13/11,2011,1617 12TH AVE SE,Building fire,41.9734,-91.646677
Cedar Rapids Fire Department,4,1/18/11,2011,1602 13TH AVE SE,Building fire,41.972986,-91.647432
Cedar Rapids Fire Department,6,1/23/11,2011,3114 CHAPEL DR SW,Building fire,41.947423,-91.715661
Cedar Rapids Fire Department,6,1/23/11,2011,2509 33RD AVE SW,Building fire,41.944635,-91.706149
Cedar Rapids Fire Department,8,1/29/11,2011,606 ROCKHURST DR SW,Building fire,41.965844,-91.764519
Cedar Rapids Fire Department,5,1/30/11,2011,3102 33RD AVE SW,Building fire,41.9459,-91.71213
Cedar Rapids Fire Department,10,2/1/11,2011,8406 BRIGHTON CT SW,Building fire,41.897172,-91.661182
Cedar Rapids Fire Department,9,2/11/11,2011,4000 33RD AVE SW,Building fire,41.9460989,-91.7229459
Cedar Rapids Fire Department,4,2/14/11,2011,658 15TH AVE SW,Building fire,41.963181,-91.679471
Cedar Rapids Fire Department,4,2/15/11,2011,4836 MONTCLAIR DR NW,Building fire,41.981194,-91.734229
Cedar Rapids Fire Department,7,2/19/11,2011,1100 26TH STR CT NW,Building fire,41.984834,-91.706807
Cedar Rapids Fire Department,6,3/3/11,2011,1100 1ST ST SW,Building fire,41.966961,-91.66744
Cedar Rapids Fire Department,8,3/15/11,2011,2160 EDGEWOOD RD NW Apt 11,Building fire,41.9981024,-91.7093049
Cedar Rapids Fire Department,5,3/18/11,2011,361 30TH STR DR SE,Building fire,42.006917,-91.629546
Cedar Rapids Fire Department,7,3/18/11,2011,4421 LORAINE ST NE,Building fire,42.026098,-91.647244
Cedar Rapids Fire Department,5,3/21/11,2011,3223 MOUND AVE SE,Building fire,41.979039,-91.620627
Cedar Rapids Fire Department,6,3/28/11,2011,1708 C ST SW,Building fire,41.963372,-91.660866
Cedar Rapids Fire Department,6,3/28/11,2011,2013 WEST POST RD SW,Building fire,41.9597856,-91.7403852
Cedar Rapids Fire Department,6,3/29/11,2011,2506 CANYON ST SW,Building fire,41.9538024,-91.7412452
Cedar Rapids Fire Department,8,3/31/11,2011,3320 QUEEN DR SW Apt 201,Building fire,41.944251,-91.715189
Cedar Rapids Fire Department,8,4/2/11,2011,4320 WESTCHESTER DR NE,Building fire,42.023592,-91.6853129
Cedar Rapids Fire Department,7,4/2/11,2011,408 EDGEWOOD RD NW,Building fire,41.9775528,-91.7164456
Cedar Rapids Fire Department,5,4/5/11,2011,824 M AVE NW,Building fire,41.987005,-91.684376
Cedar Rapids Fire Department,7,4/5/11,2011,1644 13TH ST NW,Building fire,41.9903959,-91.690766
Cedar Rapids Fire Department,6,4/10/11,2011,322 SUSSEX DR NE,Building fire,42.045983,-91.634644
Cedar Rapids Fire Department,5,4/10/11,2011,4617 J ST SW,Building fire,41.9327276,-91.6659564
Cedar Rapids Fire Department,5,4/16/11,2011,822 18TH ST SW,Building fire,41.968306,-91.696378
Cedar Rapids Fire Department,5,4/17/11,2011,1526 J AVE NE,Building fire,41.999694,-91.65611
Cedar Rapids Fire Department,4,4/29/11,2011,2512 C AVE NE,Building fire,42.002778,-91.639979
Cedar Rapids Fire Department,8,5/5/11,2011,5016 1ST AVE W Apt 6,Building fire,41.976663,-91.6729385
Cedar Rapids Fire Department,5,5/13/11,2011,1123 21st St SE,Building fire,41.974078,-91.639456
Cedar Rapids Fire Department,6,5/18/11,2011,120 10TH ST SW,Building fire,41.97172,-91.684267
Cedar Rapids Fire Department,6,5/20/11,2011,4516 WALKER ST NE,Building fire,42.02417,-91.664212
Cedar Rapids Fire Department,5,5/23/11,2011,1337 19TH AVE SW,Building fire,41.959579,-91.690377
Cedar Rapids Fire Department,3,5/28/11,2011,632 19TH AVE SW,Building fire,41.960036,-91.678445
Cedar Rapids Fire Department,5,5/28/11,2011,266 LYNDA DR NW,Building fire,41.974051,-91.728517
Cedar Rapids Fire Department,6,5/31/11,2011,1658 32ND ST NE,Building fire,42.010674,-91.661798
Cedar Rapids Fire Department,5,6/1/11,2011,1730 C AV NW,Building fire,41.976383,-91.696215
Cedar Rapids Fire Department,5,6/1/11,2011,1726 C AV NW,Building fire,41.976587,-91.696032
Cedar Rapids Fire Department,9,6/6/11,2011,2951 6TH ST SW Apt 1,Building fire,41.9486241,-91.6767906
Cedar Rapids Fire Department,3,6/8/11,2011,3939 1ST AVE E,Building fire,42.0189488,-91.6320875
Cedar Rapids Fire Department,10,6/10/11,2011,505 ROCKHURST DR SW,Building fire,41.966963,-91.763789
Cedar Rapids Fire Department,6,6/13/11,2011,1906 TAFT DR SW,Building fire,41.915555,-91.626236
Cedar Rapids Fire Department,7,6/15/11,2011,5521 PLAINVIEW DR NW,Building fire,41.9746219,-91.743368
Cedar Rapids Fire Department,7,6/15/11,2011,1106 REGENT ST NE,Building fire,42.024615,-91.651263
Cedar Rapids Fire Department,6,6/19/11,2011,226 27TH ST NW,Building fire,41.9733637,-91.708479
Cedar Rapids Fire Department,7,6/19/11,2011,330 29TH STR DR SE,Building fire,42.006402,-91.6302989
Cedar Rapids Fire Department,6,6/20/11,2011,925 N ST SW,Building fire,41.966354,-91.673069
Cedar Rapids Fire Department,4,6/24/11,2011,MOUNT VERNON RD SE and 14TH ST SE,Building fire,41.9777142,-91.6519173
Cedar Rapids Fire Department,4,6/27/11,2011,2121 ROCKFORD RD SW Apt 9,Building fire,41.958419,-91.693963
Cedar Rapids Fire Department,4,7/1/11,2011,1436 M ST SW,Building fire,41.963118,-91.672537
Cedar Rapids Fire Department,4,7/9/11,2011,393 EDGEWOOD RD NW,Building fire,41.9771454,-91.7159472
Cedar Rapids Fire Department,5,7/13/11,2011,2237 BIRCHWOOD DR NE,Building fire,42.014674,-91.6743089
Cedar Rapids Fire Department,6,7/13/11,2011,1611 CENTER POINT RD NE,Building fire,42.0053485,-91.6630753
Cedar Rapids Fire Department,7,7/16/11,2011,1049 F AVE NW,Building fire,41.978775,-91.688246
Cedar Rapids Fire Department,5,7/17/11,2011,337 24 ST NW,Building fire,41.975654,-91.705476
Cedar Rapids Fire Department,5,7/17/11,2011,337 24 ST NW,Building fire,41.975654,-91.705476
Cedar Rapids Fire Department,5,7/17/11,2011,337 24TH ST NW,Building fire,41.975654,-91.705476
Cedar Rapids Fire Department,4,7/20/11,2011,925 N ST SW,Building fire,41.966354,-91.673069
Cedar Rapids Fire Department,3,7/22/11,2011,7009 KENT DR NE,Building fire,42.048372,-91.629757
Cedar Rapids Fire Department,5,7/28/11,2011,3127 WESTWOOD DR NW,Building fire,41.984916,-91.713532
Cedar Rapids Fire Department,5,7/30/11,2011,1100 6th ST SE,Building fire,41.9729278,-91.6556333
Cedar Rapids Fire Department,5,7/30/11,2011,1150 6th ST SE,Building fire,41.9725774,-91.6548191
Cedar Rapids Fire Department,5,7/30/11,2011,1113 6th ST SE,Building fire,41.9728148,-91.6555628
Cedar Rapids Fire Department,4,8/5/11,2011,1030 MEMORIAL DR SE,Building fire,41.974926,-91.627422
Cedar Rapids Fire Department,6,8/13/11,2011,902 16TH AVE SE,Building fire,41.971079,-91.652482
Cedar Rapids Fire Department,7,8/14/11,2011,902 16th St SE,Building fire,41.9779292,-91.6465
Cedar Rapids Fire Department,4,8/20/11,2011,1829 B AV NE,Building fire,41.9934,-91.6471
Cedar Rapids Fire Department,4,8/20/11,2011,1823 B AVE NE,Building fire,41.993316,-91.647245
Cedar Rapids Fire Department,7,8/20/11,2011,5805 MUIRFIELD DR SW,Building fire,41.919917,-91.634575
Cedar Rapids Fire Department,3,8/25/11,2011,1541 D AVE NE,Building fire,41.992058,-91.654224
Cedar Rapids Fire Department,10,8/27/11,2011,2417 DESOTO ST SW,Building fire,41.9778795,-91.6656232
Cedar Rapids Fire Department,7,8/29/11,2011,4001 44TH AVE SW,Building fire,41.935226,-91.722672
Cedar Rapids Fire Department,4,8/29/11,2011,4333 1ST AVE SW Apt 308,Building fire,41.9671918,-91.7270598
Cedar Rapids Fire Department,8,9/5/11,2011,725 41ST AVE DR SW,Building fire,41.9358886,-91.6449503
Cedar Rapids Fire Department,5,9/5/11,2011,1919 CACH LN SW,Building fire,41.959049,-91.659628
Cedar Rapids Fire Department,8,9/6/11,2011,1505 48TH ST NE,Building fire,42.026064,-91.658741
Cedar Rapids Fire Department,7,9/8/11,2011,2222 1ST AVE E,Building fire,41.9978689,-91.637401
Cedar Rapids Fire Department,5,9/9/11,2011,1225 2ND AVE SE,Building fire,41.984304,-91.65589
Cedar Rapids Fire Department,5,9/10/11,2011,1540 5TH AVE SE,Building fire,41.982895,-91.648839
Cedar Rapids Fire Department,5,9/11/11,2011,1717 D ST SW,Building fire,41.9630469,-91.661892
Cedar Rapids Fire Department,5,9/11/11,2011,1717 D ST SW,Building fire,41.9630469,-91.661892
Cedar Rapids Fire Department,5,9/11/11,2011,1719 D ST SW,Building fire,41.9630417,-91.6618829
Cedar Rapids Fire Department,10,9/14/11,2011,1950 DODGE RD NE Apt 108,Building fire,42.027372,-91.6671739
Cedar Rapids Fire Department,10,9/16/11,2011,6506 COLORADO DR SW,Building fire,41.915339,-91.664424
Cedar Rapids Fire Department,7,9/18/11,2011,2911 LONG BLUFF RD NE,Building fire,42.009123,-91.69408
Cedar Rapids Fire Department,5,9/24/11,2011,1371 19TH AVE SW,Building fire,41.959591,-91.691443
Cedar Rapids Fire Department,7,9/25/11,2011,2128 NORTH TOWNE CT NE Apt 1,Building fire,42.0339413,-91.6718413
Cedar Rapids Fire Department,5,9/26/11,2011,1525 7th Ave SE,Building fire,41.9802729,-91.649279
Cedar Rapids Fire Department,4,10/1/11,2011,1400 3RD ST NW,Building fire,41.9868237,-91.6773551
Cedar Rapids Fire Department,7,10/2/11,2011,344 19TH ST SE,Building fire,41.987315,-91.642452
Cedar Rapids Fire Department,4,10/5/11,2011,209 7th ST,Building fire,41.972646,-91.679671
Cedar Rapids Fire Department,6,10/7/11,2011,1121 3RD ST SW,Building fire,41.9662625,-91.670044
Cedar Rapids Fire Department,0,10/10/11,2011,401 76TH AVE SW,Building fire,41.9049651,-91.668637
Cedar Rapids Fire Department,6,10/13/11,2011,82 SIMPSON ST SW,Building fire,41.9236855,-91.6507005
Cedar Rapids Fire Department,6,10/13/11,2011,82 Simpson ST SW,Building fire,41.9236855,-91.6507005
Cedar Rapids Fire Department,5,10/19/11,2011,2014 K ST SW,Building fire,41.95822,-91.669068
Cedar Rapids Fire Department,6,10/26/11,2011,120 23RD STR DR SE,Building fire,41.999434,-91.635448
Cedar Rapids Fire Department,5,10/26/11,2011,120 23RD STR DR SE,Building fire,41.999434,-91.635448
Cedar Rapids Fire Department,12,10/29/11,2011,1425 60TH AVE SW,Building fire,41.914363,-91.689853
Cedar Rapids Fire Department,4,11/1/11,2011,900 CENTER POINT RD NE,Building fire,41.995861,-91.662313
Cedar Rapids Fire Department,5,11/2/11,2011,1243 20TH ST SW,Building fire,41.965818,-91.698704
Cedar Rapids Fire Department,4,11/8/11,2011,826 17TH ST SE,Building fire,41.97857,-91.646127
Cedar Rapids Fire Department,5,11/12/11,2011,720 29TH ST SE,Building fire,41.9779484,-91.6256142
Cedar Rapids Fire Department,6,11/13/11,2011,4861 1ST AVE W Apt 1C,Building fire,41.9668161,-91.7337787
Cedar Rapids Fire Department,7,11/16/11,2011,1710 16TH ST SE,Building fire,41.969297,-91.6458959
Cedar Rapids Fire Department,7,11/17/11,2011,1050 WENIG RD NE,Building fire,41.999665,-91.676801
Cedar Rapids Fire Department,4,11/26/11,2011,1111 19TH AVE SW,Building fire,41.959506,-91.684082
Cedar Rapids Fire Department,5,11/30/11,2011,1552 7TH AVE SE,Building fire,41.980726,-91.648138
Cedar Rapids Fire Department,9,12/7/11,2011,255 15TH ST NW,Building fire,41.973527,-91.691566
Cedar Rapids Fire Department,5,12/13/11,2011,400 COLLINS RD NE,Building fire,42.0280838,-91.6324042
Cedar Rapids Fire Department,6,12/17/11,2011,5560 6TH ST SW Apt 111,Building fire,41.923874,-91.677552
Cedar Rapids Fire Department,4,12/22/11,2011,5TH AV SW and 9TH ST SW,Building fire,41.9706821,-91.6812308
Cedar Rapids Fire Department,5,12/23/11,2011,505 9TH ST SW,Building fire,41.970477,-91.680972
Cedar Rapids Fire Department,4,12/23/11,2011,4900 16TH AVE SW Apt 212,Building fire,41.9648399,-91.7348633
Cedar Rapids Fire Department,6,12/24/11,2011,1140 PARK PL NE,Building fire,42.030763,-91.651833
Cedar Rapids Fire Department,5,12/25/11,2011,1515 ARIZONA CT NE,Building fire,42.015633,-91.658411
Cedar Rapids Fire Department,4,12/29/11,2011,824 6TH ST SW,Building fire,41.9678677,-91.6770964
Cedar Rapids Fire Department,7,12/29/11,2011,3300 C ST SW,Building fire,41.943937,-91.638699
Cedar Rapids Fire Department,3,1/2/12,2012,130 JACOLYN DR SW Apt 6,Building fire,41.966216,-91.731478
Cedar Rapids Fire Department,5,1/2/12,2012,310 5TH AVE SE Apt 1230,Building fire,41.9759389,-91.663465
Cedar Rapids Fire Department,5,1/3/12,2012,6706 ARBOR LN NE,Building fire,42.0456969,-91.661875
Cedar Rapids Fire Department,5,1/3/12,2012,6706 ARBOR LN NE,Building fire,42.0456969,-91.661875
Cedar Rapids Fire Department,5,1/3/12,2012,6706 ARBOR LN NE,Building fire,42.0456969,-91.661875
Cedar Rapids Fire Department,6,1/4/12,2012,362 19TH ST SE,Building fire,41.985976,-91.6425299
Cedar Rapids Fire Department,5,1/10/12,2012,406 E AVE NW,Building fire,41.978152,-91.678915
Cedar Rapids Fire Department,5,1/16/12,2012,1010 Bealer CT SE,Building fire,41.9769859,-91.651541
Cedar Rapids Fire Department,5,1/16/12,2012,1014 Bealer CT SE,Building fire,41.977033,-91.651435
Cedar Rapids Fire Department,7,1/23/12,2012,3538 ELMWOOD CT NE,Building fire,42.015259,-91.675851
Cedar Rapids Fire Department,6,1/25/12,2012,511 21ST ST NE,Building fire,41.999009,-91.643708
Cedar Rapids Fire Department,5,1/29/12,2012,2725 TERESA DR SW,Building fire,41.951052,-91.655333
Cedar Rapids Fire Department,4,1/30/12,2012,1638 3RD AVE SE Apt 2,Building fire,41.988938,-91.646823
Cedar Rapids Fire Department,3,1/31/12,2012,1427 4TH AVE SE,Building fire,41.983419,-91.651672
Cedar Rapids Fire Department,3,2/1/12,2012,5712 ADDISON AVE NE,Building fire,42.0353939,-91.647107
Cedar Rapids Fire Department,6,2/3/12,2012,1711 Washington AVE SE,Building fire,41.985325,-91.645753
Cedar Rapids Fire Department,6,2/3/12,2012,1707 WASHINGTON AVE SE,Building fire,41.985329,-91.6459
Cedar Rapids Fire Department,6,2/3/12,2012,1701 Washington AV SE,Building fire,41.985445,-91.646077
Cedar Rapids Fire Department,12,2/3/12,2012,7525 BERTRAM RD SE,Building fire,41.9614859,-91.5698543
Cedar Rapids Fire Department,7,2/10/12,2012,1319 SIERRA DR NE,Building fire,42.002481,-91.669364
Cedar Rapids Fire Department,7,2/11/12,2012,1227 BELMONT PKY NW,Building fire,41.984695,-91.702466
Cedar Rapids Fire Department,6,2/12/12,2012,2729 BRYANT BLVD SW,Building fire,41.952159,-91.750705
Cedar Rapids Fire Department,6,2/13/12,2012,1459 2nd ST SE,Building fire,41.967322,-91.65541
Cedar Rapids Fire Department,4,2/20/12,2012,141 37TH ST NE,Building fire,42.0159214,-91.6365121
Cedar Rapids Fire Department,4,2/24/12,2012,421 C AVE NW,Building fire,41.977526,-91.679449
Cedar Rapids Fire Department,5,2/26/12,2012,215 22ND ST NW,Building fire,41.973146,-91.703066
Cedar Rapids Fire Department,3,2/27/12,2012,7330 Revere DR NE,Building fire,42.051352,-91.637298
Cedar Rapids Fire Department,7,3/1/12,2012,6000 SHARON LN NW,Building fire,41.973612,-91.748169
Cedar Rapids Fire Department,8,3/2/12,2012,1651 34TH ST SE,Building fire,41.967989,-91.619001
Cedar Rapids Fire Department,5,3/2/12,2012,2263 C ST SW Apt 8,Building fire,41.9573872,-91.6500042
Cedar Rapids Fire Department,6,3/3/12,2012,2040 GLASS RD NE,Building fire,42.0135618,-91.6693502
Cedar Rapids Fire Department,0,3/3/12,2012,2050 GLASS RD NE,Building fire,42.0127384,-91.6694312
Cedar Rapids Fire Department,7,3/9/12,2012,1606 SIERRA DR NE,Building fire,42.005189,-91.667607
Cedar Rapids Fire Department,6,3/9/12,2012,3640 BEL AIR DR SE,Building fire,41.97079,-91.614255
Cedar Rapids Fire Department,3,3/9/12,2012,1604 Sierra DR NE,Building fire,42.0050592,-91.6681777
Cedar Rapids Fire Department,3,3/10/12,2012,5625 SKYLINE CT NW,Building fire,41.97059,-91.744694
Cedar Rapids Fire Department,5,3/14/12,2012,2000 WILEY BLVD SW Apt 106,Building fire,41.9597372,-91.7266806
Cedar Rapids Fire Department,6,3/16/12,2012,1221 Sierra DR NE,Building fire,42.002481,-91.669364
Cedar Rapids Fire Department,6,3/16/12,2012,1221 Sierra DR NE,Building fire,42.002481,-91.669364
Cedar Rapids Fire Department,6,3/16/12,2012,1221 Sierra DR NE,Building fire,42.002481,-91.669364
Cedar Rapids Fire Department,6,3/16/12,2012,1221 SIERRA DR NE,Building fire,42.002481,-91.669364
Cedar Rapids Fire Department,6,3/16/12,2012,1221 Sierra DR NE,Building fire,42.002481,-91.669364
Cedar Rapids Fire Department,4,3/19/12,2012,1025 G AVE NW,Building fire,41.979811,-91.687306
Cedar Rapids Fire Department,1,3/20/12,2012,421 6TH AVE SW,Building fire,41.969931,-91.675567
Cedar Rapids Fire Department,3,3/20/12,2012,3929 20TH AVE SW Apt 2,Building fire,41.959884,-91.7232609
Cedar Rapids Fire Department,5,3/25/12,2012,308 JACOLYN DR SW Apt 8,Building fire,41.964872,-91.733186
Cedar Rapids Fire Department,4,3/29/12,2012,836 9TH ST SW,Building fire,41.967493,-91.681633
Cedar Rapids Fire Department,6,3/29/12,2012,3317 ROSEWOOD CT NE,Building fire,42.012169,-91.668818
Cedar Rapids Fire Department,2,4/4/12,2012,1001 1ST ST SW,Building fire,41.968257,-91.665796
Cedar Rapids Fire Department,8,4/6/12,2012,1714 34TH ST NE,Building fire,42.013837,-91.662341
Cedar Rapids Fire Department,0,4/9/12,2012,600 ASHTON PL NE,Building fire,42.042728,-91.639302
Cedar Rapids Fire Department,6,4/11/12,2012,5920 WABASH ST SW,Building fire,41.956163,-91.7458754
Cedar Rapids Fire Department,3,4/12/12,2012,1220 AUBURN DR SW Apt S1,Building fire,41.9648971,-91.7194784
Cedar Rapids Fire Department,3,4/12/12,2012,188 JACOLYN DR NW,Building fire,41.971029,-91.732544
Cedar Rapids Fire Department,4,4/16/12,2012,1005 Ellis BLVD NW,Building fire,41.9819249,-91.6818344
Cedar Rapids Fire Department,4,4/16/12,2012,1000 Ellis BLVD NW,Building fire,41.981867,-91.682406
Cedar Rapids Fire Department,4,4/16/12,2012,1010 Ellis BLVD NW,Building fire,41.982128,-91.68241
Cedar Rapids Fire Department,4,4/16/12,2012,914 Ellis BLVD NW,Building fire,41.9815449,-91.682377
Cedar Rapids Fire Department,4,4/17/12,2012,2800 A AVE NE,Building fire,42.005353,-91.636714
Cedar Rapids Fire Department,5,4/25/12,2012,4000 SHERMAN ST NE Apt 22,Building fire,42.020186,-91.659546
Cedar Rapids Fire Department,4,4/30/12,2012,418 2ND ST NE,Building fire,41.9808548,-91.6704926
Cedar Rapids Fire Department,6,5/1/12,2012,3131 D AVE NE,Building fire,42.009571,-91.639841
Cedar Rapids Fire Department,4,5/2/12,2012,506 19TH ST NE,Building fire,41.996553,-91.647672
Cedar Rapids Fire Department,10,5/6/12,2012,6816 COLLEGE PARK CT SW Apt 7,Building fire,41.912743,-91.660865
Cedar Rapids Fire Department,10,5/17/12,2012,2321 BLAKELY BLVD SE,Building fire,41.954508,-91.634182
Cedar Rapids Fire Department,4,5/18/12,2012,258 12TH ST NW,Building fire,41.97421,-91.688608
Cedar Rapids Fire Department,6,5/18/12,2012,2044 NORTH TOWNE CT NE Apt 8,Building fire,42.0336814,-91.6708407
Cedar Rapids Fire Department,4,5/23/12,2012,81 26TH AVE SW,Building fire,41.951951,-91.662457
Cedar Rapids Fire Department,4,5/27/12,2012,220 7th AVE SW,Building fire,41.970276,-91.671733
Cedar Rapids Fire Department,5,5/27/12,2012,1515 5TH AVE SE,Building fire,41.98232,-91.649789
Cedar Rapids Fire Department,4,5/27/12,2012,703 3RD ST SW,Building fire,41.9698769,-91.6716019
Cedar Rapids Fire Department,5,5/30/12,2012,5TH ST SE and 12TH AV SE,Building fire,41.9717671,-91.6554425
Cedar Rapids Fire Department,8,6/1/12,2012,1736 B AVE NE,Building fire,41.992967,-91.6493689
Cedar Rapids Fire Department,5,6/6/12,2012,931 16TH AVE SE,Building fire,41.970387,-91.65122
Cedar Rapids Fire Department,2,6/8/12,2012,1508 C AVE NE,Building fire,41.991186,-91.654773
Cedar Rapids Fire Department,6,6/15/12,2012,2040 GLASS RD NE,Building fire,42.0135618,-91.6693502
Cedar Rapids Fire Department,4,6/18/12,2012,1052 MOUNT VERNON RD SE,Building fire,41.9779076,-91.6521324
Cedar Rapids Fire Department,6,6/20/12,2012,318 5TH ST SE,Building fire,41.978515,-91.662593
Cedar Rapids Fire Department,4,6/20/12,2012,1546 A AVE NE,Building fire,41.9901,-91.651826
Cedar Rapids Fire Department,4,6/24/12,2012,161 38th. NE,Building fire,42.016831,-91.637084
Cedar Rapids Fire Department,4,6/24/12,2012,919 6TH ST SW,Building fire,41.966901,-91.676107
Cedar Rapids Fire Department,4,6/24/12,2012,443 9th AV SW,Building fire,41.967219,-91.676278
Cedar Rapids Fire Department,4,6/24/12,2012,161 38th. ST NE,Building fire,42.016831,-91.637084
Cedar Rapids Fire Department,4,6/24/12,2012,447 9th AV SW,Building fire,41.967223,-91.6765719
Cedar Rapids Fire Department,4,6/24/12,2012,459 9th ST SW,Building fire,41.9706689,-91.6812123
Cedar Rapids Fire Department,4,6/24/12,2012,159 38TH ST NE,Building fire,42.016826,-91.6369
Cedar Rapids Fire Department,4,6/24/12,2012,441 9th AV SW,Building fire,41.967215,-91.676057
Cedar Rapids Fire Department,10,6/25/12,2012,4302 HOLLY CIR NE,Building fire,42.0437269,-91.71383
Cedar Rapids Fire Department,8,6/26/12,2012,1011 1ST AVE W,Building fire,41.972038,-91.684776
Cedar Rapids Fire Department,12,6/29/12,2012,5001 HAY FIELD CT SW,Building fire,41.9295,-91.615512
Cedar Rapids Fire Department,6,7/2/12,2012,5537 NORTH TOWNE PL NE Apt 1,Building fire,42.034442,-91.6727027
Cedar Rapids Fire Department,6,7/4/12,2012,1857 WILSON AVE SW,Building fire,41.95583,-91.6988949
Cedar Rapids Fire Department,6,7/6/12,2012,818 PAWNEE DR NW,Building fire,41.980462,-91.691621
Cedar Rapids Fire Department,7,7/8/12,2012,4444 1ST AVE E,Building fire,42.0255179,-91.6272126
Cedar Rapids Fire Department,7,7/10/12,2012,700 41ST AVE DR SW,Building fire,41.940606,-91.648071
Cedar Rapids Fire Department,9,7/11/12,2012,418 2ND ST NE,Building fire,41.9808548,-91.6704926
Cedar Rapids Fire Department,6,7/16/12,2012,3631 WESTERN PINE DR NE,Building fire,42.030992,-91.693546
Cedar Rapids Fire Department,6,7/22/12,2012,1002 A AVE NW,Building fire,41.973711,-91.685541
Cedar Rapids Fire Department,5,7/25/12,2012,359 16th ST SE,Building fire,41.986294,-91.648195
Cedar Rapids Fire Department,5,7/25/12,2012,1555 Park AV SE,Building fire,41.986448,-91.648371
Cedar Rapids Fire Department,5,7/26/12,2012,3327 QUEEN DR SW,Building fire,41.94491,-91.71417
Cedar Rapids Fire Department,6,8/10/12,2012,1426 PAWNEE DR NW,Building fire,41.983683,-91.691553
Cedar Rapids Fire Department,7,8/10/12,2012,2040 EDGEWOOD RD NW,Building fire,41.998705,-91.710176
Cedar Rapids Fire Department,7,8/15/12,2012,418 2ND ST NE,Building fire,41.9808548,-91.6704926
Cedar Rapids Fire Department,5,8/15/12,2012,517 9TH ST SW,Building fire,41.970079,-91.680805
Cedar Rapids Fire Department,4,8/19/12,2012,218 18TH ST NE,Building fire,41.9929119,-91.647642
Cedar Rapids Fire Department,13,8/20/12,2012,706 DANBURY ST NE,Building fire,42.026024,-91.644364
Cedar Rapids Fire Department,4,8/20/12,2012,2010 SYLVIA AVE NE,Building fire,42.030478,-91.668727
Cedar Rapids Fire Department,6,8/22/12,2012,2944 OAKLAND RD NE,Building fire,42.008157,-91.658809
Cedar Rapids Fire Department,6,8/28/12,2012,1711 C AVE NW,Building fire,41.975739,-91.695403
Cedar Rapids Fire Department,5,9/1/12,2012,385 16TH ST SE,Building fire,41.984208,-91.648074
Cedar Rapids Fire Department,4,9/1/12,2012,120 10TH ST SW,Building fire,41.97172,-91.684267
Cedar Rapids Fire Department,7,9/5/12,2012,3809 ELMWOOD DR NE,Building fire,42.018355,-91.677407
Cedar Rapids Fire Department,6,9/27/12,2012,216 NORMA ST SW,Building fire,41.9526183,-91.7346688
Cedar Rapids Fire Department,5,10/3/12,2012,216 16th AV SW,Building fire,41.962171,-91.666305
Cedar Rapids Fire Department,5,10/3/12,2012,220 16th AV SW,Building fire,41.962117,-91.666454
Cedar Rapids Fire Department,5,10/3/12,2012,220 16TH AVE SW,Building fire,41.962117,-91.666454
Cedar Rapids Fire Department,5,10/6/12,2012,1330 ELMHURST DR NE,Building fire,42.002547,-91.652073
Cedar Rapids Fire Department,3,10/8/12,2012,2800 A AVE NE,Building fire,42.005353,-91.636714
Cedar Rapids Fire Department,8,10/14/12,2012,4401 BENTON ST NE,Building fire,42.023238,-91.6594439
Cedar Rapids Fire Department,10,10/18/12,2012,2134 NORTH TOWNE LN NE Apt 4,Building fire,42.0329638,-91.6712276
Cedar Rapids Fire Department,7,10/24/12,2012,4330 CZECH LN NE,Building fire,42.0237593,-91.667102
Cedar Rapids Fire Department,5,11/4/12,2012,1619 F Ave. NE,Building fire,41.994575,-91.654391
Cedar Rapids Fire Department,7,11/9/12,2012,3821 OAKLAND RD NE,Building fire,42.01842,-91.654516
Cedar Rapids Fire Department,7,11/14/12,2012,155 19TH ST NW,Building fire,41.972448,-91.6983939
Cedar Rapids Fire Department,4,11/20/12,2012,404 9TH AVE SW,Building fire,41.967718,-91.674963
Cedar Rapids Fire Department,6,11/22/12,2012,3643 12TH AVE SW Apt N2,Building fire,41.9656129,-91.7198587
Cedar Rapids Fire Department,5,11/22/12,2012,1834 Western DR SW,Building fire,41.9613215,-91.7497513
Cedar Rapids Fire Department,5,11/22/12,2012,1834 WESTERN DR SW,Building fire,41.9613215,-91.7497513
Cedar Rapids Fire Department,5,11/28/12,2012,57 18th AV SW,Building fire,41.964363,-91.658834
Cedar Rapids Fire Department,8,11/30/12,2012,131 14TH AVE SE,Building fire,41.967775,-91.657452
Cedar Rapids Fire Department,4,12/3/12,2012,1202 M ST SW,Building fire,41.965593,-91.672544
Cedar Rapids Fire Department,6,12/7/12,2012,3232 CENTER POINT RD NE,Building fire,42.0114705,-91.6631756
Cedar Rapids Fire Department,6,12/11/12,2012,4401 COUNCIL ST NE,Building fire,42.023256,-91.658482
Cedar Rapids Fire Department,4,12/16/12,2012,133 26TH AVE SW,Building fire,41.9521159,-91.664702
Cedar Rapids Fire Department,5,12/29/12,2012,2113 HAMILTON ST SW,Building fire,41.957336,-91.662066
Cedar Rapids Fire Department,6,1/1/13,2013,3805 20TH AVE SW Apt 1,Building fire,41.959884,-91.7232609
Cedar Rapids Fire Department,6,1/2/13,2013,1547 5TH AVE SE,Building fire,41.982284,-91.648605
Cedar Rapids Fire Department,5,1/8/13,2013,1515 5TH AVE SE,Building fire,41.98232,-91.649789
Cedar Rapids Fire Department,2,1/14/13,2013,3359 FALCON DR NE,Building fire,42.018545,-91.689444
Cedar Rapids Fire Department,6,1/14/13,2013,1549 8TH AVE SE,Building fire,41.979344,-91.648506
Cedar Rapids Fire Department,5,1/20/13,2013,706 BLAIRS FERRY RD NE,Building fire,42.035282,-91.64483
Cedar Rapids Fire Department,7,1/21/13,2013,1120 SIOUX DR NW,Building fire,41.983534,-91.693995
Cedar Rapids Fire Department,4,2/16/13,2013,925 A AVE NW,Building fire,41.97332,-91.684761
Cedar Rapids Fire Department,7,3/1/13,2013,3325 SOUTHGATE CT SW,Building fire,41.943038,-91.671757
Cedar Rapids Fire Department,5,3/2/13,2013,2740 A AVE NE Apt 21,Building fire,42.004488,-91.6367
Cedar Rapids Fire Department,3,3/7/13,2013,501 29TH ST NE,Building fire,42.00605,-91.640378
Cedar Rapids Fire Department,4,3/10/13,2013,631 ASHTON PL NE Apt 5,Building fire,42.0427476,-91.6411174
Cedar Rapids Fire Department,6,3/13/13,2013,264 BOICE RD NW,Building fire,41.9735889,-91.732343
Cedar Rapids Fire Department,10,3/20/13,2013,3592 ROGERS RD NW,Building fire,41.989023,-91.721203
Cedar Rapids Fire Department,5,3/21/13,2013,1803 B AV NE,Building fire,41.993091,-91.64794
Cedar Rapids Fire Department,7,3/21/13,2013,2019 SUNLAND DR SE,Building fire,41.993017,-91.608637
Cedar Rapids Fire Department,5,3/28/13,2013,1801 2ND AVE SE,Building fire,41.990583,-91.6449279
Cedar Rapids Fire Department,5,3/28/13,2013,3600 SKYLARK LN SE,Building fire,41.982102,-91.615855
Cedar Rapids Fire Department,6,4/4/13,2013,1249 3RD AVE SE Apt 4,Building fire,41.983801,-91.654347
Cedar Rapids Fire Department,4,4/7/13,2013,231 32ND ST NE,Building fire,42.009514,-91.637665
Cedar Rapids Fire Department,6,4/12/13,2013,1710 16TH ST SE,Building fire,41.969297,-91.6458959
Cedar Rapids Fire Department,7,4/14/13,2013,1203 2ND AVE SE,Building fire,41.983983,-91.656648
Cedar Rapids Fire Department,4,4/18/13,2013,1639 MIAMI DR NE,Building fire,42.018181,-91.66206
Cedar Rapids Fire Department,11,4/19/13,2013,428 DUKE ST SW,Building fire,41.919763,-91.6507531
Cedar Rapids Fire Department,6,4/22/13,2013,1311 C ST SW,Building fire,41.965627,-91.663899
Cedar Rapids Fire Department,4,4/24/13,2013,2023 J ST SW,Building fire,41.957979,-91.66694
Cedar Rapids Fire Department,8,4/26/13,2013,1132 WHITE IVY PL NE,Building fire,42.050627,-91.646113
Cedar Rapids Fire Department,4,4/28/13,2013,2049 FRANKLIN AVE NE,Building fire,42.002308,-91.644256
Cedar Rapids Fire Department,4,4/28/13,2013,324 JACOLYN DR SW Apt 5,Building fire,41.964872,-91.733186
Cedar Rapids Fire Department,6,4/28/13,2013,195 MILLER AVE SW,Building fire,41.92373,-91.666261
Cedar Rapids Fire Department,5,4/28/13,2013,195 Miller AV SW,Building fire,41.92373,-91.666261
Cedar Rapids Fire Department,0,5/6/13,2013,1551 WASHINGTON AV SE,Building fire,41.985405,-91.648484
Cedar Rapids Fire Department,4,5/6/13,2013,408 14TH ST SE,Building fire,41.9832832,-91.652739
Cedar Rapids Fire Department,3,5/12/13,2013,2316 HILLCREST DR SE,Building fire,41.979424,-91.633584
Cedar Rapids Fire Department,5,5/20/13,2013,3718 C AVE NE,Building fire,42.016473,-91.638687
Cedar Rapids Fire Department,8,5/26/13,2013,3107 BAYBERRY DR SW,Building fire,41.946851,-91.712388
Cedar Rapids Fire Department,8,5/26/13,2013,3103 BAYBERRY DR SW,Building fire,41.94685,-91.7121559
Cedar Rapids Fire Department,6,6/3/13,2013,1937 BLAIRS FERRY RD NE,Building fire,42.0331173,-91.6645055
Cedar Rapids Fire Department,5,6/6/13,2013,6325 ROCKWELL DR NE,Building fire,42.040856,-91.649572
Cedar Rapids Fire Department,6,6/10/13,2013,4070 21ST AVE SW,Building fire,41.959485,-91.724855
Cedar Rapids Fire Department,4,6/18/13,2013,300 31ST ST NE Apt D,Building fire,42.009014,-91.638103
Cedar Rapids Fire Department,8,6/23/13,2013,2120 HIGH DR SE,Building fire,41.959333,-91.63381
Cedar Rapids Fire Department,10,6/28/13,2013,4044 WATERPOINT CT SW,Building fire,41.939483,-91.758753
Cedar Rapids Fire Department,10,6/28/13,2013,4044 WATER POINT CT SW,Building fire,41.939483,-91.758753
Cedar Rapids Fire Department,10,6/28/13,2013,4044 WATERPOINT CT SW,Building fire,41.939483,-91.758753
Cedar Rapids Fire Department,5,6/29/13,2013,440 9TH AVE SW,Building fire,41.96774,-91.67628
Cedar Rapids Fire Department,7,7/2/13,2013,2472 FRUITLAND BLVD SW,Building fire,41.952779,-91.6498
Cedar Rapids Fire Department,5,7/3/13,2013,418 2ND ST NE,Building fire,41.9808548,-91.6704926
Cedar Rapids Fire Department,6,7/6/13,2013,1710 WENIG RD NE,Building fire,42.006706,-91.677005
Cedar Rapids Fire Department,5,7/19/13,2013,96 16TH AVE SW,Building fire,41.964393,-91.661779
Cedar Rapids Fire Department,5,7/20/13,2013,1219 5TH AVE SE,Building fire,41.981795,-91.653282
Cedar Rapids Fire Department,5,7/24/13,2013,1314 19 AVE SW,Building fire,41.960157,-91.689393
Cedar Rapids Fire Department,6,7/31/13,2013,3511 SUNNY DALE ST NW,Building fire,41.978854,-91.717362
Cedar Rapids Fire Department,5,8/3/13,2013,7607 COUNCIL ST NE,Building fire,42.053722,-91.660673
Cedar Rapids Fire Department,8,8/7/13,2013,209 Sand LN NW,Building fire,41.9726489,-91.756555
Cedar Rapids Fire Department,4,8/11/13,2013,2244 MT VERNON RD SE,Building fire,41.977262,-91.634522
Cedar Rapids Fire Department,7,8/12/13,2013,2107 BLAIRS FERRY RD NE Apt 9,Building fire,42.034505,-91.67073
Cedar Rapids Fire Department,6,8/12/13,2013,4420 BOWLING ST SW,Building fire,41.934877,-91.658366
Cedar Rapids Fire Department,7,8/12/13,2013,1628 Elaine DR NW,Building fire,41.9909108,-91.7147157
Cedar Rapids Fire Department,3,8/17/13,2013,3300 OAKLAND RD NE,Building fire,42.0114919,-91.657517
Cedar Rapids Fire Department,7,8/19/13,2013,2010 GLASS RD NE Apt 310,Building fire,42.0125994,-91.6689351
Cedar Rapids Fire Department,6,8/23/13,2013,7301 HAMPSHIRE DR NE,Building fire,42.050861,-91.633098
Cedar Rapids Fire Department,9,8/24/13,2013,1224 13TH ST NW,Building fire,41.9860967,-91.6932319
Cedar Rapids Fire Department,6,8/24/13,2013,2313 GLACIER ST SW,Building fire,41.9556682,-91.7455715
Cedar Rapids Fire Department,4,8/27/13,2013,3920 SHERMAN ST NE Apt 22,Building fire,42.0193581,-91.6600567
Cedar Rapids Fire Department,8,8/27/13,2013,932 MAPLEWOOD DR NE,Building fire,41.996414,-91.656851
Cedar Rapids Fire Department,4,8/28/13,2013,330 29TH ST DR SE Apt 4,Building fire,42.006402,-91.6302989
Cedar Rapids Fire Department,5,9/2/13,2013,1709 10TH ST NW,Building fire,41.991607,-91.685393
Cedar Rapids Fire Department,5,9/4/13,2013,1507 2ND AVE SE,Building fire,41.987223,-91.650785
Cedar Rapids Fire Department,6,9/12/13,2013,1547 32ND ST NE,Building fire,42.01015,-91.659585
Cedar Rapids Fire Department,5,9/15/13,2013,144 33RD ST DR SE,Building fire,42.011501,-91.633093
Cedar Rapids Fire Department,6,9/25/13,2013,6521 MINDEN LN NE,Building fire,42.04395,-91.660539
Cedar Rapids Fire Department,5,9/30/13,2013,1635 13TH AVE SE,Building fire,41.972341,-91.646158
Cedar Rapids Fire Department,5,10/4/13,2013,921 OLD MARION RD NE,Building fire,42.021834,-91.6477644
Cedar Rapids Fire Department,6,10/13/13,2013,119 BROADMORE RD SW,Building fire,41.970689,-91.750348
Cedar Rapids Fire Department,7,10/18/13,2013,1001 1ST ST SW,Building fire,41.968257,-91.665796
Cedar Rapids Fire Department,6,10/19/13,2013,2420 HANDLEY DR SW,Building fire,41.953506,-91.646647
Cedar Rapids Fire Department,5,10/20/13,2013,1734 PARK AVE SE,Building fire,41.986851,-91.6448209
Cedar Rapids Fire Department,7,10/23/13,2013,3720 TERRACE HILL DR NE,Building fire,42.017166,-91.672922
Cedar Rapids Fire Department,0,10/24/13,2013,1651 34TH ST SE Apt 23,Building fire,41.967989,-91.619001
Cedar Rapids Fire Department,5,10/30/13,2013,612 4TH AVE SW Apt UPPER,Building fire,41.9778795,-91.6656232
Cedar Rapids Fire Department,7,10/30/13,2013,824 6TH ST SW,Building fire,41.9678677,-91.6770964
Cedar Rapids Fire Department,4,11/1/13,2013,1545 BEVER AVE SE,Building fire,41.984375,-91.6487889
Cedar Rapids Fire Department,12,11/4/13,2013,6620 college park,Building fire,41.9142066,-91.6598643
Cedar Rapids Fire Department,1,11/21/13,2013,5502 KIRKWOOD BLVD SW,Building fire,41.9202741,-91.6573729
Cedar Rapids Fire Department,8,11/24/13,2013,1817 GARRY AVE NW,Building fire,41.989776,-91.697866
Cedar Rapids Fire Department,6,11/28/13,2013,2309 BROOKLAND DR NE,Building fire,42.019064,-91.675753
Cedar Rapids Fire Department,6,12/14/13,2013,1561 BEVER AVE SE Apt 1,Building fire,41.984398,-91.648131
Cedar Rapids Fire Department,5,12/16/13,2013,173 16TH AVE SW,Building fire,41.962255,-91.664264
Cedar Rapids Fire Department,8,12/18/13,2013,1426 HILLSIDE DR NW,Building fire,41.987719,-91.713797
Cedar Rapids Fire Department,7,12/24/13,2013,526 GREEN VALLEY TER SE,Building fire,41.980807,-91.6000059
Cedar Rapids Fire Department,5,1/5/14,2014,315 23RD ST NE,Building fire,41.999501,-91.6401999
Cedar Rapids Fire Department,7,1/6/14,2014,645 37TH ST NE,Building fire,42.015222,-91.6427159
Cedar Rapids Fire Department,17,1/14/14,2014,142 14th AV SW,Building fire,41.965105,-91.664503
Cedar Rapids Fire Department,3,1/17/14,2014,1600 3rd AVE SE,Building fire,41.9882739,-91.647766
Cedar Rapids Fire Department,5,1/19/14,2014,2508 WILLOW ST SW,Building fire,41.959057,-91.706508
Cedar Rapids Fire Department,3,1/27/14,2014,1200 3RD ST SE,Building fire,41.9702193,-91.6581563
Cedar Rapids Fire Department,10,1/27/14,2014,1825 WHISPERING PINES CT SW,Building fire,41.959767,-91.705411
Cedar Rapids Fire Department,6,1/28/14,2014,124 34TH ST DR SE Apt 18,Building fire,42.012635,-91.633878
Cedar Rapids Fire Department,9,1/29/14,2014,2501 KENWAY BLVD SW,Building fire,41.935023,-91.630985
Cedar Rapids Fire Department,5,2/8/14,2014,5560 6TH ST SW,Building fire,41.923874,-91.677552
Cedar Rapids Fire Department,8,2/9/14,2014,356 EAST POST RD SE,Building fire,41.984733,-91.603998
Cedar Rapids Fire Department,7,2/11/14,2014,1817 GARRY AVE NW,Building fire,41.989776,-91.697866
Cedar Rapids Fire Department,9,2/12/14,2014,7004 WILTON DR NE,Building fire,42.0490009,-91.637399
Cedar Rapids Fire Department,6,2/16/14,2014,1401 K ST SW Apt 4,Building fire,41.963691,-91.66825
Cedar Rapids Fire Department,8,2/28/14,2014,1117 DOVER ST NE,Building fire,42.023389,-91.651623
Cedar Rapids Fire Department,11,3/7/14,2014,2220 10TH AVE SW,Building fire,41.967556,-91.703722
Cedar Rapids Fire Department,6,3/9/14,2014,1905 WASHINGTON AVE SE,Building fire,41.985321,-91.642493
Cedar Rapids Fire Department,3,3/13/14,2014,L AVE NW AV NW and ELLIS BLVD NW,Building fire,41.9939321,-91.6831485
Cedar Rapids Fire Department,10,3/15/14,2014,4028 WATER POINT CT SW,Building fire,41.939483,-91.758753
Cedar Rapids Fire Department,6,3/20/14,2014,217 8TH ST SW,Building fire,41.971956,-91.680736
Cedar Rapids Fire Department,5,3/20/14,2014,5443 GORDON AVE NW,Building fire,41.971421,-91.741801
Cedar Rapids Fire Department,6,3/28/14,2014,2235 C ST SW,Building fire,41.958388,-91.650563
Cedar Rapids Fire Department,7,3/31/14,2014,145 17th ST,Building fire,41.9900547,-91.6473212
Cedar Rapids Fire Department,6,4/1/14,2014,1021 3RD AVE SE,Building fire,41.9825215,-91.6573402
Cedar Rapids Fire Department,8,4/2/14,2014,4394 MT VERNON RD SE,Building fire,41.9773182,-91.6001788
Cedar Rapids Fire Department,7,4/3/14,2014,3023 G AVE NE,Building fire,42.009059,-91.644977
Cedar Rapids Fire Department,7,4/3/14,2014,3019 G AV NE,Building fire,42.008894,-91.644978
Cedar Rapids Fire Department,8,4/4/14,2014,1008 DOVER ST NE,Building fire,42.023822,-91.650352
Cedar Rapids Fire Department,4,4/4/14,2014,523 9TH ST SW,Building fire,41.969864,-91.680805
Cedar Rapids Fire Department,6,4/6/14,2014,3937 CENTER POINT RD NE,Building fire,42.0196182,-91.66554
Cedar Rapids Fire Department,6,4/8/14,2014,1105 C AVE NW,Building fire,41.975653,-91.687262
Cedar Rapids Fire Department,8,4/9/14,2014,3750 Williams BLVD SW,Building fire,41.9556526,-91.723682
Cedar Rapids Fire Department,5,4/10/14,2014,815 31ST AVE SW,Building fire,41.946638,-91.681299
Cedar Rapids Fire Department,4,4/13/14,2014,1056 32ND ST NE,Building fire,42.010455,-91.6503649
Cedar Rapids Fire Department,6,4/14/14,2014,1500 OAKLAND RD NE,Building fire,42.004331,-91.658349
Cedar Rapids Fire Department,7,4/19/14,2014,1129 K AVE NW,Building fire,41.983533,-91.68822
Cedar Rapids Fire Department,9,4/22/14,2014,3315 AGIN CT NE Apt 5,Building fire,42.034293,-91.6900579
Cedar Rapids Fire Department,4,5/6/14,2014,310 5TH AVE SE Apt 350,Building fire,41.9759389,-91.663465
Cedar Rapids Fire Department,6,5/7/14,2014,924 26TH ST SE,Building fire,41.976162,-91.630278
Cedar Rapids Fire Department,6,5/7/14,2014,3235 OAKLAND RD NE,Building fire,42.0113027,-91.6597968
Cedar Rapids Fire Department,6,5/7/14,2014,103 AUSTIN ST SW,Building fire,41.9538531,-91.7318444
Cedar Rapids Fire Department,5,5/9/14,2014,2312 B AVE NE Apt UPPER,Building fire,41.9778795,-91.6656232
Cedar Rapids Fire Department,5,5/11/14,2014,1231 2 ST NW,Building fire,41.984675,-91.676681
Cedar Rapids Fire Department,6,5/14/14,2014,2925 JOHNSON AVE NW Apt 40,Building fire,41.973051,-91.710226
Cedar Rapids Fire Department,6,5/14/14,2014,57 18TH AV SW,Building fire,41.964363,-91.658834
Cedar Rapids Fire Department,7,5/15/14,2014,1611 PARK TOWNE LN NE Apt 4,Building fire,42.0208556,-91.6605478
Cedar Rapids Fire Department,9,5/16/14,2014,225 29TH ST DR SE Apt W15,Building fire,42.005797,-91.6322069
Cedar Rapids Fire Department,6,5/17/14,2014,940 L ST SW,Building fire,41.966489,-91.671846
Cedar Rapids Fire Department,6,5/17/14,2014,1203 M ST SW,Building fire,41.965645,-91.672084
Cedar Rapids Fire Department,5,5/18/14,2014,114 ANN ST SW,Building fire,41.9519584,-91.7328244
Cedar Rapids Fire Department,0,5/21/14,2014,300 13 ST NW,Building fire,41.976539,-91.69062
Cedar Rapids Fire Department,4,6/6/14,2014,2200 WEST POST RD SW,Building fire,41.957737,-91.7409799
Cedar Rapids Fire Department,4,6/8/14,2014,116 15th ST NE,Building fire,41.988774,-91.652653
Cedar Rapids Fire Department,6,6/16/14,2014,1444 BEVER AVE SE,Building fire,41.985044,-91.650972
Cedar Rapids Fire Department,11,6/20/14,2014,4333 EDGEWOOD RD NE,Building fire,42.0235497,-91.7042727
Cedar Rapids Fire Department,6,6/28/14,2014,2300 HALLBROOK ST SW,Building fire,41.947251,-91.703311
Cedar Rapids Fire Department,7,6/30/14,2014,4009 WINDFALL DR NW,Building fire,41.994072,-91.723125
Cedar Rapids Fire Department,5,6/30/14,2014,231 11 ST NW,Building fire,41.9742279,-91.6865229
Cedar Rapids Fire Department,7,7/4/14,2014,1612 9TH AVE SW,Building fire,41.968411,-91.6941
Cedar Rapids Fire Department,7,7/4/14,2014,1612 9TH AVE SW,Building fire,41.968411,-91.6941
Cedar Rapids Fire Department,9,7/6/14,2014,8417 BRIGHTON CT SW,Building fire,41.89701,-91.659975
Cedar Rapids Fire Department,8,7/7/14,2014,1510 OAK RIDGE LN SE Apt 1,Building fire,41.97035,-91.6215129
Cedar Rapids Fire Department,4,7/9/14,2014,4713 6TH ST SW,Building fire,41.932495,-91.675759
Cedar Rapids Fire Department,9,7/11/14,2014,839 CENTER POINT RD NE,Building fire,41.994038,-91.662939
Cedar Rapids Fire Department,5,7/13/14,2014,1351 HILLSIDE DR NW,Building fire,41.986451,-91.712964
Cedar Rapids Fire Department,5,7/15/14,2014,427 ASHTON PL NE,Building fire,42.0414176,-91.640987
Cedar Rapids Fire Department,8,7/17/14,2014,3062 PRAIRIE VALLEY CT SW,Building fire,41.9358265,-91.711506
Cedar Rapids Fire Department,5,7/18/14,2014,551 10TH ST SW,Building fire,41.96916,-91.6822339
Cedar Rapids Fire Department,4,7/21/14,2014,2123 MT VERNON RD SE,Building fire,41.975174,-91.6372899
Cedar Rapids Fire Department,2,7/23/14,2014,416 31ST ST NW,Building fire,41.976813,-91.712714
Cedar Rapids Fire Department,5,7/23/14,2014,1202 3RD ST SE,Building fire,41.9702702,-91.657719
Cedar Rapids Fire Department,8,7/29/14,2014,1861 ELLIS BLVD NW,Building fire,41.994241,-91.682658
Cedar Rapids Fire Department,6,8/9/14,2014,1210 33RD ST NE,Building fire,42.011467,-91.652922
Cedar Rapids Fire Department,5,8/12/14,2014,423 EDGEWOOD RD NW,Building fire,41.9777013,-91.7153528
Cedar Rapids Fire Department,8,8/14/14,2014,3760 12TH AVE SW Apt 5,Building fire,41.965948,-91.72165
Cedar Rapids Fire Department,7,8/15/14,2014,13 GLENBROOK DR SE,Building fire,42.020957,-91.628117
Cedar Rapids Fire Department,3,8/18/14,2014,393 15TH ST SE,Building fire,41.984045,-91.650762
Cedar Rapids Fire Department,3,8/27/14,2014,1544 2ND AVE SE,Building fire,41.988311,-91.650223
Cedar Rapids Fire Department,9,8/29/14,2014,4002 SHERMAN ST NE,Building fire,42.020617,-91.659555
Cedar Rapids Fire Department,4,8/31/14,2014,416 17TH ST SE,Building fire,41.98303,-91.646153
Cedar Rapids Fire Department,7,9/1/14,2014,226 16TH ST SE,Building fire,41.9882807,-91.6480777
Cedar Rapids Fire Department,6,9/6/14,2014,911 9TH AVE SE,Building fire,41.9765749,-91.653419
Cedar Rapids Fire Department,6,9/7/14,2014,911 9TH ST SE,Building fire,41.9761382,-91.6537384
Cedar Rapids Fire Department,5,9/8/14,2014,638 MEMORIAL DR SE,Building fire,41.9793329,-91.62784
Cedar Rapids Fire Department,4,9/13/14,2014,1551 C AVE NE,Building fire,41.991382,-91.653101
Cedar Rapids Fire Department,8,9/15/14,2014,901 INGLESIDE DR SW,Building fire,41.9364977,-91.6804817
Cedar Rapids Fire Department,6,9/16/14,2014,157 BROADMORE RD NW,Building fire,41.972607,-91.749771
Cedar Rapids Fire Department,6,9/17/14,2014,6214 ROCKWELL DR NE,Building fire,42.0402595,-91.6485757
Cedar Rapids Fire Department,6,9/27/14,2014,418 2ND ST NE,Building fire,41.9808548,-91.6704926
Cedar Rapids Fire Department,7,10/1/14,2014,730 14TH ST SE,Building fire,41.979819,-91.65181
Cedar Rapids Fire Department,6,10/9/14,2014,1707 MAPLE DR NW,Building fire,41.971582,-91.695313
Cedar Rapids Fire Department,6,10/10/14,2014,1927 CENTRAL DR SW,Building fire,41.959686,-91.7489382
Cedar Rapids Fire Department,5,10/16/14,2014,3300 JOHNSON AVE NW,Building fire,41.974898,-91.7151404
Cedar Rapids Fire Department,6,10/18/14,2014,5350 NORTH PARK PL NE,Building fire,42.0323795,-91.6300216
Cedar Rapids Fire Department,9,10/22/14,2014,1050 WENIG RD NE,Building fire,41.999665,-91.676801
Cedar Rapids Fire Department,7,10/25/14,2014,1422 A AVE NW,Building fire,41.9721339,-91.691136
Cedar Rapids Fire Department,5,11/5/14,2014,1569 1ST AVE SE,Building fire,41.989082,-91.649848
Cedar Rapids Fire Department,6,11/6/14,2014,1628 4TH AVE SE,Building fire,41.983762,-91.646782
Cedar Rapids Fire Department,6,11/8/14,2014,4950 16TH AVE SW Apt 209,Building fire,41.9638229,-91.735287
Cedar Rapids Fire Department,5,11/11/14,2014,2206 D AVE NE,Building fire,41.999936,-91.642583
Cedar Rapids Fire Department,4,11/14/14,2014,1128 15TH ST SE,Building fire,41.974569,-91.649354
Cedar Rapids Fire Department,5,11/14/14,2014,2951 6TH ST SW Apt 6,Building fire,41.9486241,-91.6767906
Cedar Rapids Fire Department,6,11/16/14,2014,3270 Little Creek RD NE,Building fire,42.013305,-91.687819
Cedar Rapids Fire Department,6,11/30/14,2014,4845 JOHNSON AVE NW Apt 309,Building fire,41.9683257,-91.7334367
Cedar Rapids Fire Department,8,12/3/14,2014,132 SUMMER CIR NE,Building fire,42.0321394,-91.6885084
Cedar Rapids Fire Department,6,12/4/14,2014,708 EAST POST CT SE,Building fire,41.978076,-91.6058259
Cedar Rapids Fire Department,7,12/6/14,2014,725 DANBURY ST NE,Building fire,42.0248289,-91.645451
Cedar Rapids Fire Department,1,12/6/14,2014,2113 NORTH TOWNE CT NE,Building fire,42.0339444,-91.6710648
Cedar Rapids Fire Department,7,12/19/14,2014,516 10TH AVE SE,Building fire,41.973655,-91.657309
Cedar Rapids Fire Department,7,12/23/14,2014,904 HARVEST DR NW,Building fire,41.981079,-91.735238
Marion Fire Department,5,1/27/10,2010,396 18th ST,Building fire,42.030847,-91.591913
Marion Fire Department,3,2/12/10,2010,1210 Blairs Ferry RD,Building fire,42.0329229,-91.624533
Marion Fire Department,4,3/30/10,2010,4640 Vasey AVE,Building fire,42.04085,-91.560354
Marion Fire Department,13,4/28/10,2010,3545 Coffey LANE,Building fire,42.117331,-91.55748
Marion Fire Department,5,5/24/10,2010,1701 Jackson DR,Building fire,42.0409128,-91.5411374
Marion Fire Department,5,5/24/10,2010,1701 Jackson DR,Building fire,42.0409128,-91.5411374
Marion Fire Department,5,6/5/10,2010,210 13th ST,Building fire,42.029196,-91.596103
Marion Fire Department,9,6/26/10,2010,1535 Radio RD,Building fire,42.058783,-91.51345
Marion Fire Department,2,7/9/10,2010,1130 S. 12th ST,Building fire,42.018429,-91.597213
Marion Fire Department,2,7/22/10,2010,20 Ash DR,Building fire,42.0342032,-91.5736747
Marion Fire Department,3,7/23/10,2010,479 5th AVE,Building fire,42.030436,-91.605133
Marion Fire Department,4,8/20/10,2010,775 Fairview DR,Building fire,42.0243687,-91.6016047
Marion Fire Department,10,10/13/10,2010,1860 County Home RD,Building fire,42.0938155,-91.5474102
Marion Fire Department,4,11/4/10,2010,2430 17th AVE,Building fire,42.041544,-91.586651
Marion Fire Department,1,11/4/10,2010,1520 11th ST,Building fire,42.04002,-91.598416
Marion Fire Department,4,11/8/10,2010,2900 Indian Creek RD,Building fire,42.0507464,-91.5916952
Marion Fire Department,9,11/24/10,2010,6707 Winslow RD,Building fire,42.085768,-91.5868069
Marion Fire Department,1,11/29/10,2010,1483 Grand AVE Apt apt #8,Building fire,42.0205649,-91.5967558
Marion Fire Department,6,11/30/10,2010,1483 Grand AVE,Building fire,42.0205649,-91.5967558
Marion Fire Department,4,12/9/10,2010,1080 Lyons LANE,Building fire,42.032797,-91.613625
Marion Fire Department,4,12/21/10,2010,130 29th Street CT,Building fire,42.028215,-91.581491
Marion Fire Department,3,3/7/11,2011,957 13th ST,Building fire,42.035718,-91.595401
Marion Fire Department,3,3/28/11,2011,860 Linnview DR,Building fire,42.035935,-91.62482
Marion Fire Department,5,5/10/11,2011,670 34th AVE,Building fire,42.055206,-91.602752
Marion Fire Department,7,5/11/11,2011,670 34th AVE,Building fire,42.055206,-91.602752
Marion Fire Department,5,5/30/11,2011,2385 Stratford DR,Building fire,42.046154,-91.571831
Marion Fire Department,2,6/13/11,2011,1550 50th ST,Building fire,42.038902,-91.557301
Marion Fire Department,2,6/14/11,2011,1550 50th ST,Building fire,42.038902,-91.557301
Marion Fire Department,4,7/12/11,2011,1590 Brockman AVE,Building fire,42.042428,-91.59308
Marion Fire Department,15,7/25/11,2011,5200 Lucore Rd,Building fire,42.0747998,-91.5792084
Marion Fire Department,6,8/8/11,2011,2167 Dawn DR,Building fire,42.068038,-91.619674
Marion Fire Department,4,9/10/11,2011,2730 24th ST,Building fire,42.049309,-91.587774
Marion Fire Department,4,11/22/11,2011,180 21st ST,Building fire,42.028767,-91.590383
Marion Fire Department,7,12/28/11,2011,1006 Orrian DR,Building fire,42.00867,-91.6057189
Marion Fire Department,5,12/31/11,2011,1121 Plumwood CT,Building fire,42.045111,-91.62317
Marion Fire Department,12,1/7/12,2012,1766 Prairie Chapel RD,Building fire,42.1078819,-91.53703
Marion Fire Department,5,1/22/12,2012,1105 S 15 ST,Building fire,42.018567,-91.593434
Marion Fire Department,5,2/20/12,2012,3053 Stone Creek CT,Building fire,42.05251,-91.589196
Marion Fire Department,3,3/8/12,2012,3270 8 ST Apt 2,Building fire,42.053888,-91.601669
Marion Fire Department,2,3/27/12,2012,377 Ben Dov DR,Building fire,42.0314129,-91.5648754
Marion Fire Department,4,4/5/12,2012,985 Lindale DR,Building fire,42.036542,-91.619488
Marion Fire Department,3,4/10/12,2012,455 31 ST,Building fire,42.0309764,-91.5787284
Marion Fire Department,5,5/30/12,2012,150 34th AVE,Building fire,42.05524,-91.608795
Marion Fire Department,4,6/3/12,2012,500 Marion BLVD,Building fire,42.0287818,-91.6164636
Marion Fire Department,5,6/5/12,2012,2895 McGowan BLVD,Building fire,42.043023,-91.581669
Marion Fire Department,5,6/18/12,2012,1786 George DR,Building fire,42.041201,-91.5429602
Marion Fire Department,2,6/25/12,2012,500 8 AVE,Building fire,42.0344134,-91.605632
Marion Fire Department,3,7/25/12,2012,3111 10 ST,Building fire,42.0531719,-91.5988513
Marion Fire Department,1,7/27/12,2012,537 8 AVE,Building fire,42.033943,-91.605107
Marion Fire Department,2,8/6/12,2012,957 12 ST,Building fire,42.035736,-91.596537
Marion Fire Department,5,11/22/12,2012,245 Grand AVE,Building fire,42.020293,-91.607567
Marion Fire Department,5,2/7/13,2013,3230 9 ST Apt 4,Building fire,42.053422,-91.6006419
Marion Fire Department,4,2/10/13,2013,675 S 15 ST,Building fire,42.024067,-91.59155
Marion Fire Department,2,2/13/13,2013,780 5 AVE,Building fire,42.031792,-91.602306
Marion Fire Department,4,2/25/13,2013,6 Chapelridge CIR,Building fire,42.0220058,-91.5721535
Marion Fire Department,8,3/4/13,2013,1860 County Home RD,Building fire,42.0938155,-91.5474102
Marion Fire Department,5,3/11/13,2013,2095 Geode ST,Building fire,42.044508,-91.605864
Marion Fire Department,2,3/27/13,2013,1420 Twixt Town RD,Building fire,42.0277502,-91.6183232
Marion Fire Department,4,4/2/13,2013,3545 3 AVE,Building fire,42.029152,-91.5727239
Marion Fire Department,4,5/15/13,2013,490 20 ST,Building fire,42.031336,-91.590765
Marion Fire Department,2,5/24/13,2013,4451 Lantern CT,Building fire,42.0387259,-91.562319
Marion Fire Department,5,6/24/13,2013,2440 eastlawn DR,Building fire,42.024937,-91.58613
Marion Fire Department,5,6/26/13,2013,675 S 15 ST,Building fire,42.024067,-91.59155
Marion Fire Department,4,7/9/13,2013,1690 Park AVE,Building fire,42.038903,-91.592383
Marion Fire Department,2,7/21/13,2013,449 Morris DR,Building fire,42.0348738,-91.5651963
Marion Fire Department,4,8/15/13,2013,412 Ben-Dov DR,Building fire,42.031356,-91.5649109
Marion Fire Department,5,8/17/13,2013,1985 Blackhawk DR,Building fire,42.0424233,-91.5465507
Marion Fire Department,4,10/2/13,2013,102 3 AVE,Building fire,42.030064,-91.610077
Marion Fire Department,4,10/18/13,2013,3470 Crown AVE,Building fire,42.045859,-91.575115
Marion Fire Department,4,10/18/13,2013,900 26 ST,Building fire,42.034966,-91.585014
Marion Fire Department,4,11/14/13,2013,1120 W 8 AVE,Building fire,42.0355,-91.623583
Marion Fire Department,4,1/16/14,2014,3051 28 AVE,Building fire,42.049435,-91.579986
Marion Fire Department,3,2/24/14,2014,1366 7 ST Apt B,Building fire,42.038951,-91.603025
Marion Fire Department,4,2/26/14,2014,3111 10 ST,Building fire,42.0531719,-91.5988513
Marion Fire Department,7,3/25/14,2014,1210 Blairs Ferry RD,Building fire,42.0329229,-91.624533
Marion Fire Department,5,3/27/14,2014,895 S 11 ST Apt 9,Building fire,42.02175,-91.597712
Marion Fire Department,5,3/29/14,2014,2650 Spoonbill DR,Building fire,42.048291,-91.564302
Marion Fire Department,5,4/11/14,2014,520 17 ST,Building fire,42.031756,-91.592443
Marion Fire Department,9,4/27/14,2014,3462 Barnsley CIR,Building fire,42.0566144,-91.6219643
Marion Fire Department,5,5/11/14,2014,1160 S 12 ST Apt 4,Building fire,42.0182239,-91.597222
Marion Fire Department,4,5/15/14,2014,125 Southview DR Apt A,Building fire,42.028829,-91.62106
Marion Fire Department,2,5/20/14,2014,1461 39 ST Apt Place,Building fire,42.4889592,-90.6898191
Marion Fire Department,9,7/10/14,2014,3425 N Alburnett RD,Building fire,42.110968,-91.616433
Marion Fire Department,4,7/12/14,2014,343 Pheasant AVE,Building fire,42.0485479,-91.613606
Marion Fire Department,4,7/12/14,2014,343 Pheasant AVE,Building fire,42.0485479,-91.613606
Marion Fire Department,3,7/16/14,2014,560 W 8 AVE,Building fire,42.034778,-91.616524
Marion Fire Department,3,9/8/14,2014,1485 9 ST,Building fire,42.039858,-91.600147
Marion Fire Department,1,10/17/14,2014,701 9 AVE Apt 7,Building fire,42.034798,-91.602439
Marion Fire Department,5,10/29/14,2014,4200 Munier RD,Building fire,42.022293,-91.565674
Marion Fire Department,2,11/8/14,2014,1018.5 7 AVE,Building fire,42.0334153,-91.5990146
Marion Fire Department,5,11/10/14,2014,1560 Red Fox WAY,Building fire,42.0390251,-91.5516962
Marion Fire Department,2,11/11/14,2014,78 Birch DR,Building fire,42.0336425,-91.5695934
