GIS_Number,GIS_Number_2,Doing_Business_As,Class,Map Name,Hse#,Address,Deedholder,Acres,Residential Occupancy Type,Style Descr,Year Built,Total Living Area,Commercial Occupancy Type,Year Built_2,Gross Bldg Area,_unnamed
112732600500000,112732600500000,,Exempt,E-15 CITY,0,VACANT LAND NE,CITY OF CEDAR RAPIDS,1.81,,,,,,,,
112732601500000,112732601500000,,Exempt,E-15 CITY,0,VACANT LAND NE,CEDAR RAPIDS CITY OF,3.09,,,,,,,,
112735404100000,112735404100000,,Exempt,E-15 CITY,7520,COUNCIL ST NE,CEDAR RAPIDS CITY OF,5.84,,,,,,,,
112740200500000,112740200500000,,Exempt,E-15 CITY,0,VACANT LAND NE,CITY OF CEDAR RAPIDS,2.4424,,,,,,,,
112747600100000,112747600100000,,Exempt,E-15 CITY,0,VACANT LAND NE,CEDAR RAPIDS CITY OF,,,,,,,,,
112845101200000,112845101200000,,Exempt,E-15 CITY,0,VACANT LAND NE,CEDAR RAPIDS CITY OF,2.03,,,,,,,,
112845101400000,112845101400000,,Exempt,E-15 CITY,0,VACANT LAND NE,CITY OF CEDAR RAPIDS,4.04,,,,,,,,
112845101500000,112845101500000,,Exempt,E-15 CITY,0,VACANT LAND NE,CITY OF CEDAR RAPIDS,2.49,,,,,,,,
112847601500000,112847601500000,,Exempt,E-15 CITY,0,VACANT LAND NE,CITY OF CEDAR RAPIDS,0.41,,,,,,,,
112847701500000,112847701500000,,Exempt,E-15 CITY,0,VACANT LAND NE,CITY OF CEDAR RAPIDS,0.82,,,,,,,,
113132700100000,113132700100000,,Exempt,E-15 CITY,0,VACANT LAND NE,CEDAR RAPIDS CITY OF,0.6054,,,,,,,,
113132701000000,113132701000000,,Exempt,E-15 CITY,0,VACANT LAND NE,CEDAR RAPIDS CITY OF,,,,,,,,,
113315103900000,113315103900000,,Exempt,E-15 CITY,0,VACANT LAND NE,CITY OF CEDAR RAPIDS,14.93,,,,,,,,
113315104000000,113315104000000,,Exempt,E-15 CITY,0,VACANT LAND NE,CEDAR RAPIDS CITY OF,,,,,,,,,
113410400200000,113410400200000,,Exempt,E-15 CITY,0,VACANT LAND NE,CEDAR RAPIDS CITY OF,0.96,,,,,,,,
113413002200000,113413002200000,,Exempt,E-15 CITY,0,VACANT LAND NE,CEDAR RAPIDS CITY OF,,,,,,,,,
113417700300000,113417700300000,,Exempt,E-15 CITY,0,VACANT LAND NE,CITY OF CEDAR RAPIDS,8.5,,,,,,,,
113425100100000,113425100100000,,Exempt,E-15 CITY,0,VACANT LAND NE,CEDAR RAPIDS CITY OF,2.78,,,,,,,,
113425400300000,113425400300000,,Exempt,E-15 CITY,6900,COUNCIL ST NE,CEDAR RAPIDS CITY OF,0.45,,,,,,,,
113425800100000,113425800100000,,Exempt,E-15 CITY,0,VACANT LAND NE,CEDAR RAPIDS CITY OF,0.97,,,,,,,,
113425900100000,113425900100000,,Exempt,E-15 CITY,0,VACANT LAND NE,CEDAR RAPIDS CITY OF,1.4,,,,,,,,
113440300100000,113440300100000,,Exempt,E-15 CITY,415,BRODERICK DR NE,CITY OF CEDAR RAPIDS,0.5939,,,,,,,,
113447600100000,113447600100000,,Exempt,E-15 CITY,0,VACANT LAND NE,CITY OF CEDAR RAPIDS,18.13,,,,,,,,
113447601000000,113447601000000,,Exempt,E-15 CITY,0,VACANT LAND NE,CITY OF CEDAR RAPIDS,1.5875,,,,,,,,
113447601900000,113447601900000,,Exempt,E-15 CITY,0,VACANT LAND NE,CITY OF CEDAR RAPIDS,1.3769,,,,,,,,
113535200300000,113535200300000,,Exempt,E-15 CITY,0,VACANT LAND NE,CEDAR RAPIDS CITY OF,21.03,,,,,,,,
113542800200000,113542800200000,,Exempt,E-15 CITY,0,VACANT LAND NE,CITY OF CEDAR RAPIDS,13.73,,,,,,,,
123610201200000,123610201200000,,Exempt,E-15 CITY,0,VACANT LAND NE,CEDAR RAPIDS CITY OF,0.3594,,,,,,,,
123640300700000,123640300700000,,Exempt,E-15 CITY,0,VACANT LAND NE,CEDAR RAPIDS CITY OF,1.5,,,,,,,,
131147600100000,131147600100000,,Exempt,E-15 CITY,0,VACANT LAND NE,CITY OF CEDAR RAPIDS (SEMINOLE PARK),109.52,,,,,,,,
131327600100000,131327600100000,SEMINOLE PARK,Exempt,E-15 CITY,5925,SEMINOLE VALLEY TR NE,CITY OF CEDAR RAPIDS (SEMINOLE PARK),217.27,,,,,,,,
131345101000000,131345101000000,,Exempt,E-15 CITY,0,VACANT LOT NW,CEDAR RAPIDS CITY OF,0.4165,,,,,,,,
131410100100000,131410100100000,,Exempt,E-15 CITY,0,VACANT LAND NE,CITY OF CEDAR RAPIDS (SEMINOLE PARK),80.26,,,,,,,,
131515200900000,131515200900000,,Exempt,E-15 CITY,0,VACANT LAND NW,CEDAR RAPIDS CITY OF,1.14,,,,,,,,
131522600100000,131522600100000,,Exempt,E-15 CITY,0,VACANT LAND NW,CEDAR RAPIDS CITY OF,5.62,,,,,,,,
131532600100000,131532600100000,,Exempt,E-15 CITY,7807,ELLIS RD NW,CEDAR RAPIDS CITY OF,,,,,,,,,
131542601200000,131542601200000,,Exempt,E-15 CITY,0,VACANT LAND NW,CEDAR RAPIDS CITY OF,1.77,,,,,,,,
132247701500000,132247701500000,,Exempt,E-15 CITY,0,VACANT LAND NW,CEDAR RAPIDS CITY OF CITY HALL,1.4,,,,,,,,
132410100500000,132410100500000,,Exempt,E-15 CITY,1610,EDGEWOOD RD NW,CEDAR RAPIDS CITY OF,0.3519,,,,,,,,
132415202400000,132415202400000,,Exempt,E-15 CITY,0,VACANT LAND NW,CEDAR RAPIDS CITY OF,0.2893,,,,,,,,
132415300200000,132415300200000,,Exempt,E-15 CITY,0,VACANT LAND NW,CITY OF CEDAR RAPIDS,3.17,,,,,,,,
132415301500000,132415301500000,,Exempt,E-15 CITY,0,VACANT LAND NW,CITY OF CEDAR RAPIDS,4.13,,,,,,,,
132425101100000,132425101100000,,Exempt,E-15 CITY,0,VACANT LAND NW,CEDAR RAPIDS CITY OF CITY CLERK,,,,,,,,,
132425301700000,132425301700000,,Exempt,E-15 CITY,0,VACANT LAND NW,CEDAR RAPIDS CITY OF,0.46,,,,,,,,
132432600700000,132432600700000,,Ag Land,NW 345,0,VACANT LAND NW,CITY OF CEDAR RAPIDS % CITY AUDITOR,7.7,,,,,,,,
132438002700000,132438002700000,,Exempt,E-15 CITY,0,VACANT LAND NW,CITY OF CEDAR RAPIDS,1.0165,,,,,,,,
132515100100000,132515100100000,,Exempt,E-15 CITY,0,VACANT LAND NW,CITY OF CEDAR RAPIDS,0.585,,,,,,,,
132515100200000,132515100200000,,Exempt,E-15 CITY,0,VACANT LAND NW,CITY OF CEDAR RAPIDS,0.281,,,,,,,,
132515100300000,132515100300000,,Exempt,E-15 CITY,0,VACANT LAND NW,CITY OF CEDAR RAPIDS,0.422,,,,,,,,
132515200100000,132515200100000,,Exempt,E-15 CITY,0,VACANT LAND NW,CITY OF CEDAR RAPIDS,10.53,,,,,,,,
132515300800000,132515300800000,,Exempt,E-15 CITY,0,VACANT LAND NW,CITY OF CEDAR RAPIDS,0.298,,,,,,,,
132517600200000,132517600200000,,Exempt,E-15 CITY,3572,JOHNSON AVE NW,CITY OF CEDAR RAPIDS,4.0,,,,,,,,
132520401600000,132520401600000,,Exempt,E-15 CITY,0,VACANT LAND NW,CITY OF CEDAR RAPIDS,1.4624,,,,,,,,
132525301500000,132525301500000,,Exempt,E-15 CITY,0,VACANT LAND NW,CITY OF CEDAR RAPIDS,0.2254,,,,,,,,
132525301600000,132525301600000,,Exempt,E-15 CITY,0,VACANT LAND NW,CITY OF CEDAR RAPIDS (PARK),2.4929,,,,,,,,
132525800100000,132525800100000,,Exempt,E-15 CITY,0,VACANT LAND NW,CITY OF CEDAR RAPIDS (PARK),1.71,,,,,,,,
132527601000000,132527601000000,,Exempt,E-15 CITY,0,VACANT LAND NW,CITY OF CEDAR RAPIDS,0.5676,,,,,,,,
132528400100000,132528400100000,,Exempt,E-15 CITY,4201,JUPITER AVE NW,CITY OF CEDAR RAPIDS,0.1688,,,,,,,,
132528400200000,132528400200000,,Exempt,E-15 CITY,0,VACANT LAND NW,CITY OF CEDAR RAPIDS,1.5506,,,,,,,,
132528500100000,132528500100000,,Exempt,E-15 CITY,0,VACANT LAND NW,CITY OF CEDAR RAPIDS,1.18,,,,,,,,
132528600600000,132528600600000,,Exempt,E-15 CITY,0,VACANT LAND NW,CITY OF CEDAR RAPIDS,3.17,,,,,,,,
132528700100000,132528700100000,,Exempt,E-15 CITY,0,VACANT LAND NW,CITY OF CEDAR RAPIDS,1.27,,,,,,,,
132528700200000,132528700200000,,Exempt,E-15 CITY,0,VACANT LAND NW,CITY OF CEDAR RAPIDS,0.83,,,,,,,,
132530300200000,132530300200000,,Exempt,E-15 CITY,0,VACANT LAND NW,CEDAR RAPIDS CITY OF,1.05,,,,,,,,
132532700200000,132532700200000,,Exempt,E-15 CITY,0,VACANT LAND NW,CITY OF CEDAR RAPIDS,3.16,,,,,,,,
132535100500000,132535100500000,,Exempt,E-15 CITY,0,VACANT LAND NW,CITY OF CEDAR RAPIDS,1.91,,,,,,,,
132537700100000,132537700100000,,Exempt,E-15 CITY,100,WILEY BLVD SW,CITY OF CEDAR RAPIDS,1.0,,,,,,,,
132548000600000,132548000600000,VACANT LAND,Exempt,E-15 CITY,0,VACANT LAND SW,CEDAR RAPIDS CITY OF,0.988,,,,,,,,
132610400900000,132610400900000,,Exempt,E-15 CITY,0,VACANT LAND NW,CITY OF CEDAR RAPIDS,0.046,,,,,,,,
132627600100000,132627600100000,,Exempt,E-15 CITY,341,STONEY POINT RD NW,CITY OF CEDAR RAPIDS (CHERRY HILL PARK),61.27,,,,,,,,
132632700300000,132632700300000,,Exempt,E-15 CITY,0,VACANT LAND SW,CITY OF CEDAR RAPIDS,2.538,,,,,,,,
132642702200000,132642702200000,,Exempt,E-15 CITY,0,VACANT LAND NW,CITY OF CEDAR RAPIDS,6.96,,,,,,,,
132710300100000,132710300100000,,Exempt,E-15 CITY,0,VACANT LAND NW,CEDAR RAPIDS CITY OF,1.49,,,,,,,,
132710400700000,132710400700000,,Exempt,E-15 CITY,0,VACANT LAND NW,CEDAR RAPIDS CITY OF,0.52,,,,,,,,
132712701800000,132712701800000,,Exempt,E-15 CITY,0,VACANT LAND NW,CEDAR RAPIDS CITY OF,,,,,,,,,
132725500200000,132725500200000,,Exempt,E-15 CITY,0,VACANT LAND NW,CEDAR RAPIDS CITY OF,0.86,,,,,,,,
132725601800000,132725601800000,,Exempt,E-15 CITY,0,VACANT LAND NW,CEDAR RAPIDS CITY OF,1.14,,,,,,,,
132740103500000,132740103500000,,Exempt,E-15 CITY,0,VACANT LAND SW,CEDAR RAPIDS CITY OF,1.88,,,,,,,,
132742700100000,132742700100000,,Exempt,E-15 CITY,0,VACANT LAND SW,CITY OF CEDAR RAPIDS,0.5254,,,,,,,,
133517600100000,133517600100000,,Exempt,E-15 CITY,0,VACANT LAND SW,CITY OF CEDAR RAPIDS,16.39,,,,,,,,
140222701700000,140222701700000,,Other,E-15 CITY,0,VACANT LAND NE,CITY OF CEDAR RAPIDS,,,,,,,,,
140237600500000,140237600500000,,Exempt,E-15 CITY,0,VACANT LAND NE,CEDAR RAPIDS CITY OF,,,,,,,,,
140240200500000,140240200500000,,Exempt,E-15 CITY,0,VACANT LAND NE,CEDAR RAPIDS CITY OF,,,,,,,,,
140320400100000,140320400100000,,Exempt,E-15 CITY,0,VACANT LAND NE,CITY OF CEDAR RAPIDS,0.33,,,,,,,,
140330100200000,140330100200000,,Exempt,E-15 CITY,0,VACANT LAND NE,CITY OF CEDAR RAPIDS,2.81,,,,,,,,
140332600100000,140332600100000,,Exempt,E-15 CITY,0,VACANT LAND NE,CITY OF CEDAR RAPIDS /PARK/,99.0,,,,,,,,
140417600500000,140417600500000,,Commercial,E-15 CITY,5131,COUNCIL ST NE,CEDAR RAPIDS CITY OF,2.66,,,,,,,,
140425100100000,140425100100000,,Exempt,E-15 CITY,0,VACANT LAND NE,CITY OF CEDAR RAPIDS,0.77,,,,,,,,
140425200100000,140425200100000,,Exempt,E-15 CITY,0,VACANT LAND NE,CITY OF CEDAR RAPIDS,19.95,,,,,,,,
140430101200000,140430101200000,,Exempt,E-15 CITY,0,VACANT LAND NE,CEDAR RAPIDS CITY OF,0.8,,,,,,,,
140430101400000,140430101400000,,Exempt,E-15 CITY,,0 VACANT LAND NE,CEDAR RAPIDS CITY OF,0.08,,,,,,,,
140437600500000,140437600500000,,Exempt,E-15 CITY,0,VACANT LAND NE,CEDAR RAPIDS CITY OF,2.05,,,,,,,,
140445800900000,140445800900000,,Exempt,E-15 CITY,0,VACANT LAND NE,CEDAR RAPIDS CITY OF,0.2,,,,,,,,
140447800800000,140447800800000,,Exempt,E-15 CITY,0,VACANT LAND NE,CEDAR RAPIDS CITY OF,0.03,,,,,,,,
140447801000000,140447801000000,,Exempt,E-15 CITY,4424,RUSHMORE DR NE,CEDAR RAPIDS CITY OF,0.217,,,,,,,,
140447802800000,140447802800000,,Exempt,E-15 CITY,0,VACANT LAND NE,CITY OF CEDAR RAPIDS,0.095,,,,,,,,
140535100100000,140535100100000,,Exempt,E-15 CITY,3600,42ND ST NE,CITY OF CEDAR RAPIDS (TWIN PINE GOLF COURSE),148.14,,,,,,,,
140540200100000,140540200100000,,Exempt,E-15 CITY,0,VACANT LAND NE,CITY OF CEDAR RAPIDS,8.48,,,,,,,,
140547601400000,140547601400000,,Exempt,E-15 CITY,0,VACANT LAND NE,CITY OF CEDAR RAPIDS,1.9,,,,,,,,
140627600300000,140627600300000,,Exempt,E-15 CITY,0,VACANT LAND NE,CEDAR RAPIDS CITY OF,8.08,,,,,,,,
140737600100000,140737600100000,,Exempt,E-15 CITY,0,VACANT LAND NW,CITY OF CEDAR RAPIDS,23.0,,,,,,,,
140745100100000,140745100100000,,Exempt,E-15 CITY,0,VACANT LAND NW,CITY OF CEDAR RAPIDS,46.0,,,,,,,,
140818001300000,140818001300000,,Exempt,E-15 CITY,0,VACANT LAND NE,CEDAR RAPIDS CITY OF,0.4,,,,,,,,
140822602400000,140822602400000,,Exempt,E-15 CITY,3601,42ND ST NE,CITY OF CEDAR RAPIDS,0.95,,,,,,,,
140832602700000,140832602700000,,Exempt,E-15 CITY,0,VACANT LAND NE,CEDAR RAPIDS CITY OF,19.51,,,,,,,,
140837600100000,140837600100000,,Exempt,E-15 CITY,0,VACANT LAND NE,CEDAR RAPIDS CITY OF,24.91,,,,,,,,
140930201600000,140930201600000,,Exempt,E-15 CITY,0,VACANT LAND NE,CITY OF CEDAR RAPIDS,3.86,,,,,,,,
140945200100000,140945200100000,,Exempt,E-15 CITY,0,VACANT LAND NE,CITY OF CEDAR RAPIDS,0.84,,,,,,,,
141015900800000,141015900800000,,Exempt,E-15 CITY,900,35TH ST NE,CITY OF CEDAR RAPIDS,1.72,,,,,,,,
141127603200000,141127603200000,,Exempt,E-15 CITY,0,VACANT LAND SE,CITY OF CEDAR RAPIDS,3.27,,,,,,,,
141130500600000,141130500600000,,Exempt,E-15 CITY,0,VACANT LAND SE,CEDAR RAPIDS CITY OF,0.3391,,,,,,,,
141130500700000,141130500700000,,Exempt,E-15 CITY,0,VACANT LAND SE,CITY OF CEDAR RAPIDS,0.35,,,,,,,,
141130500800000,141130500800000,,Exempt,E-15 CITY,0,VACANT LAND SE,CITY OF CEDAR RAPIDS,0.35,,,,,,,,
141135300300000,141135300300000,,Exempt,E-15 CITY,0,VACANT LAND NE,CITY OF CEDAR RAPIDS,0.1,,,,,,,,
141135300500000,141135300500000,,Exempt,E-15 CITY,206,29TH ST NE,CITY OF CEDAR RAPIDS,0.38,,,,,,,,
141137600400000,141137600400000,,Exempt,E-15 CITY,0,VACANT LAND SE,CITY OF CEDAR RAPIDS,0.231,,,,,,,,
141137600500000,141137600500000,,Exempt,E-15 CITY,0,VACANT LAND SE,CITY OF CEDAR RAPIDS,0.296,,,,,,,,
141137600600000,141137600600000,,Exempt,E-15 CITY,3145,EMERALD AVE SE,CITY OF CEDAR RAPIDS,0.149,,,,,,,,
141138001700000,141138001700000,,Exempt,E-15 CITY,0,VACANT LAND SE,CITY OF CEDAR RAPIDS,0.065,,,,,,,,
141138001800000,141138001800000,,Exempt,E-15 CITY,0,VACANT LAND SE,CITY OF CEDAR RAPIDS,2.954,,,,,,,,
141145700700000,141145700700000,,Exempt,E-15 CITY,0,VACANT LAND SE,CITY OF CEDAR RAPIDS,0.657,,,,,,,,
141332600900000,141332600900000,,Exempt,E-15 CITY,0,VACANT LAND SE,CITY OF CEDAR RAPIDS,14.15,,,,,,,,
141337602000000,141337602000000,,Exempt,E-15 CITY,0,VACANT LAND SE,CITY OF CEDAR RAPIDS,4.98,,,,,,,,
141337602100000,141337602100000,,Exempt,E-15 CITY,0,VACANT LAND SE,CITY OF CEDAR RAPIDS,,,,,,,,,
141345400100000,141345400100000,,Exempt,E-15 CITY,0,VACANT LAND SE,CITY OF CEDAR RAPIDS,4.94,,,,,,,,
141420100100000,141420100100000,,Exempt,E-15 CITY,0,VACANT LAND SE,CITY OF CEDAR RAPIDS,2.826,,,,,,,,
141420100200000,141420100200000,,Exempt,E-15 CITY,0,VACANT LAND SE,CITY OF CEDAR RAPIDS,0.292,,,,,,,,
141445100300000,141445100300000,,Exempt,E-15 CITY,0,VACANT LAND SE,CITY OF CEDAR RAPIDS,8.89,,,,,,,,
141445200100000,141445200100000,,Exempt,E-15 CITY,0,VACANT LAND SE,CITY OF CEDAR RAPIDS,2.84,,,,,,,,
141445200400000,141445200400000,,Exempt,E-15 CITY,0,VACANT LAND NE,CITY OF CEDAR RAPIDS,2.28,,,,,,,,
141447800400000,141447800400000,,Exempt,E-15 CITY,0,VACANT LAND SE,CEDAR RAPIDS CITY OF,6.62,,,,,,,,
141515102100000,141515102100000,,Exempt,E-15 CITY,0,VACANT LAND NE,CITY OF CEDAR RAPIDS,0.2268,,,,,,,,
141530101100000,141530101100000,,Exempt,E-15 CITY,0,VACANT LAND NE,CITY OF CEDAR RAPIDS,0.85,,,,,,,,
141615200100000,141615200100000,,Exempt,E-15 CITY,0,VACANT LAND NE,CITY OF CEDAR RAPIDS,14.1,,,,,,,,
141625100200000,141625100200000,,Exempt,E-15 CITY,0,VACANT LAND NE,CITY OF CEDAR RAPIDS,45.99,,,,,,,,
141630100100000,141630100100000,,Exempt,E-15 CITY,0,VACANT LAND NE,CITY OF CEDAR RAPIDS,2.8687,,,,,,,,
141630100400000,141630100400000,,Exempt,E-15 CITY,0,VACANT LAND NE,CITY OF CEDAR RAPIDS,1.45,,,,,,,,
141632600100000,141632600100000,,Exempt,E-15 CITY,1111,SHAVER RD NE,CEDAR RAPIDS CITY OF CITY WATER WORKS,17.66,,,,,,,,
141632600400000,141632600400000,,Exempt,E-15 CITY,0,VACANT LAND NE,CITY OF CEDAR RAPIDS,4.5,,,,,,,,
141632600600000,141632600600000,,Exempt,E-15 CITY,0,VACANT LAND NE,CITY OF CEDAR RAPIDS CITY WATER WORKS,0.06,,,,,,,,
141632600700000,141632600700000,,Exempt,E-15 CITY,0,VACANT LAND NE,CEDAR RAPIDS CITY OF,0.13,,,,,,,,
141635100200000,141635100200000,,Exempt,E-15 CITY,0,VACANT LAND NE,CITY OF CEDAR RAPIDS,1.02,,,,,,,,
141637700100000,141637700100000,,Exempt,E-15 CITY,855,SHAVER RD NE,CITY OF CEDAR RAPIDS,0.6741,,,,,,,,
141640100100000,141640100100000,,Exempt,E-15 CITY,0,VACANT LAND NE,CITY OF CEDAR RAPIDS,25.67,,,,,,,,
141645900100000,141645900100000,,Exempt,E-15 CITY,791,SHAVER RD NE,CEDAR RAPIDS CITY OF,0.172,,,,,,,,
141645900200000,141645900200000,,Exempt,E-15 CITY,793,SHAVER RD NE,CEDAR RAPIDS CITY OF CITY HALL,0.069,,,,,,,,
141645900400000,141645900400000,,Exempt,E-15 CITY,799,SHAVER RD NE,CEDAR RAPIDS CITY OF,0.119,,,,,,,,
141645900500000,141645900500000,,Exempt,E-15 CITY,801,SHAVER RD NE,CEDAR RAPIDS CITY OF,0.125,,,,,,,,
141645900700000,141645900700000,,Exempt,E-15 CITY,813,SHAVER RD NE,CEDAR RAPIDS CITY OF,0.1607,,,,,Shop,1964,1516,
141645901300000,141645901300000,,Exempt,E-15 CITY,0,VACANT LAND NE,CITY OF CEDAR RAPIDS,0.126,,,,,,,,
141715300100000,141715300100000,,Exempt,E-15 CITY,0,VACANT LAND NE,CITY OF CEDAR RAPIDS,29.73,,,,,,,,
141717800200000,141717800200000,,Exempt,E-15 CITY,0,VACANT LAND NE,CITY OF CEDAR RAPIDS,6.5,,,,,,,,
141720300100000,141720300100000,,Exempt,E-15 CITY,100,J AVE NE,CITY OF CEDAR RAPIDS,2.5,,,,,,,,
141722600100000,141722600100000,,Exempt,E-15 CITY,0,VACANT LAND NW,CITY OF CEDAR RAPIDS,15.0,,,,,,,,
141725100400000,141725100400000,,Exempt,E-15 CITY,2510,ELLIS BLVD NW,CEDAR RAPIDS CITY OF % PROSOURCE TECHNOLOGIES,0.467,Single-Family,Salvage,1955-01-01,1316-01-01,,,,
141725101200000,141725101200000,,Exempt,E-15 CITY,0,VACANT LAND NW,CITY OF CEDAR RAPIDS % PARKS DEPT,6.41,,,,,,,,
141725200200000,141725200200000,,Exempt,E-15 CITY,0,VACANT LAND NW,CITY OF CEDAR RAPIDS,13.91,,,,,,,,
141730100100000,141730100100000,,Exempt,E-15 CITY,1876,ELLIS LN NW,CITY OF CEDAR RAPIDS ELLIS PARK,156.68,,,,,,,,
141732600100000,141732600100000,,Exempt,E-15 CITY,0,VACANT LAND NW,CITY OF CEDAR RAPIDS ELLIS PARK,22.2,,,,,,,,
141740200200000,141740200200000,,Exempt,E-15 CITY,0,VACANT LAND NE,CITY OF CEDAR RAPIDS,47.2,,,,,,,,
141810100100000,141810100100000,,Exempt,E-15 CITY,0,VACANT LAND NW,CITY OF CEDAR RAPIDS,44.11,,,,,,,,
141815105300000,141815105300000,,Exempt,E-15 CITY,0,VACANT LAND NW,CITY OF CEDAR RAPIDS,19.7,,,,,,,,
141817600100000,141817600100000,,Exempt,E-15 CITY,0,VACANT LAND NW,CITY OF CEDAR RAPIDS,38.75,,,,,,,,
141820100200000,141820100200000,,Exempt,E-15 CITY,0,VACANT LAND NW,CITY OF CEDAR RAPIDS,5.95,,,,,,,,
141822600100000,141822600100000,,Exempt,E-15 CITY,0,VACANT LAND NW,CITY OF CEDAR RAPIDS,4.37,,,,,,,,
141822600400000,141822600400000,,Exempt,E-15 CITY,3326,ELLIS RD NW,CEDAR RAPIDS CITY OF % PROSOURCE TECHNOLOGIES,0.388,Single-Family,Salvage,1900-01-01,8001-01-01,,,,
141822600500000,141822600500000,,Exempt,E-15 CITY,3334,ELLIS RD NW,CEDAR RAPIDS CITY OF % PROSOURCE TECHNOLOGIES,0.452,Single-Family,Salvage,1960-01-01,1284-01-01,,,,
141822600700000,141822600700000,CARTER'S ELLIS MARINE,Exempt,E-15 CITY,3338,ELLIS RD NW,CEDAR RAPIDS CITY OF,0.771,Single-Family,1 Story Frame,1957-01-01,1152-01-01,Store - Retail Small,1980,0,
141822800100000,141822800100000,,Exempt,E-15 CITY,0,VACANT LAND NE,CEDAR RAPIDS CITY OF,4.0,,,,,,,,
141840101700000,141840101700000,,Exempt,E-15 CITY,0,VACANT LAND NW,CITY OF CEDAR RAPIDS,2.5,,,,,,,,
141840102100000,141840102100000,,Exempt,E-15 CITY,0,VACANT LAND NW,CEDAR RAPIDS CITY OF,3.59,,,,,,,,
141840102200000,141840102200000,,Exempt,E-15 CITY,0,VACANT LAND NW,CEDAR RAPIDS CITY OF,0.266,,,,,,,,
141840102300000,141840102300000,,Exempt,E-15 CITY,0,VACANT LAND NW,CEDAR RAPIDS CITY OF,0.266,,,,,,,,
141847603000000,141847603000000,,Exempt,E-15 CITY,0,VACANT LAND NW,CEDAR RAPIDS CITY OF,2.96,,,,,,,,
141922803800000,141922803800000,,Exempt,E-15 CITY,0,VACANT LAND NW,CITY OF CEDAR RAPIDS,0.149,,,,,,,,
141940100100000,141940100100000,,Exempt,E-15 CITY,1101,19TH ST NW,CITY OF CEDAR RAPIDS,19.83,,,,,,,,
141945500300000,141945500300000,,Exempt,E-15 CITY,0,VACANT LAND NW,CITY OF CEDAR RAPIDS,0.316,,,,,,,,
141945601700000,141945601700000,,Exempt,E-15 CITY,0,VACANT LAND NW,CITY OF CEDAR RAPIDS,,,,,,,,,
141947900100000,141947900100000,,Exempt,E-15 CITY,730,19TH ST NW,CITY OF CEDAR RAPIDS,0.193,,,,,,,,
142010200100000,142010200100000,,Exempt,E-15 CITY,0,VACANT LAND NW,CITY OF CEDAR RAPIDS,0.2118,,,,,,,,
142010200200000,142010200200000,,Exempt,E-15 CITY,1600,1ST ST NW,CEDAR RAPIDS CITY OF,0.15,Single-Family,Salvage,1938-01-01,7401-01-01,,,,
142010300100000,142010300100000,,Exempt,E-15 CITY,1626,4TH ST NW,CEDAR RAPIDS CITY OF,0.178,Single-Family,Salvage,1910-01-01,8401-01-01,,,,
142010300300000,142010300300000,,Exempt,E-15 CITY,1631,5TH ST NW,CEDAR RAPIDS CITY OF,0.147,Single-Family,Salvage,1915-01-01,5701-01-01,,,,
142010300400000,142010300400000,,Exempt,E-15 CITY,1627,5TH ST NW,CEDAR RAPIDS CITY OF % PROSOURCE TECHNOLOGIES,0.147,Single-Family,Salvage,1915-01-01,5701-01-01,,,,
142010300500000,142010300500000,,Exempt,E-15 CITY,1617,5TH ST NW,CEDAR RAPIDS CITY OF,0.147,Single-Family,Salvage,1910-01-01,5701-01-01,,,,
142010301000000,142010301000000,,Exempt,E-15 CITY,1602,4TH ST NW,CEDAR RAPIDS CITY OF,0.132,,,,,,,,
142010301200000,142010301200000,,Exempt,E-15 CITY,1608,4TH ST NW,CEDAR RAPIDS CITY OF % PROSOURCE TECHNOLOGIES,0.141,Single-Family,Salvage,1900-01-01,4801-01-01,,,,
142010301300000,142010301300000,,Exempt,E-15 CITY,1616,4TH ST NW,CEDAR RAPIDS CITY OF,0.147,,,,,,,,
142010301400000,142010301400000,,Exempt,E-15 CITY,1622,4TH ST NW,CEDAR RAPIDS CITY OF,0.147,Single-Family,Salvage,1905-01-01,5701-01-01,,,,
142010400100000,142010400100000,,Exempt,E-15 CITY,1668,1ST ST NW,CEDAR RAPIDS CITY OF % PROSOURCE TECHNOLOGIES,0.164,Single-Family,Salvage,1895-01-01,8401-01-01,,,,
142010400300000,142010400300000,,Exempt,E-15 CITY,1669,6TH ST NW,CEDAR RAPIDS CITY OF % PROSOURCE TECHNOLOGIES,0.147,Single-Family,Salvage,1918-01-01,8001-01-01,,,,
142010402100000,142010402100000,,Exempt,E-15 CITY,1638,5TH ST NW,CEDAR RAPIDS CITY OF,0.147,Single-Family,Salvage,1900-01-01,5701-01-01,,,,
142010402200000,142010402200000,,Exempt,E-15 CITY,1642,5TH ST NW,CEDAR RAPIDS CITY OF,0.176,Single-Family,Salvage,1910-01-01,7901-01-01,,,,
142010402300000,142010402300000,,Exempt,E-15 CITY,1652,5TH ST NW,CEDAR RAPIDS CITY OF & HOWARD E BROWN % CR FINANCE,0.265,Detached Structures Only,,1857-01-01,,,,,
142017600300000,142017600300000,,Exempt,E-15 CITY,1527,4TH ST NW,CEDAR RAPIDS CITY OF,0.147,Single-Family,Salvage,1895-01-01,7601-01-01,,,,
142017600600000,142017600600000,,Exempt,E-15 CITY,1513,4TH ST NW,CEDAR RAPIDS CITY OF,0.147,Single-Family,Salvage,1900-01-01,7401-01-01,,,,
142017600900000,142017600900000,,Exempt,E-15 CITY,306,N AVE NW,CEDAR RAPIDS CITY OF,0.115,,,,,,,,
142017601100000,142017601100000,,Exempt,E-15 CITY,1502,1ST ST NW,CEDAR RAPIDS CITY OF,0.272,Single-Family,Salvage,1890-01-01,8501-01-01,,,,
142017601500000,142017601500000,,Exempt,E-15 CITY,1522,1ST ST NW,CEDAR RAPIDS CITY OF % CITY OF CEDAR RAPIDS FINANCE,0.161,Single-Family,1 Story Frame,1928-01-01,8501-01-01,,,,
142017601600000,142017601600000,,Exempt,E-15 CITY,1530,1ST ST NW,CEDAR RAPIDS CITY OF % PROSOURCE TECHNOLOGIES,0.126,Single-Family,Salvage,1955-01-01,6701-01-01,,,,
142018000100000,142018000100000,,Exempt,E-15 CITY,1428,3RD ST NW,CEDAR RAPIDS CITY OF % CITY  OF CEDAR RAPIDS FINANCE,0.126,Single-Family,Salvage,1900-01-01,6001-01-01,,,,
142018000900000,142018000900000,,Exempt,E-15 CITY,308,M AVE NW,CEDAR RAPIDS CITY OF,0.126,Single-Family,Salvage,1900-01-01,5601-01-01,,,,
142018001000000,142018001000000,,Exempt,E-15 CITY,1406,3RD ST NW,CEDAR RAPIDS CITY OF % CITY OF CEDAR RAPIDS FINANCE,0.126,Single-Family,Salvage,1895-01-01,6901-01-01,,,,
142018001100000,142018001100000,,Exempt,E-15 CITY,1412,3RD ST NW,CEDAR RAPIDS CITY OF,0.126,Single-Family,Salvage,1895-01-01,4801-01-01,,,,
142018001200000,142018001200000,,Exempt,E-15 CITY,1416,3RD ST NW,CEDAR RAPIDS CITY OF,0.126,Single-Family,Salvage,1895-01-01,7301-01-01,,,,
142018001300000,142018001300000,,Exempt,E-15 CITY,1420,3RD ST NW,CEDAR RAPIDS CITY OF % CITY OF CEDAR RAPIDS FINANCE,0.152,Single-Family,1 1/2 Story Frame,1890-01-01,9301-01-01,,,,
142018001400000,142018001400000,,Exempt,E-15 CITY,1426,3RD ST NW,CEDAR RAPIDS CITY OF,0.101,,,,,,,,
142018400100000,142018400100000,,Exempt,E-15 CITY,1342,3RD ST NW,CEDAR RAPIDS CITY OF,0.126,Single-Family,Salvage,1900-01-01,6301-01-01,,,,
142018401300000,142018401300000,,Exempt,E-15 CITY,1308,3RD ST NW,CEDAR RAPIDS CITY OF,0.152,,,,,,,,
142018401400000,142018401400000,,Exempt,E-15 CITY,1312,3RD ST NW,CEDAR RAPIDS CITY OF,0.101,,,,,,,,
142018401500000,142018401500000,,Exempt,E-15 CITY,1316,3RD ST NW,CEDAR RAPIDS CITY OF,0.126,Single-Family,Salvage,1875-01-01,6401-01-01,,,,
142018401600000,142018401600000,,Exempt,E-15 CITY,1320,3RD ST NW,CEDAR RAPIDS CITY OF,0.126,Single-Family,Salvage,1895-01-01,7701-01-01,,,,
142018401700000,142018401700000,,Exempt,E-15 CITY,1328,3RD ST NW,CEDAR RAPIDS CITY OF % PROSOURCE TECHNOLOGIES,0.126,Single-Family,Salvage,1895-01-01,6801-01-01,,,,
142018401800000,142018401800000,,Exempt,E-15 CITY,1332,3RD ST NW,CEDAR RAPIDS CITY OF % PROSOURCE TECHNOLOGIES,0.126,Single-Family,Salvage,1900-01-01,5401-01-01,,,,
142018401900000,142018401900000,,Exempt,E-15 CITY,1336,3RD ST NW,CEDAR RAPIDS CITY OF,0.126,Single-Family,Salvage,1880-01-01,5701-01-01,,,,
142027700100000,142027700100000,,Exempt,E-15 CITY,0,VACANT LAND NW,CITY OF CEDAR RAPIDS,3.53,,,,,,,,
142027700500000,142027700500000,,Exempt,E-15 CITY,0,VACANT LAND NW,CITY OF CEDAR RAPIDS,0.72,,,,,,,,
142035700300000,142035700300000,,Exempt,E-15 CITY,0,VACANT LAND NW,CITY OF CEDAR RAPIDS,0.23,,,,,,,,
142035700500000,142035700500000,,Exempt,E-15 CITY,0,VACANT LAND NW,CITY OF CEDAR RAPIDS,0.514,,,,,,,,
142040100200000,142040100200000,,Exempt,E-15 CITY,1247,3RD ST NW,CEDAR RAPIDS CITY OF,0.115,Two-Family Conversion,Salvage,1898-01-01,7201-01-01,,,,
142040100300000,142040100300000,,Exempt,E-15 CITY,1245,3RD ST NW,CEDAR RAPIDS CITY OF % CITY OF CEDAR RAPIDS FINANCE,0.1148,,,,,,,,
142040100400000,142040100400000,FENCING ONLY,Exempt,E-15 CITY,0,VACANT LAND NW,CEDAR RAPIDS CITY OF % CITY OF CEDAR RAPIDS FINANCE,0.1148,,,,,,,,
142040100700000,142040100700000,,Exempt,E-15 CITY,1221,3RD ST NW,CEDAR RAPIDS CITY OF % CITY OF CEDAR RAPIDS FINANCE,0.23,Single-Family,1 Story Frame,1895-01-01,6901-01-01,,,,
142040101000000,142040101000000,,Exempt,E-15 CITY,200,K AVE NW,CEDAR RAPIDS CITY OF % CITY OF CEDAR RAPIDS FINANCE,0.115,Single-Family,Salvage,1895-01-01,7201-01-01,,,,
142040200100000,142040200100000,,Exempt,E-15 CITY,1250,3RD ST NW,CEDAR RAPIDS CITY OF,0.057,Single-Family,Salvage,1913-01-01,7201-01-01,,,,
142040200200000,142040200200000,,Exempt,E-15 CITY,309,L AVE NW,CEDAR RAPIDS CITY OF,0.057,,,,,,,,
142040201400000,142040201400000,,Exempt,E-15 CITY,304,K AVE NW,CEDAR RAPIDS CITY OF,0.04,Single-Family,Salvage,1900-01-01,7401-01-01,,,,
142040201500000,142040201500000,,Exempt,E-15 CITY,1202,3RD ST NW,CEDAR RAPIDS CITY OF % CITY OF CEDAR RAPIDS FINANCE,0.075,Single-Family,Salvage,1930-01-01,7801-01-01,,,,
142040201600000,142040201600000,,Exempt,E-15 CITY,1206,3RD ST NW,CEDAR RAPIDS CITY OF,0.23,,,,,,,,
142040201700000,142040201700000,,Exempt,E-15 CITY,1216,3RD ST NW,CEDAR RAPIDS CITY OF & CHRISTINE M HARDIN,0.115,Single-Family,Salvage,1890-01-01,5101-01-01,,,,
142040201800000,142040201800000,,Exempt,E-15 CITY,1222,3RD ST NW,CEDAR RAPIDS CITY OF,0.115,Single-Family,Salvage,1895-01-01,8901-01-01,,,,
142040201900000,142040201900000,,Exempt,E-15 CITY,1226,3RD ST NW,CEDAR RAPIDS CITY OF,0.115,Single-Family,Salvage,1895-01-01,8501-01-01,,,,
142040202000000,142040202000000,,Exempt,E-15 CITY,1232,3RD ST NW,CEDAR RAPIDS CITY OF % CITY OF CEDAR RAPIDS FINANCE,0.115,,,,,,,,
142040600200000,142040600200000,,Exempt,E-15 CITY,1131,5TH ST NW,CITY OF CEDAR RAPIDS,5.9,,,,,,,,
142040800800000,142040800800000,,Exempt,E-15 CITY,1021,5TH ST NW,CITY OF CEDAR RAPIDS,0.126,Single-Family,Salvage,1935-01-01,6801-01-01,,,,
142048101500000,142048101500000,,Exempt,E-15 CITY,0,VACANT LAND NW,CITY OF CEDAR RAPIDS,0.032,,,,,,,,
142048301200000,142048301200000,,Exempt,E-15 CITY,0,VACANT LAND NW,CITY OF CEDAR RAPIDS,0.0092,,,,,,,,
142117700200000,142117700200000,,Exempt,E-15 CITY,0,VACANT LAND NE,CEDAR RAPIDS CITY OF,0.0104,,,,,,,,
142125100400000,142125100400000,,Exempt,E-15 CITY,1418,1ST ST NW,CEDAR RAPIDS CITY OF % PROSOURCE TECHNOLOGIES,0.086,Single-Family,Salvage,1920-01-01,8401-01-01,,,,
142125100500000,142125100500000,,Exempt,E-15 CITY,1411,3RD ST NW,CEDAR RAPIDS CITY OF,0.092,Single-Family,Salvage,1910-01-01,5701-01-01,,,,
142125100800000,142125100800000,,Exempt,E-15 CITY,1400,1ST ST NW,CEDAR RAPIDS CITY OF & BONNIE M MC DONOUGH,0.138,Single-Family,Salvage,1900-01-01,8901-01-01,,,,
142125101100000,142125101100000,,Exempt,E-15 CITY,1417,3RD ST NW,CEDAR RAPIDS CITY OF,0.093,Single-Family,Salvage,1900-01-01,8501-01-01,,,,
142125200200000,142125200200000,,Exempt,E-15 CITY,1343,3RD ST NW,CEDAR RAPIDS CITY OF % CITY OF CEDAR RAPIDS FINANCE,0.118,Single-Family,Salvage,1890-01-01,7301-01-01,,,,
142125200300000,142125200300000,,Exempt,E-15 CITY,1339,3RD ST NW,CEDAR RAPIDS CITY OF,0.125,Single-Family,Salvage,1890-01-01,7901-01-01,,,,
142125200400000,142125200400000,,Exempt,E-15 CITY,1333,3RD ST NW,CEDAR RAPIDS CITY OF % CITY OF CEDAR RAPIDS FINANCE,0.132,Single-Family,Salvage,1900-01-01,8901-01-01,,,,
142125200500000,142125200500000,,Exempt,E-15 CITY,1327,3RD ST NW,CEDAR RAPIDS CITY OF,0.14,Single-Family,Salvage,1900-01-01,7601-01-01,,,,
142125200700000,142125200700000,,Exempt,E-15 CITY,1317,3RD ST NW,CEDAR RAPIDS CITY OF % CITY OF CEDAR RAPIDS FINANCE,0.154,Single-Family,1 Story Frame,1900-01-01,7001-01-01,,,,
142125201100000,142125201100000,,Exempt,E-15 CITY,106,L AVE NW,CEDAR RAPIDS CITY OF % PROSOURCE TECHNOLOGIES,0.081,Single-Family,Salvage,1900-01-01,8601-01-01,,,,
142125201200000,142125201200000,,Exempt,E-15 CITY,1306,1ST ST NW,CEDAR RAPIDS CITY OF,0.158,,,,,,,,
142125201500000,142125201500000,,Exempt,E-15 CITY,1322,1ST ST NW,CEDAR RAPIDS CITY OF % PROSOURCE TECHNOLOGIES,0.144,Single-Family,Salvage,1890-01-01,9901-01-01,,,,
142125201600000,142125201600000,,Exempt,E-15 CITY,1326,1ST ST NW,CEDAR RAPIDS CITY OF % PROSOURCE TECHNOLOGIES,0.138,,,,,,,,
142125201800000,142125201800000,,Exempt,E-15 CITY,1340,1ST ST NW,CEDAR RAPIDS CITY OF % CITY OF CEDAR RAPIDS FINANCE,0.126,Single-Family,Salvage,1900-01-01,5701-01-01,,,,
142132600400000,142132600400000,,Exempt,E-15 CITY,1209,2ND ST NW,CEDAR RAPIDS CITY OF % PROSOURCE TECHNOLOGIES,0.115,Single-Family,Salvage,1895-01-01,7001-01-01,,,,
142132600600000,142132600600000,,Exempt,E-15 CITY,124,K AVE NW,CEDAR RAPIDS CITY OF,0.057,,,,,,,,
142132600700000,142132600700000,,Exempt,E-15 CITY,114,K AVE NW,CEDAR RAPIDS CITY OF % PROSOURCE TECHNOLOGIES,0.089,Single-Family,Salvage,1890-01-01,7201-01-01,,,,
142132600800000,142132600800000,VACANT LOT,Exempt,E-15 CITY,0,VACANT LAND NW,CEDAR RAPIDS CITY OF,0.1406,,,,,,,,
142135100100000,142135100100000,,Exempt,E-15 CITY,0,VACANT LAND NW,CITY OF CEDAR RAPIDS,3.014,,,,,,,,
142135200100000,142135200100000,,Exempt,E-15 CITY,0,VACANT LAND NW,CITY OF CEDAR RAPIDS,3.764,,,,,,,,
142137700100000,142137700100000,,Exempt,E-15 CITY,370,1ST AVE NE,CITY OF CEDAR RAPIDS,3.636,,,,,,,,
142137800100000,142137800100000,,Exempt,E-15 CITY,0,VACANT LAND NE,CITY OF CEDAR RAPIDS,0.193,,,,,,,,
142137800102000,142137800102000,,Exempt,E-15 CITY,350,1ST AVE NE,CITY OF CEDAR RAPIDS % CITY AUDITOR,,,,,,,,,
142138000100000,142138000100000,,Exempt,E-15 CITY,0,VACANT LAND NE,CITY OF CEDAR RAPIDS,2.598,,,,,,,,
142140502000000,142140502000000,,Exempt,E-15 CITY,0,VACANT LAND NE,CITY OF CEDAR RAPIDS,0.011,,,,,,,,
142145500200000,142145500200000,,Exempt,E-15 CITY,0,VACANT LAND NE,CITY OF CEDAR RAPIDS,0.7713,,,,,,,,
142145500300000,142145500300000,,Exempt,E-15 CITY,0,VACANT LAND NE,CITY OF CEDAR RAPIDS,,,,,,,,,
142145900100000,142145900100000,,Exempt,E-15 CITY,428,3RD AVE SE,CITY OF CEDAR RAPIDS,0.7713,,,,,,,,
142145900500000,142145900500000,,Exempt,E-15 CITY,0,VACANT LAND SE,CITY OF CEDAR RAPIDS % MAYORS OFFICE 3RD FLOOR,0.386,,,,,,,,
142146000100000,142146000100000,,Exempt,E-15 CITY,0,VACANT LAND SE,CEDAR RAPIDS CITY OF,0.2893,,,,,,,,
142146000200000,142146000200000,,Exempt,E-15 CITY,325,1ST AVE SE,CEDAR RAPIDS CITY OF,0.3214,,,,,,,,
142146100100000,142146100100000,,Exempt,E-15 CITY,0,VACANT LAND SE,CITY OF CEDAR RAPIDS,4.132,,,,,,,,
142220500100000,142220500100000,,Exempt,E-15 CITY,1556,B AVE NE,CITY OF CEDAR RAPIDS,0.2185,,,,,,,,
142221301100000,142221301100000,,Exempt,E-15 CITY,0,VACANT LAND NE,CITY OF CEDAR RAPIDS,0.012,,,,,,,,
142223000800000,142223000800000,,Exempt,E-15 CITY,0,VACANT LAND NE,CITY OF CEDAR RAPIDS,0.064,,,,,,,,
142223202200000,142223202200000,,Exempt,E-15 CITY,0,VACANT LAND NE,CITY OF CEDAR RAPIDS,0.129,,,,,,,,
142223202300000,142223202300000,,Exempt,E-15 CITY,1424,B AVE NE,CITY OF CEDAR RAPIDS FIRE STATION # 3,0.193,,,,,,,,
142227800100000,142227800100000,,Exempt,E-15 CITY,0,VACANT LAND SE,CITY OF CEDAR RAPIDS,1.23,,,,,,,,
142228200100000,142228200100000,,Exempt,E-15 CITY,0,VACANT LAND SE,CITY OF CEDAR RAPIDS,0.15,,,,,,,,
142230600500000,142230600500000,CONVERSION,Exempt,E-15 CITY,1419,5TH AVE SE,CEDAR RAPIDS CITY OF,0.1286,,,,,,,,
142235202100000,142235202100000,,Exempt,E-15 CITY,1047,5TH AVE SE,CITY OF CEDAR RAPIDS,0.0367,,,,,,,,
142235600400000,142235600400000,,Exempt,E-15 CITY,0,VACANT LAND SE,CITY OF CEDAR RAPIDS,0.077,,,,,,,,
142235600500000,142235600500000,,Exempt,E-15 CITY,0,VACANT LAND SE,CITY OF CEDAR RAPIDS,0.047,,,,,,,,
142240500100000,142240500100000,,Exempt,E-15 CITY,0,VACANT LAND SE,CITY OF CEDAR RAPIDS,0.98,,,,,,,,
142240601000000,142240601000000,,Exempt,E-15 CITY,0,VACANT LAND SE,CITY OF CEDAR RAPIDS,0.34,,,,,,,,
142248201000000,142248201000000,,Exempt,E-15 CITY,2000,MT VERNON RD SE,CITY OF CEDAR RAPIDS,3.284,,,,,,,,
142312600100000,142312600100000,,Exempt,E-15 CITY,0,VACANT LAND SE,CITY OF CEDAR RAPIDS,10.04,,,,,,,,
142312600200000,142312600200000,,Exempt,E-15 CITY,0,VACANT LAND SE,CITY OF CEDAR RAPIDS,70.0,,,,,,,,
142337802700000,142337802700000,,Exempt,E-15 CITY,2416,MT VERNON RD SE,CITY OF CEDAR RAPIDS FIRE STATION 6,,,,,,,,,
142412600100000,142412600100000,,Exempt,E-15 CITY,0,VACANT LAND SE,CITY OF CEDAR RAPIDS,5.54,,,,,,,,
142433001200000,142433001200000,,Exempt,E-15 CITY,0,VACANT LAND SE,CITY OF CEDAR RAPIDS,0.181,,,,,,,,
142442800200000,142442800200000,,Exempt,E-15 CITY,0,VACANT LAND SE,CITY OF CEDAR RAPIDS,0.28,,,,,,,,
142447700900000,142447700900000,,Exempt,E-15 CITY,4296,MT VERNON RD SE,CITY OF CEDAR RAPIDS (WATER TOWER),1.02,,,,,,,,
142528003300000,142528003300000,,Exempt,E-15 CITY,0,VACANT LAND SE,CEDAR RAPIDS CITY OF,,,,,,,,,
142530102000000,142530102000000,,Exempt,E-15 CITY,0,VACANT LAND SE,CEDAR RAPIDS CITY OF,,,,,,,,,
142542901100000,142542901100000,,Exempt,E-15 CITY,0,PARK SE,CITY OF CEDAR RAPIDS,14.32,,,,,,,,
142612603400000,142612603400000,,Exempt,E-15 CITY,0,VACANT LAND SE,CITY OF CEDAR RAPIDS,0.48,,,,,,,,
142617601300000,142617601300000,,Exempt,E-15 CITY,0,VACANT LAND SE,CITY OF CEDAR RAPIDS,4.82,,,,,,,,
142623001600000,142623001600000,,Exempt,E-15 CITY,1107,23RD ST SE,CEDAR RAPIDS CITY OF,0.602,,,,,,,,
142625100100000,142625100100000,,Exempt,E-15 CITY,0,VACANT LAND SE,CITY OF CEDAR RAPIDS,76.0,,,,,,,,
142632600200000,142632600200000,,Exempt,E-15 CITY,0,VACANT LAND SE,CITY OF CEDAR RAPIDS,21.0,,,,,,,,
142637700300000,142637700300000,,Exempt,E-15 CITY,0,VACANT LAND SE,CITY OF CEDAR RAPIDS,9.65,,,,,,,,
142637700400000,142637700400000,,Exempt,E-15 CITY,0,VACANT LAND SE,CITY OF CEDAR RAPIDS,0.46,,,,,,,,
142715500800000,142715500800000,,Exempt,E-15 CITY,0,VACANT LAND SE,CITY OF CEDAR RAPIDS,0.64,,,,,,,,
142715501200000,142715501200000,,Exempt,E-15 CITY,0,VACANT LAND SE,CITY OF CEDAR RAPIDS,0.138,,,,,,,,
142715600700000,142715600700000,,Exempt,E-15 CITY,1602,15TH AVE SE,CITY OF CEDAR RAPIDS,1.08,,,,,,,,
142715700100000,142715700100000,,Exempt,E-15 CITY,0,VACANT LAND SE,CITY OF CEDAR RAPIDS,8.793,,,,,,,,
142717600100000,142717600100000,,Exempt,E-15 CITY,0,VACANT LAND SE,CITY OF CEDAR RAPIDS,47.77,,,,,,,,
142720100100000,142720100100000,,Exempt,E-15 CITY,0,VACANT LAND SE,CITY OF CEDAR RAPIDS,3.0,,,,,,,,
142720200400000,142720200400000,,Exempt,E-15 CITY,0,VACANT LAND SE,CITY OF CEDAR RAPIDS,0.128,,,,,,,,
142720202200000,142720202200000,,Exempt,E-15 CITY,0,VACANT LAND SE,CITY OF CEDAR RAPIDS,0.129,,,,,,,,
142720302100000,142720302100000,,Exempt,E-15 CITY,0,VACANT LAND SE,CITY OF CEDAR RAPIDS,0.052,,,,,,,,
142720302200000,142720302200000,,Exempt,E-15 CITY,0,VACANT LAND SE,CITY OF CEDAR RAPIDS,0.067,,,,,,,,
142720302300000,142720302300000,,Exempt,E-15 CITY,0,VACANT LAND SE,CITY OF CEDAR RAPIDS,0.026,,,,,,,,
142720402700000,142720402700000,,Exempt,E-15 CITY,0,VACANT LAND SE,CITY OF CEDAR RAPIDS,0.048,,,,,,,,
142720500100000,142720500100000,,Exempt,SE 237,929,10TH ST SE,CEDAR RAPIDS CITY OF,0.11,Single-Family,2 Story Frame,1905-01-01,1560-01-01,,,,
142720602600000,142720602600000,,Exempt,SE 237,1025,10TH ST SE,CEDAR RAPIDS CITY OF CITY HALL,0.08,Single-Family,1 Story Frame,1890-01-01,8801-01-01,,,,
142720700900000,142720700900000,,Exempt,E-15 CITY,0,VACANT LAND SE,CITY OF CEDAR RAPIDS,0.129,,,,,,,,
142720702500000,142720702500000,,Exempt,E-15 CITY,0,VACANT LAND SE,CITY OF CEDAR RAPIDS,0.129,,,,,,,,
142722901200000,142722901200000,VACANT LOT,Exempt,E-15 CITY,910,10TH AVE SE,CITY OF CEDAR RAPIDS CITY HALL,0.0533,,,,,,,,
142723200900000,142723200900000,,Exempt,E-15 CITY,922,8TH ST SE,CEDAR RAPIDS CITY OF,0.096,,,,,,,,
142725501300000,142725501300000,CITY HALL,Exempt,E-15 CITY,0,VACANT LAND,CEDAR RAPIDS CITY OF CITY HALL,0.1102,,,,,Store - Retail Small,1930,813,
142725600300000,142725600300000,,Exempt,E-15 CITY,1002,5TH ST SE,CITY OF CEDAR RAPIDS,0.0964,,,,,,,,
142725700100000,142725700100000,VACANT BLDG,Exempt,E-15 CITY,629,12TH AVE SE,CEDAR RAPIDS CITY OF,0.0671,,,,,Shop,1931,704,
142725700200000,142725700200000,,Exempt,E-15 CITY,0,VACANT LAND SE,CEDAR RAPIDS CITY OF,0.041,,,,,,,,
142725700300000,142725700300000,,Exempt,E-15 CITY,0,VACANT LAND SE,CITY OF CEDAR RAPIDS,0.8494,,,,,,,,
142725900100000,142725900100000,,Exempt,E-15 CITY,400,12TH AVE SE,CEDAR RAPIDS CITY OF,4.8324,,,,,,,,
142726000800000,142726000800000,,Exempt,E-15 CITY,0,VACANT LAND SE,CITY OF CEDAR RAPIDS,1.97,,,,,,,,
142726100300000,142726100300000,,Exempt,E-15 CITY,1231,5TH ST SE,CEDAR RAPIDS CITY OF,0.197,Single-Family,Salvage,1880-01-01,9601-01-01,,,,
142726101400000,142726101400000,,Exempt,E-15 CITY,415,12TH AVE SE,CEDAR RAPIDS CITY OF % CITY AUDITOR,3.5958,,,,,,,,
142727700400000,142727700400000,,Exempt,E-15 CITY,1248,10TH ST SE,CITY OF CEDAR RAPIDS,0.771,,,,,,,,
142727700500000,142727700500000,,Exempt,E-15 CITY,0,VACANT LAND SE,CITY OF CEDAR RAPIDS,0.841,,,,,,,,
142727700700000,142727700700000,,Exempt,E-15 CITY,0,VACANT LAND SE,CITY OF CEDAR RAPIDS,0.125,,,,,,,,
142727700800000,142727700800000,,Exempt,E-15 CITY,0,VACANT LAND SE,CITY OF CEDAR RAPIDS,4.7,,,,,,,,
142727800100000,142727800100000,BENDER POOL,Exempt,E-15 CITY,940,14TH AVE SE,CITY OF CEDAR RAPIDS,1.736,,,,,,,,
142730500200000,142730500200000,,Exempt,E-15 CITY,1800,10TH ST SE,CEDAR RAPIDS CITY OF CITY HALL,6.76,,,,,Metal Office,1950,0,
142732800100000,142732800100000,WAREHOUSE,Exempt,E-15 CITY,1600,3RD ST SE,CEDAR RAPIDS CITY OF,30.25,,,,,Warehouse,1880,404969,multiple bldgs on this parcel
142733001900000,142733001900000,,Exempt,E-15 CITY,0,VACANT LAND SE,CITY OF CEDAR RAPIDS,0.066,,,,,,,,
142733100100000,142733100100000,,Exempt,E-15 CITY,0,VACANT LAND SE,CITY OF CEDAR RAPIDS,0.121,,,,,,,,
142733100800000,142733100800000,,Exempt,E-15 CITY,0,VACANT LAND SE,CITY OF CEDAR RAPIDS,0.129,,,,,,,,
142733101900000,142733101900000,,Exempt,E-15 CITY,0,VACANT LAND SE,CITY OF CEDAR RAPIDS,0.545,,,,,,,,
142733102000000,142733102000000,,Exempt,E-15 CITY,0,VACANT LAND SE,CITY OF CEDAR RAPIDS,5.302,,,,,,,,
142735100100000,142735100100000,,Exempt,E-15 CITY,0,VACANT LAND SW,CITY OF CEDAR RAPIDS,5.3,,,,,,,,
142737600100000,142737600100000,,Exempt,E-15 CITY,2216,A ST SW,CITY OF CEDAR RAPIDS,0.35,,,,,,,,
142810500400000,142810500400000,,Exempt,E-15 CITY,0,VACANT LAND SE,CITY OF CEDAR RAPIDS,0.028,,,,,,,,
142810501100000,142810501100000,,Exempt,E-15 CITY,0,VACANT LAND SE,CEDAR RAPIDS CITY OF,,,,,,,,,
142812700600000,142812700600000,,Exempt,E-15 CITY,0,VACANT LAND SE,CITY OF CEDAR RAPIDS,1.698,,,,,,,,
142812900100000,142812900100000,,Exempt,E-15 CITY,349,4TH AVE SE,CITY OF CEDAR RAPIDS,1.8,,,,,,,,
142813100102000,142813100102000,,Exempt,E-15 CITY,305,2ND ST SE,CITY OF CEDAR RAPIDS,,,,,,,,,
142813100700000,142813100700000,,Exempt,E-15 CITY,126,4TH AVE SE,CEDAR RAPIDS CITY OF,0.1928,,,,,,,,
142813100800000,142813100800000,,Exempt,E-15 CITY,321,2ND ST SE,CITY OF CEDAR RAPIDS,0.0964,,,,,,,,
142813100900000,142813100900000,LEASED LAND FOR THEATRE,Commercial,COMM CTRL CORE,0,VACANT LAND SE,CITY OF CEDAR RAPIDS (LESSEE),0.639,,,,,,,,
142813100904000,142813100904000,,Exempt,E-15 CITY,0,VACANT LAND SE,CITY OF CEDAR RAPIDS,,,,,,,,,
142813300400000,142813300400000,,Exempt,E-15 CITY,201,4TH AVE SE,CITY OF CEDAR RAPIDS,1.652,,,,,,,,
142813300500000,142813300500000,,Exempt,E-76 EDU CLASS BLDG,145,4TH AVE SE,CITY OF CEDAR RAPIDS,3.805,,,,,,,,
142813500100000,142813500100000,,Exempt,E-15 CITY,500,1ST ST SE,CITY OF CEDAR RAPIDS,2.0661,,,,,,,,
142813600500000,142813600500000,,Exempt,E-15 CITY,0,VACANT LAND SE,CEDAR RAPIDS CITY OF,0.0761,,,,,,,,
142813600600000,142813600600000,,Exempt,E-15 CITY,427,1ST ST SE,CEDAR RAPIDS CITY OF,0.3415,,,,,,,,
142815200100000,142815200100000,PARKING,Exempt,E-15 CITY,601,2ND ST SE,CEDAR RAPIDS CITY OF,0.964,,,,,,,,
142815300100000,142815300100000,,Exempt,E-15 CITY,0,VACANT LAND SE,CEDAR RAPIDS CITY OF,0.11,,,,,,,,
142815300300000,142815300300000,,Exempt,E-15 CITY,0,VACANT LAND SE,CEDAR RAPIDS CITY OF,0.18,,,,,,,,
142815600100000,142815600100000,,Exempt,E-15 CITY,105,8TH AVE SE,CEDAR RAPIDS CITY OF,0.579,,,,,,,,
142815600300000,142815600300000,,Exempt,E-15 CITY,0,VACANT LAND SE,CITY OF CEDAR RAPIDS,1.1019,,,,,,,,
142815700100000,142815700100000,,Exempt,E-15 CITY,0,VACANT LAND SE,CITY OF CEDAR RAPIDS,0.8329,,,,,,,,
142815800200000,142815800200000,,Exempt,E-15 CITY,40,8TH AVE SW,CEDAR RAPIDS CITY OF,0.7314,,,,,,,,
142818700100000,142818700100000,,Exempt,E-15 CITY,327,11TH AVE SE,CEDAR RAPIDS CITY OF,1.171,,,,,Metal Warehouse - Steel Frame,1974,20800,
142818700200000,142818700200000,,Exempt,E-15 CITY,0,VACANT LAND SE,CEDAR RAPIDS CITY OF,0.138,,,,,,,,
142818700300000,142818700300000,VACANT HEINZ COMPANY,Exempt,E-15 CITY,309,11TH AVE SE,CEDAR RAPIDS CITY OF,0.193,,,,,Office - General,1923,5640,
142818700400000,142818700400000,VACANT HEINZ COMPANY,Exempt,E-15 CITY,1114,3RD ST SE,CEDAR RAPIDS CITY OF,0.386,,,,,Metal Warehouse - Steel Frame,1970,0,
142818700500000,142818700500000,VACANT HEINZ COMPANY,Exempt,E-15 CITY,1120,3RD ST SE,CEDAR RAPIDS CITY OF,0.193,,,,,Office - General,1968,8011,
142818700600000,142818700600000,HEINZ COMPANY(FENCE/PAVING),Exempt,E-15 CITY,0,VACANT LAND SE,CEDAR RAPIDS CITY OF,0.145,,,,,,,,
142818700700000,142818700700000,HEINZ COMPANY(FENCE/PAVING),Exempt,E-15 CITY,0,VACANT LAND SE,CEDAR RAPIDS CITY OF,0.048,,,,,,,,
142818800800000,142818800800000,,Exempt,E-15 CITY,208,11TH AVE SE,CEDAR RAPIDS CITY OF,0.107,Single-Family,1 Story Frame,2006-01-01,1047-01-01,,,,
142820400100000,142820400100000,,Exempt,E-15 CITY,0,VACANT LAND SE,CITY OF CEDAR RAPIDS,2.4,,,,,,,,
142820500100000,142820500100000,,Exempt,E-15 CITY,0,VACANT LAND SE,CITY OF CEDAR RAPIDS,0.882,,,,,,,,
142820900100000,142820900100000,,Exempt,E-15 CITY,0,VACANT LAND SE,CITY OF CEDAR RAPIDS,0.93,,,,,,,,
142822600100000,142822600100000,,Exempt,E-15 CITY,0,VACANT LAND NW,CITY OF CEDAR RAPIDS,0.38,,,,,,,,
142822700100000,142822700100000,,Exempt,E-15 CITY,0,VACANT LAND NW,CITY OF CEDAR RAPIDS,0.6683,,,,,,,,
142823000100000,142823000100000,,Exempt,E-15 CITY,0,VACANT LAND SW,CITY OF CEDAR RAPIDS,1.791,,,,,,,,
142823400300000,142823400300000,,Exempt,E-15 CITY,0,VACANT LAND SW,CITY OF CEDAR RAPIDS (PARKING LOT),0.305,,,,,,,,
142827600100000,142827600100000,,Exempt,E-15 CITY,519,H ST SW,CEDAR RAPIDS CITY OF,0.2679,,,,,,,,
142827600200000,142827600200000,,Exempt,E-15 CITY,0,VACANT LAND SW,CITY OF CEDAR RAPIDS,0.386,,,,,,,,
142827600300000,142827600300000,,Exempt,E-15 CITY,0,VACANT LAND SW,CITY OF CEDAR RAPIDS,3.631,,,,,,,,
142827600400000,142827600400000,,Exempt,E-15 CITY,505,1ST ST SW,CITY OF CEDAR RAPIDS,3.9159,,,,,,,,
142827900200000,142827900200000,,Exempt,E-15 CITY,529,H ST SW,CEDAR RAPIDS CITY OF,0.3347,,,,,,,,
142828200100000,142828200100000,,Exempt,E-15 CITY,0,VACANT LAND SW,CITY OF CEDAR RAPIDS,0.861,,,,,,,,
142828400100000,142828400100000,,Exempt,E-15 CITY,600,2ND ST SW,CEDAR RAPIDS CITY OF,0.2527,,,,,,,,
142830100200000,142830100200000,VACANT LOT,Exempt,E-15 CITY,727,1ST ST SW,CEDAR RAPIDS CITY OF,0.0937,,,,,,,,
142835300400000,142835300400000,,Exempt,E-15 CITY,940,4TH ST SW,CITY OF CEDAR RAPIDS,10.6215,,,,,,,,
142835300500000,142835300500000,,Exempt,E-15 CITY,0,VACANT LAND SW,CITY OF CEDAR RAPIDS,0.4194,,,,,,,,
142835300600000,142835300600000,,Exempt,E-15 CITY,0,VACANT LAND SW,CEDAR RAPIDS CITY OF,3.2088,,,,,,,,
142835300700000,142835300700000,,Exempt,E-15 CITY,0,VACANT LAND SW,CITY OF CEDAR RAPIDS,0.9983,,,,,,,,
142840300100000,142840300100000,,Exempt,E-15 CITY,1001,2ND ST SE,CEDAR RAPIDS CITY OF,9.713,,,,,,,,
142840600100000,142840600100000,,Exempt,E-15 CITY,0,VACANT LAND SE,CITY OF CEDAR RAPIDS,0.193,,,,,,,,
142840600200000,142840600200000,AFRICAN AMERICAN HISTORICAL MU,Exempt,E-70 CHARITY OTHER,55,12TH AVE SE,CITY OF CEDAR RAPIDS % CITY AUDITOR'S OFFICE,0.8867,,,,,Fraternal Building,2002,14800,
142840600300000,142840600300000,,Exempt,E-15 CITY,1217,1ST ST SE,CITY OF CEDAR RAPIDS,0.3022,,,,,,,,
142840600400000,142840600400000,VACANT BLDG,Exempt,E-15 CITY,1221,1ST ST SE,CEDAR RAPIDS CITY OF,0.2324,,,,,Warehouse,1974,3870,
142840600500000,142840600500000,WAREHOUSE,Exempt,E-15 CITY,1229,1ST ST SE,CEDAR RAPIDS CITY OF % CONTROLLER-AUDITOR,0.2961,,,,,Warehouse,1967,2572,
142840600600000,142840600600000,,Exempt,SE 237,1233,1ST ST SE,CEDAR RAPIDS CITY OF % CONTROLLER-AUDITOR,0.159,Single-Family,Salvage,1900-01-01,5601-01-01,,,,
142840600700000,142840600700000,,Exempt,E-15 CITY,1325,1ST ST SE,CITY OF CEDAR RAPIDS,1.2253,,,,,,,,
142840700100000,142840700100000,,Exempt,E-15 CITY,0,VACANT LAND SE,CITY OF CEDAR RAPIDS,0.593,,,,,,,,
142840700300000,142840700300000,,Exempt,E-15 CITY,0,VACANT LAND SE,CITY OF CEDAR RAPIDS,0.043,,,,,,,,
142845100100000,142845100100000,,Exempt,E-15 CITY,1115,C ST SW,CITY OF CEDAR RAPIDS,14.239,,,,,,,,
142845600100000,142845600100000,,Exempt,E-15 CITY,0,VACANT LAND SW,CITY OF CEDAR RAPIDS,1.263,,,,,,,,
142845900100000,142845900100000,,Exempt,E-15 CITY,1500,C ST SW,CITY OF CEDAR RAPIDS,0.216,,,,,,,,
142845900200000,142845900200000,,Exempt,E-15 CITY,0,VACANT LAND SW,CITY OF CEDAR RAPIDS,0.781,,,,,,,,
142845900300000,142845900300000,,Exempt,E-15 CITY,1416,C ST SW,CITY OF CEDAR RAPIDS,0.23,,,,,,,,
142845901100000,142845901100000,,Exempt,E-15 CITY,0,VACANT LAND SW,CITY OF CEDAR RAPIDS,0.6709,,,,,,,,
142845901200000,142845901200000,,Exempt,E-15 CITY,0,VACANT LAND SW,CITY OF CEDAR RAPIDS,0.2681,,,,,,,,
142845901300000,142845901300000,,Exempt,E-15 CITY,120,16TH AVE SW,CITY OF CEDAR RAPIDS,0.1882,,,,,,,,
142847600100000,142847600100000,,Exempt,E-15 CITY,1805,A ST SW,CITY OF CEDAR RAPIDS,2.8,,,,,,,,
142847600200000,142847600200000,,Exempt,E-15 CITY,1605,A ST SW,CITY OF CEDAR RAPIDS,0.7493,,,,,,,,
142847700200000,142847700200000,CZECH SLAVACH NATIONAL MUSEUM,Exempt,E-55 LIBRARY/ART,30,16TH AVE SW,CITY OF CEDAR RAPIDS %CZECH & SLOVAK MUSEUM & LIBRARY,0.77,,,,,Library,1995,16593,
142847700300000,142847700300000,PATIO/CLOCK TOWER,Exempt,E-55 LIBRARY/ART,28,16TH AVE SW,CEDAR RAPIDS CITY OF %CZECH & SLOVAK MUSEUM & LIBRARY,0.321,,,,,,,,
142847800100000,142847800100000,,Exempt,E-15 CITY,0,VACANT LAND SW,CITY OF CEDAR RAPIDS,0.1338,,,,,,,,
142847800200000,142847800200000,,Exempt,E-15 CITY,0,VACANT LAND SW,CITY OF CEDAR RAPIDS,0.0958,,,,,,,,
142847800400000,142847800400000,,Exempt,E-15 CITY,0,VACANT LAND SW,CITY OF CEDAR RAPIDS,0.1268,,,,,,,,
142847800800000,142847800800000,,Exempt,E-15 CITY,0,VACANT LAND SW,CITY OF CEDAR RAPIDS,0.2697,,,,,,,,
142847801000000,142847801000000,,Exempt,E-15 CITY,0,VACANT LAND SW,CITY OF CEDAR RAPIDS,0.1194,,,,,,,,
142847901800000,142847901800000,,Exempt,E-15 CITY,0,VACANT LAND SW,CITY OF CEDAR RAPIDS,0.1148,,,,,,,,
142847901900000,142847901900000,,Exempt,E-15 CITY,0,VACANT LAND SW,CITY OF CEDAR RAPIDS,0.1721,,,,,,,,
142847902000000,142847902000000,,Exempt,E-15 CITY,0,VACANT LAND SW,CITY OF CEDAR RAPIDS,0.0574,,,,,,,,
142847902100000,142847902100000,,Exempt,E-15 CITY,0,VACANT LAND SW,CITY OF CEDAR RAPIDS,0.1148,,,,,,,,
142847902200000,142847902200000,,Exempt,E-15 CITY,0,VACANT LAND SW,CITY OF CEDAR RAPIDS,0.0688,,,,,,,,
142847902300000,142847902300000,,Exempt,E-15 CITY,0,VACANT LAND SW,CITY OF CEDAR RAPIDS,0.0688,,,,,,,,
142847902400000,142847902400000,,Exempt,E-15 CITY,0,VACANT LAND SW,CITY OF CEDAR RAPIDS,0.0918,,,,,,,,
142848000100000,142848000100000,,Exempt,E-15 CITY,0,VACANT LAND SW,CITY OF CEDAR RAPIDS,0.0781,,,,,,,,
142848000200000,142848000200000,,Exempt,E-15 CITY,0,VACANT LAND SW,CITY OF CEDAR RAPIDS,0.1148,,,,,,,,
142848000300000,142848000300000,,Exempt,E-15 CITY,0,VACANT LAND SW,CITY OF CEDAR RAPIDS,0.1148,,,,,,,,
142848000400000,142848000400000,,Exempt,E-15 CITY,0,VACANT LAND SW,CITY OF CEDAR RAPIDS,0.1147,,,,,,,,
142848000600000,142848000600000,,Exempt,E-15 CITY,0,VACANT LAND SW,CITY OF CEDAR RAPIDS,0.0229,,,,,,,,
142848000900000,142848000900000,,Exempt,E-15 CITY,0,VACANT LAND SW,CITY OF CEDAR RAPIDS,0.184,,,,,,,,
142848100100000,142848100100000,,Exempt,E-15 CITY,0,VACANT LAND SW,CITY OF CEDAR RAPIDS,0.2066,,,,,,,,
142848100200000,142848100200000,,Exempt,E-15 CITY,0,VACANT LAND SW,CITY OF CEDAR RAPIDS,0.1148,,,,,,,,
142848300100000,142848300100000,,Exempt,E-15 CITY,0,VACANT LAND SW,CITY OF CEDAR RAPIDS,0.1022,,,,,,,,
142848700500000,142848700500000,,Exempt,E-15 CITY,0,VACANT LAND SW,CITY OF CEDAR RAPIDS,0.2101,,,,,,,,
142910300100000,142910300100000,,Exempt,E-15 CITY,423,5TH ST NW,CITY OF CEDAR RAPIDS,0.0901,,,,,,,,
142910600100000,142910600100000,,Exempt,E-15 CITY,222,3RD ST NW,CITY OF CEDAR RAPIDS,2.2361,,,,,,,,
142910800500000,142910800500000,VACANT LOT,Exempt,E-15 CITY,0,VACANT LAND NW,CEDAR RAPIDS CITY OF,0.4,,,,,,,,
142910900100000,142910900100000,VACANT LOT,Exempt,E-15 CITY,0,VACANT LAND NW,CEDAR RAPIDS CITY OF,0.038,,,,,,,,
142910900200000,142910900200000,VACANT LOT,Exempt,E-15 CITY,616,C AVE NW,CEDAR RAPIDS CITY OF,0.1286,,,,,,,,
142910900300000,142910900300000,VACANT LOT,Exempt,E-15 CITY,0,VACANT LAND NW,CEDAR RAPIDS CITY OF,0.165,,,,,,,,
142911001500000,142911001500000,,Exempt,E-15 CITY,0,VACANT LAND NW,CITY OF CEDAR RAPIDS,0.0098,,,,,,,,
142913000800000,142913000800000,,Exempt,NW 311,620,C AVE NW,CEDAR RAPIDS CITY OF,0.195,,,,,,,,
142913101600000,142913101600000,PAVING AND FENCING,Exempt,E-15 CITY,0,VACANT LAND NW,CEDAR RAPIDS CITY OF,0.129,,,,,,,,
142913101700000,142913101700000,PAVING ONLY,Exempt,E-15 CITY,0,VACANT LAND NW,CEDAR RAPIDS CITY OF,0.129,,,,,,,,
142915500100000,142915500100000,,Exempt,E-15 CITY,0,VACANT LAND NW,CITY OF CEDAR RAPIDS,0.235,,,,,,,,
142918900800000,142918900800000,,Exempt,E-15 CITY,843,3RD AVE SW,CITY OF CEDAR RAPIDS,0.0575,,,,,,,,
142920300400000,142920300400000,,Exempt,E-15 CITY,1113,C AVE NW,CEDAR RAPIDS CITY OF,0.1321,,,,,,,,
142920300500000,142920300500000,,Exempt,E-15 CITY,0,VACANT LAND NW,CITY OF CEDAR RAPIDS,0.132,,,,,,,,
142920300600000,142920300600000,,Exempt,E-15 CITY,1123,C AVE NW,CITY OF CEDAR RAPIDS,0.132,,,,,,,,
142922602200000,142922602200000,,Exempt,E-15 CITY,0,VACANT LAND NW,CITY OF CEDAR RAPIDS,0.221,,,,,,,,
142925600100000,142925600100000,,Exempt,E-15 CITY,0,VACANT LAND NW,CITY OF CEDAR RAPIDS,0.0839,,,,,,,,
142928500300000,142928500300000,,Exempt,E-15 CITY,0,VACANT LAND NW,CITY OF CEDAR RAPIDS,0.1269,,,,,,,,
142930600100000,142930600100000,,Exempt,E-15 CITY,950,ROCKFORD RD SW,CITY OF CEDAR RAPIDS,20.0032,,,,,,,,
142932600100000,142932600100000,,Exempt,E-15 CITY,0,VACANT LAND SW,CITY OF CEDAR RAPIDS,8.6736,,,,,,,,
142937600100000,142937600100000,,Exempt,E-15 CITY,1100,ROCKFORD RD SW,CITY OF CEDAR RAPIDS,6.7615,,,,,,,,
142937600300000,142937600300000,,Exempt,E-15 CITY,0,VACANT LAND SW,CITY OF CEDAR RAPIDS,1.1231,,,,,,,,
142940100200000,142940100200000,,Exempt,E-15 CITY,0,VACANT LAND SW,CITY OF CEDAR RAPIDS (REEDS PARK),1.6013,,,,,,,,
142945200100000,142945200100000,,Exempt,E-15 CITY,1010,10TH AVE SW,CEDAR RAPIDS CITY OF,0.4154,,,,,,,,
142948301200000,142948301200000,,Exempt,E-15 CITY,0,VACANT LAND SW,CITY OF CEDAR RAPIDS,0.069,,,,,,,,
143013000300000,143013000300000,,Exempt,E-15 CITY,0,VACANT LAND SW,CITY OF CEDAR RAPIDS,0.3902,,,,,,,,
143020300100000,143020300100000,,Exempt,E-15 CITY,0,VACANT LAND NW,CITY OF CEDAR RAPIDS,5.7,,,,,,,,
143020400200000,143020400200000,,Exempt,E-15 CITY,0,VACANT LAND NW,CITY OF CEDAR RAPIDS,2.43,,,,,,,,
143020400300000,143020400300000,,Exempt,E-15 CITY,0,VACANT LAND NW,CITY OF CEDAR RAPIDS,2.0,,,,,,,,
143028000600000,143028000600000,,Exempt,E-15 CITY,,0 VACANT LAND NW,CEDAR RAPIDS CITY OF,0.18,,,,,,,,
143030101000000,143030101000000,,Exempt,E-15 CITY,0,VACANT LAND NW,CITY OF CEDAR RAPIDS,0.1384,,,,,,,,
143037700100000,143037700100000,,Exempt,E-15 CITY,0,CITY SIDEWALK SW,CITY OF CEDAR RAPIDS,0.1,,,,,,,,
143040600100000,143040600100000,,Exempt,E-15 CITY,0,VACANT LAND SW,CITY OF CEDAR RAPIDS,0.1233,,,,,,,,
143045202500000,143045202500000,,Exempt,E-15 CITY,0,VACANT LAND SW,CITY OF CEDAR RAPIDS,0.2161,,,,,,,,
143045202600000,143045202600000,,Exempt,E-15 CITY,0,VACANT LAND SW,CITY OF CEDAR RAPIDS (WATER WORKS),2.2789,,,,,,,,
143115202900000,143115202900000,,Exempt,E-15 CITY,0,VACANT LAND SW,CEDAR RAPIDS CITY OF,1.65,,,,,,,,
143117604900000,143117604900000,,Exempt,E-15 CITY,0,VACANT LAND SW,CEDAR RAPIDS CITY OF,1.35,,,,,,,,
143117605000000,143117605000000,,Exempt,E-15 CITY,0,VACANT LAND SW,CEDAR RAPIDS CITY OF,1.08,,,,,,,,
143117605700000,143117605700000,,Exempt,SW 420,0,VACANT LAND SW,CEDAR RAPIDS CITY OF,0.45,,,,,,,,
143117605800000,143117605800000,,Exempt,SW 420,0,VACANT LAND SW,CEDAR RAPIDS CITY OF CITY CLERK,1.33,,,,,,,,
143120100200000,143120100200000,,Exempt,E-15 CITY,2604,16TH AVE SW,CEDAR RAPIDS CITY OF,1.38,,,,,,,,
143137600100000,143137600100000,,Exempt,E-15 CITY,0,VACANT LAND SW,CITY OF CEDAR RAPIDS,0.142,,,,,,,,
143137701200000,143137701200000,,Exempt,E-15 CITY,0,VACANT LAND SW,CITY OF CEDAR RAPIDS,0.2064,,,,,,,,
143137702000000,143137702000000,,Exempt,E-15 CITY,0,VACANT LAND SW,CITY OF CEDAR RAPIDS,1.8283,,,,,,,,
143137702100000,143137702100000,,Exempt,E-15 CITY,0,VACANT LAND SW,CITY OF CEDAR RAPIDS,1.2936,,,,,,,,
143213100300000,143213100300000,,Exempt,E-15 CITY,0,VACANT LAND SW,CEDAR RAPIDS CITY OF,0.12,,,,,,,,
143218500200000,143218500200000,,Exempt,E-15 CITY,0,VACANT LAND SW,CEDAR RAPIDS CITY OF,0.1194,,,,,,,,
143227601900000,143227601900000,,Exempt,E-15 CITY,0,VACANT LAND SW,CITY OF CEDAR RAPIDS,0.13,,,,,,,,
143227800300000,143227800300000,,Exempt,E-15 CITY,0,VACANT LAND SW,CITY OF CEDAR RAPIDS,0.2556,,,,,,,,
143227801200000,143227801200000,,Exempt,E-15 CITY,0,VACANT LAND SW,CITY OF CEDAR RAPIDS,0.1283,,,,,,,,
143228000100000,143228000100000,,Exempt,E-15 CITY,0,VACANT LAND SW,CITY OF CEDAR RAPIDS,1.8267,,,,,,,,
143228200100000,143228200100000,,Exempt,E-15 CITY,0,VACANT LAND SW,CITY OF CEDAR RAPIDS,0.1252,,,,,,,,
143311000100000,143311000100000,,Exempt,E-15 CITY,0,VACANT LAND SW,CEDAR RAPIDS CITY OF,4.5066,,,,,,,,
143312700100000,143312700100000,,Exempt,E-15 CITY,0,VACANT LAND SW,CITY OF CEDAR RAPIDS,0.1775,,,,,,,,
143312700200000,143312700200000,,Exempt,E-15 CITY,0,VACANT LAND SW,CITY OF CEDAR RAPIDS,0.3419,,,,,,,,
143316500600000,143316500600000,,Exempt,E-15 CITY,0,VACANT LAND SW,CITY OF CEDAR RAPIDS,0.086,,,,,,,,
143322800100000,143322800100000,,Exempt,E-15 CITY,0,VACANT LAND SW,CITY OF CEDAR RAPIDS,1.5725,,,,,,,,
143322800200000,143322800200000,,Exempt,E-15 CITY,0,VACANT LAND SW,CITY OF CEDAR RAPIDS,1.8509,,,,,,,,
143332800300000,143332800300000,,Exempt,E-15 CITY,509,WILSON AVE SW,CITY OF CEDAR RAPIDS FIRE STATION 5,0.1757,,,,,,,,
143340301100000,143340301100000,,Exempt,E-15 CITY,0,VACANT LAND SW,CEDAR RAPIDS CITY OF,1.6285,,,,,,,,
143432600100000,143432600100000,,Exempt,E-15 CITY,325,WILSON AVE DR SW,CITY OF CEDAR RAPIDS,40.0191,,,,,,,,
143437602200000,143437602200000,,Exempt,E-15 CITY,0,VACANT LAND SW,CITY OF CEDAR RAPIDS,0.7418,,,,,,,,
143437700200000,143437700200000,,Exempt,E-15 CITY,0,VACANT LAND SW,CITY OF CEDAR RAPIDS,19.0063,,,,,,,,
143440100100000,143440100100000,,Exempt,E-15 CITY,0,VACANT LAND SW,CITY OF CEDAR RAPIDS,7.0323,,,,,,,,
143445100300000,143445100300000,,Exempt,E-15 CITY,0,VACANT LAND SW,CITY OF CEDAR RAPIDS,43.2773,,,,,,,,
143445101600000,143445101600000,,Exempt,SW 431,0,VACANT LAND SW,CEDAR RAPIDS CITY OF,0.22,,,,,,,,
143510100400000,143510100400000,,Exempt,E-15 CITY,0,VACANT LAND SE,CITY OF CEDAR RAPIDS,8.8605,,,,,,,,
143520200200000,143520200200000,,Exempt,E-15 CITY,0,VACANT LAND SE,CITY OF CEDAR RAPIDS,8.3954,,,,,,,,
143527701100000,143527701100000,,Exempt,E-15 CITY,0,VACANT LAND SE,CITY OF CEDAR RAPIDS,5.5567,,,,,,,,
143530100600000,143530100600000,,Exempt,E-15 CITY,2600,24TH AVE SE,CEDAR RAPIDS CITY OF,0.23,Detached Structures Only,,1986-01-01,,,,,
143530202700000,143530202700000,,Exempt,E-15 CITY,2393,THOMPSON ST SE,CEDAR RAPIDS CITY OF,1.309,,,,,,,,
143530300800000,143530300800000,,Exempt,E-15 CITY,0,VACANT LAND SE,CEDAR RAPIDS CITY OF,0.276,,,,,,,,
143530300900000,143530300900000,,Exempt,E-15 CITY,2364,BLAKELY BLVD SE,CEDAR RAPIDS CITY OF,0.276,(2) Single-Family Dwlg's,Salvage,1946-01-01,8601-01-01,,,,
143530301100000,143530301100000,,Exempt,E-15 CITY,2380,BLAKELY BLVD SE,CEDAR RAPIDS CITY OF % CITY OF CEDAR RAPIDS FINANCE,0.549,Single-Family,1 Story Frame,1945-01-01,8601-01-01,,,,
143530301200000,143530301200000,,Exempt,E-15 CITY,2386,BLAKELY BLVD SE,CEDAR RAPIDS CITY OF,0.606,Single-Family,Salvage,1900-01-01,1320-01-01,,,,
143530301500000,143530301500000,,Exempt,E-15 CITY,2387,ROMPOT ST SE,CEDAR RAPIDS CITY OF % CITY OF CEDAR RAPIDS FINANCE,0.276,Single-Family,1 Story Frame,1941-01-01,1220-01-01,,,,
143530400200000,143530400200000,,Exempt,E-15 CITY,2627,24TH AVE SE,CEDAR RAPIDS CITY OF % CITY OF CEDAR RAPIDS FINANCE,0.266,Single-Family,Salvage,1950-01-01,6701-01-01,,,,
143530400300000,143530400300000,,Exempt,E-15 CITY,2623,24TH AVE SE,CEDAR RAPIDS CITY OF % CITY OF CEDAR RAPIDS FINANCE,0.266,Single-Family,Salvage,1961-01-01,5001-01-01,,,,
143530400900000,143530400900000,,Exempt,E-15 CITY,2519,24TH AVE SE,CEDAR RAPIDS CITY OF % PROSOURCE TECHNOLOGIES,0.533,Single-Family,Salvage,1956-01-01,1056-01-01,,,,
143530401100000,143530401100000,,Exempt,E-15 CITY,2511,24TH AVE SE,CEDAR RAPIDS CITY OF,0.266,Single-Family,Salvage,1960-01-01,8601-01-01,,,,
143532601000000,143532601000000,,Exempt,E-15 CITY,2357,BLAKELY BLVD SE,CEDAR RAPIDS CITY OF,0.298,Single-Family,Salvage,1900-01-01,6801-01-01,,,,
143532700100000,143532700100000,VACANT LAND / PAVING,Exempt,COMM SE,0,VACANT LAND SE,CEDAR RAPIDS CITY OF,8.85,,,,,,,,
143532700200000,143532700200000,VACANT (PAVING ONLY),Exempt,COMM SE,0,VACANT LAND SE,CEDAR RAPIDS CITY OF,8.04,,,,,,,,
143535100100000,143535100100000,,Exempt,E-15 CITY,0,VACANT LAND SE,CITY OF CEDAR RAPIDS,0.848,,,,,,,,
143537700100000,143537700100000,CEDAR RAPIDS,Exempt,COMM SE,0,VACANT LAND SE,CEDAR RAPIDS CITY OF,54.0,,,,,,,,
143545100100000,143545100100000,,Exempt,E-15 CITY,0,VACANT LAND SE,CEDAR RAPIDS CITY OF,31.0225,,,,,,,,
143545200100000,143545200100000,VACANT,Exempt,COMM SE,0,VACANT LAND SE,CEDAR RAPIDS CITY OF,12.69,,,,,,,,
143547700100000,143547700100000,,Exempt,SE 242,3019,FIR AVE SE,CEDAR RAPIDS CITY OF CITY HALL,1.79,,,,,,,,
143640200100000,143640200100000,,Exempt,E-15 CITY,0,VACANT LAND SE,CITY OF CEDAR RAPIDS,186.9415,,,,,,,,
143647700100000,143647700100000,,Exempt,E-15 CITY,0,VACANT LAND SW,CITY OF CEDAR RAPIDS,17.6063,,,,,,,,
151932603600000,151932603600000,,Exempt,E-15 CITY,0,VACANT LAND SE,CEDAR RAPIDS CITY OF,5.32,,,,,,,,
151935103100000,151935103100000,,Exempt,E-15 CITY,0,VACANT LAND SE,CEDAR RAPIDS CITY OF,,,,,,,,,
152935100200000,152935100200000,,Exempt,E-15 CITY,0,VACANT LAND SE,CITY OF CEDAR RAPIDS,25.9666,,,,,,,,
153040300100000,153040300100000,,Exempt,E-15 CITY,6665,OTIS RD SE,CITY OF CEDAR RAPIDS,5.3012,,,,,,,,
153210200100000,153210200100000,,Exempt,E-15 CITY,7525,BERTRAM RD SE,CITY OF CEDAR RAPIDS,133.9316,,,,,,,,
153222600100000,153222600100000,,Exempt,E-15 CITY,1401,CEDAR BEND LN SW,CITY OF CEDAR RAPIDS,31.1042,,,,,,,,
153325100100000,153325100100000,,Exempt,SE 246,0,VACANT LAND SE,CEDAR RAPIDS CITY OF,10.07,,,,,,,,
153330100100000,153330100100000,,Exempt,SE 246,0,VACANT LAND SE,CEDAR RAPIDS CITY OF,3.47,,,,,,,,
153332600100000,153332600100000,,Exempt,SE 246,0,VACANT LAND SE,CEDAR RAPIDS CITY OF,33.67,,,,,,,,
153335100100000,153335100100000,,Exempt,SE 246,0,VACANT LAND SE,CEDAR RAPIDS CITY OF,5.56,,,,,,,,
153337700100000,153337700100000,,Exempt,SE 246,0,VACANT LAND SE,CEDAR RAPIDS CITY OF,2.4,,,,,,,,
190210100100000,190210100100000,,Exempt,E-15 CITY,0,VACANT LAND SW,CITY OF CEDAR RAPIDS,26.3182,,,,,,,,
190212600100000,190212600100000,,Exempt,E-15 CITY,0,VACANT LAND SW,CITY OF CEDAR RAPIDS,19.147,,,,,,,,
190215100100000,190215100100000,,Exempt,E-15 CITY,2727,OLD RIVER RD SW,CITY OF CEDAR RAPIDS,23.927,,,,,,,,
190217600100000,190217600100000,,Exempt,E-15 CITY,0,VACANT LAND SW,CITY OF CEDAR RAPIDS,10.6874,,,,,,,,
190220100100000,190220100100000,VACANT LAND SE,Exempt,COMM SE,0,VACANT LAND SE,CEDAR RAPIDS CITY OF,27.0,,,,,,,,
190222600100000,190222600100000,,Exempt,E-15 CITY,0,VACANT LAND SW,CITY OF CEDAR RAPIDS,6.2695,,,,,,,,
190227600200000,190227600200000,,Exempt,E-15 CITY,0,VACANT LAND SW,CITY OF CEDAR RAPIDS,0.6607,,,,,,,,
190310100100000,190310100100000,,Exempt,E-15 CITY,0,VACANT LAND SW,CITY OF CEDAR RAPIDS,0.216,,,,,,,,
190320100100000,190320100100000,,Exempt,E-15 CITY,0,VACANT LAND SW,CITY OF CEDAR RAPIDS JONES PARK,160.1244,,,,,,,,
190327600100000,190327600100000,,Exempt,E-15 CITY,0,VACANT LAND SW,CITY OF CEDAR RAPIDS,35.1466,,,,,,,,
190327600400000,190327600400000,,Exempt,E-15 CITY,0,VACANT LAND SW,CITY OF CEDAR RAPIDS,8.7334,,,,,,,,
190332600300000,190332600300000,,Exempt,E-15 CITY,0,VACANT LAND SW,CITY OF CEDAR RAPIDS,2.358,,,,,,,,
190417900200000,190417900200000,,Exempt,E-15 CITY,28,37TH AVE SW,CITY OF CEDAR RAPIDS,4.2425,,,,,,,,
190440100100000,190440100100000,,Exempt,E-15 CITY,3702,BOWLING ST SW,CITY OF CEDAR RAPIDS,7.832,,,,,,,,
190440100200000,190440100200000,,Exempt,E-15 CITY,0,VACANT LAND SW,CITY OF CEDAR RAPIDS,3.3121,,,,,,,,
190440100300000,190440100300000,,Exempt,E-15 CITY,0,VACANT LAND SW,CITY OF CEDAR RAPIDS,4.2247,,,,,,,,
190442600500000,190442600500000,,Exempt,E-15 CITY,0,VACANT LAND SW,CITY OF CEDAR RAPIDS,1.5671,,,,,,,,
190445100300000,190445100300000,,Exempt,E-15 CITY,0,VACANT LAND SW,CITY OF CEDAR RAPIDS,11.1455,,,,,,,,
190525200100000,190525200100000,,Exempt,E-15 CITY,1701,33RD AVE SW,CEDAR RAPIDS CITY OF,0.9738,,,,,,,,
190525200200000,190525200200000,,Exempt,E-15 CITY,1733,33RD AVE SW,CEDAR RAPIDS CITY OF,0.3786,,,,,,,,
190535100100000,190535100100000,,Exempt,E-15 CITY,0,VACANT LAND SW,CITY OF CEDAR RAPIDS,8.4219,,,,,,,,
190537600200000,190537600200000,,Exempt,E-15 CITY,0,VACANT LAND SW,CITY OF CEDAR RAPIDS,1.835,,,,,,,,
190610101500000,190610101500000,,Exempt,SW 420,0,VACANT LAND SW,CEDAR RAPIDS CITY OF,1.95,,,,,,,,
190612600400000,190612600400000,,Exempt,E-15 CITY,0,VACANT LAND SW,CITY OF CEDAR RAPIDS,1.8,,,,,,,,
190620300100000,190620300100000,,Exempt,E-15 CITY,0,VACANT LAND SW,CEDAR RAPIDS CITY OF,0.7863,,,,,,,,
190627601800000,190627601800000,,Exempt,SW 429,0,VACANT LAND SW,CEDAR RAPIDS CITY OF,0.46,,,,,,,,
190627602800000,190627602800000,,Exempt,SW 429,0,VACANT LAND SW,CEDAR RAPIDS CITY OF,0.47,,,,,,,,
190630200100000,190630200100000,,Exempt,E-15 CITY,0,VACANT LAND SW,CITY OF CEDAR RAPIDS,42.3399,,,,,,,,
190640100200000,190640100200000,,Exempt,E-15 CITY,0,VACANT LAND SW,CITY OF CEDAR RAPIDS,16.7905,,,,,,,,
190642600200000,190642600200000,,Exempt,E-15 CITY,0,VACANT LAND SW,CITY OF CEDAR RAPIDS,30.8802,,,,,,,,
190645100100000,190645100100000,,Exempt,E-15 CITY,0,VACANT LAND SW,CITY OF CEDAR RAPIDS,12.2921,,,,,,,,
190647600100000,190647600100000,,Exempt,E-15 CITY,0,VACANT LAND SW,CITY OF CEDAR RAPIDS,19.2426,,,,,,,,
190720200100000,190720200100000,,Exempt,E-15 CITY,0,VACANT LAND SW,CITY OF CEDAR RAPIDS,8.3609,,,,,,,,
190722600200000,190722600200000,,Exempt,E-15 CITY,4801,EDGEWOOD RD SW,CEDAR RAPIDS CITY OF,2.293,,,,,,,,
190722700100000,190722700100000,,Exempt,E-15 CITY,0,VACANT LAND SW,CITY OF CEDAR RAPIDS,43.3004,,,,,,,,
190812700300000,190812700300000,,Exempt,E-15 CITY,0,VACANT LAND SW,CITY OF CEDAR RAPIDS,14.6706,,,,,,,,
190830100500000,190830100500000,,Exempt,E-15 CITY,5430,DOWNS BLVD SW,CITY OF CEDAR RAPIDS,0.8244,,,,,,,,
190830101100000,190830101100000,,Exempt,E-15 CITY,5515,WILLOW CREEK DR SW,CITY OF CEDAR RAPIDS,1.8423,,,,,,,,
190920200100000,190920200100000,,Exempt,E-15 CITY,0,VACANT LAND SW,CITY OF CEDAR RAPIDS,5.8836,,,,,,,,
190922600100000,190922600100000,,Exempt,E-15 CITY,0,VACANT LAND SW,CEDAR RAPIDS CITY OF,20.67,,,,,,,,
190925100100000,190925100100000,,Exempt,E-15 CITY,442,50TH AVE CT SW,CEDAR RAPIDS CITY OF,3.39,,,,,,,,
190930100200000,190930100200000,,Exempt,E-15 CITY,0,VACANT LAND SW,CITY OF CEDAR RAPIDS,0.3437,,,,,,,,
191112700200000,191112700200000,,Exempt,E-15 CITY,0,VACANT LAND SW,CITY OF CEDAR RAPIDS,9.9997,,,,,,,,
191120400400000,191120400400000,,Exempt,E-15 CITY,0,VACANT LAND SW,CEDAR RAPIDS CITY OF,1.3753,,,,,,,,
191137700200000,191137700200000,,Exempt,E-15 CITY,0,VACANT LAND SW,CITY OF CEDAR RAPIDS,5.1604,,,,,,,,
191137701600000,191137701600000,,Exempt,E-15 CITY,0,VACANT LAND SW,CEDAR RAPIDS CITY OF,,,,,,,,,
191415700900000,191415700900000,,Exempt,SW 422,O,VACANT LAND SW,CEDAR RAPIDS CITY OF CITY HALL,1.6,,,,,,,,
191415801000000,191415801000000,,Exempt,SW 422,O,VACANT LAND SW,CEDAR RAPIDS CITY OF CITY HALL,0.44,,,,,,,,
191417900400000,191417900400000,,Exempt,SW 422,O,VACANT LAND SW,CEDAR RAPIDS CITY OF CITY HALL,0.13,,,,,,,,
191535100100000,191535100100000,,Exempt,E-15 CITY,0,VACANT LAND SW,CITY OF CEDAR RAPIDS,0.0345,,,,,,,,
191610203200000,191610203200000,,Exempt,E-15 CITY,48,OKLAHOMA AVE SW,CITY OF CEDAR RAPIDS,0.3101,,,,,,,,
191610600500000,191610600500000,,Exempt,E-15 CITY,0,VACANT LAND SW,CEDAR RAPIDS CITY OF,0.1415,,,,,,,,
191612701100000,191612701100000,,Exempt,E-15 CITY,0,VACANT LAND SW,CITY OF CEDAR RAPIDS,0.3453,,,,,,,,
191612701200000,191612701200000,,Exempt,E-15 CITY,0,VACANT LAND SW,CITY OF CEDAR RAPIDS,0.3459,,,,,,,,
191615200200000,191615200200000,,Exempt,SW 422,0,VACANT LAND SW,CEDAR RAPIDS CITY OF,2.12,,,,,,,,
191615500700000,191615500700000,,Exempt,SW 422,0,VACANT LAND SW,CEDAR RAPIDS CITY OF,0.72,,,,,,,,
191620100100000,191620100100000,,Exempt,E-15 CITY,0,VACANT LAND SW,CITY OF CEDAR RAPIDS,8.8879,,,,,,,,
191620100200000,191620100200000,,Exempt,E-15 CITY,0,VACANT LAND SW,CITY OF CEDAR RAPIDS,5.8399,,,,,,,,
191640100400000,191640100400000,,Exempt,E-15 CITY,0,VACANT LAND SW,CEDAR RAPIDS CITY OF,2.3188,,,,,,,,
191640100500000,191640100500000,,Exempt,E-15 CITY,0,VACANT LAND SW,CEDAR RAPIDS CITY OF,2.4086,,,,,,,,
191647700300000,191647700300000,,Exempt,E-15 CITY,0,VACANT LAND SW,CEDAR RAPIDS CITY OF,1.5261,,,,,,,,
191712600400000,191712600400000,,Exempt,E-15 CITY,0,VACANT LAND SW,CITY OF CEDAR RAPIDS,1.7449,,,,,,,,
191917600100000,191917600100000,,Exempt,E-15 CITY,0,VACANT LAND SW,CITY OF CEDAR RAPIDS,118.0134,,,,,,,,
191920100100000,191920100100000,,Exempt,E-15 CITY,0,VACANT LAND SW,CITY OF CEDAR RAPIDS,380.7,,,,,,,,
192022600100000,192022600100000,,Exempt,E-15 CITY,0,VACANT LAND SW,CITY OF CEDAR RAPIDS,14.9277,,,,,,,,
192030100200000,192030100200000,,Exempt,SW 418,0,VACANT LAND SW,CEDAR RAPIDS CITY OF,37.36,,,,,,,,
192032600100000,192032600100000,,Exempt,E-15 CITY,0,VACANT LAND SW,CITY OF CEDAR RAPIDS,61.13,,,,,,,,
192037600200000,192037600200000,,Exempt,SW 418,1500,WRIGHT BROTHERS BLVD SW,CEDAR RAPIDS CITY OF,21.95,,,,,,,,
192037600300000,192037600300000,,Exempt,SW 418,0,VACANT LAND SW,CEDAR RAPIDS CITY OF,13.22,,,,,,,,
192920100400000,192920100400000,,Exempt,E-15 CITY,9505,18TH ST SW,CITY OF CEDAR RAPIDS,155.7365,,,,,,,,
193010100100000,193010100100000,,Exempt,E-15 CITY,2121,ARTHUR COLLINS PKWY SW,CITY OF CEDAR RAPIDS,937.9435,,,,,,,,
193020100500000,193020100500000,,Exempt,E-15 CITY,0,VACANT LAND SW,CEDAR RAPIDS CITY OF,0.2193,,,,,,,,
193037600100000,193037600100000,,Exempt,E-15 CITY,0,VACANT LAND SW,CEDAR RAPIDS CITY OF,39.0,,,,,,,,
193110100100000,193110100100000,,Exempt,E-15 CITY,0,VACANT LAND SW,CEDAR RAPIDS CITY OF,157.0,,,,,,,,
193222600100000,193222600100000,,Exempt,E-15 CITY,0,VACANT LAND SW,CEDAR RAPIDS CITY OF,35.5,,,,,,,,
200115601500000,200115601500000,,Exempt,E-15 CITY,0,VACANT LAND SW,CEDAR RAPIDS CITY OF,0.34,,,,,,,,
200115700200000,200115700200000,,Exempt,E-15 CITY,0,VACANT LAND SW,CEDAR RAPIDS CITY OF,0.59,,,,,,,,
200142900300000,200142900300000,,Exempt,E-15 CITY,0,VACANT LAND SW,CEDAR RAPIDS CITY OF,0.5626,,,,,,,,
202410100100000,202410100100000,,Exempt,E-15 CITY,0,VACANT LAND SW,CITY OF CEDAR RAPIDS,597.63,,,,,,,,
202525100100000,202525100100000,,Exempt,E-15 CITY,0,VACANT LAND SW,CITY OF CEDAR RAPIDS,115.3764,,,,,,,,
202610100100000,202610100100000,,Exempt,E-15 CITY,0,VACANT LAND SW,CITY OF CEDAR RAPIDS,115.3766,,,,,,,,
202612600100000,202612600100000,,Exempt,E-15 CITY,0,VACANT LAND SW,CEDAR RAPIDS CITY OF,272.19,,,,,,,,
