GIS_Number,Doing Business As,Class,Map Name,Hse#,Address,Deedholder,Acres,Residential Occupancy Type,Style Descr,Year Built,Total Living Area,Commercial Occupancy Type,Year Built_2,Gross Bldg Area,_unnamed,2008 Land,2008 Dwlg,2008 Improv,2008 total,GIS_Number_valuations,Map_Name_valuations,Class_valuations,2008 Land,2008 Dwlg,2008 Improv,2008 total,GIS_Number_valuations,Map_Name_valuations,Class_valuations,2016 Land Res,2016 Land Comm,2016 Land Total,2016 Dwlg,2016 Improv,2016 Total
112732600500000,,Exempt,Empty,0,VACANT LAND NE,CITY OF CEDAR RAPIDS,1.81,,,,,,,,,0,0,0,0,112732600500000,Empty,Exempt,0,0,0,0,112732600500000,CITY PROPERTY,EXEMPT,0,0,0,0,0,0
112732601500000,,Exempt,Empty,0,VACANT LAND NE,CEDAR RAPIDS CITY OF,3.09,,,,,,,,,0,0,0,0,112732601500000,Empty,Exempt,0,0,0,0,112732601500000,CITY PROPERTY,EXEMPT,0,0,0,0,0,0
112735404100000,,Exempt,NE 101,7520,COUNCIL ST NE,CEDAR RAPIDS CITY OF,5.84,,,,,,,,,0,0,0,0,112735404100000,NE 101,Exempt,0,0,0,0,112735404100000,CITY PROPERTY,EXEMPT,0,0,0,0,0,0
112740200500000,,Exempt,Empty,0,VACANT LAND NE,CITY OF CEDAR RAPIDS,2.4424,,,,,,,,,0,0,0,0,112740200500000,Empty,Exempt,0,0,0,0,112740200500000,CITY PROPERTY,EXEMPT,0,0,0,0,0,0
112747600100000,,Exempt,Empty,0,VACANT LAND NE,CEDAR RAPIDS CITY OF,,,,,,,,,,0,0,0,0,112747600100000,Empty,Exempt,0,0,0,0,112747600100000,CITY PROPERTY,EXEMPT,0,0,0,0,0,0
112845101200000,,Exempt,Empty,0,VACANT LAND NE,CEDAR RAPIDS CITY OF,2.03,,,,,,,,,0,0,0,0,112845101200000,Empty,Exempt,0,0,0,0,112845101200000,CITY PROPERTY,EXEMPT,0,0,0,0,0,0
112845101400000,,Exempt,Empty,0,VACANT LAND NE,CITY OF CEDAR RAPIDS,4.04,,,,,,,,,0,0,0,0,112845101400000,Empty,Exempt,0,0,0,0,112845101400000,CITY PROPERTY,EXEMPT,0,0,0,0,0,0
112845101500000,,Exempt,Empty,0,VACANT LAND NE,CITY OF CEDAR RAPIDS,2.49,,,,,,,,,0,0,0,0,112845101500000,Empty,Exempt,0,0,0,0,112845101500000,CITY PROPERTY,EXEMPT,0,0,0,0,0,0
112847601500000,,Exempt,Empty,0,VACANT LAND NE,CITY OF CEDAR RAPIDS,0.41,,,,,,,,,0,0,0,0,112847601500000,Empty,Exempt,0,0,0,0,112847601500000,CITY PROPERTY,EXEMPT,0,0,0,0,0,0
112847701500000,,Exempt,Empty,0,VACANT LAND NE,CITY OF CEDAR RAPIDS,0.82,,,,,,,,,0,0,0,0,112847701500000,Empty,Exempt,0,0,0,0,112847701500000,CITY PROPERTY,EXEMPT,0,0,0,0,0,0
113132700100000,,Exempt,Empty,0,VACANT LAND NE,CEDAR RAPIDS CITY OF,0.6054,,,,,,,,,0,0,0,0,113132700100000,Empty,Exempt,0,0,0,0,113132700100000,CITY PROPERTY,EXEMPT,0,0,0,0,0,0
113132701000000,,Exempt,Empty,0,VACANT LAND NE,CEDAR RAPIDS CITY OF,,,,,,,,,,0,0,0,0,113132701000000,Empty,Exempt,0,0,0,0,113132701000000,CITY PROPERTY,EXEMPT,0,0,0,0,0,0
113315103900000,,Exempt,Empty,0,VACANT LAND NE,CITY OF CEDAR RAPIDS,14.93,,,,,,,,,0,0,0,0,113315103900000,Empty,Exempt,0,0,0,0,113315103900000,CITY PROPERTY,EXEMPT,0,0,0,0,0,0
113315104000000,,Exempt,Empty,0,VACANT LAND NE,CEDAR RAPIDS CITY OF,,,,,,,,,,0,0,0,0,113315104000000,Empty,Exempt,0,0,0,0,113315104000000,CITY PROPERTY,EXEMPT,0,0,0,0,0,0
113410400200000,,Exempt,Empty,0,VACANT LAND NE,CEDAR RAPIDS CITY OF,0.96,,,,,,,,,0,0,0,0,113410400200000,Empty,Exempt,0,0,0,0,113410400200000,CITY PROPERTY,EXEMPT,0,0,0,0,0,0
113413002200000,,Exempt,Empty,0,VACANT LAND NE,CEDAR RAPIDS CITY OF,,,,,,,,,,0,0,0,0,113413002200000,Empty,Exempt,0,0,0,0,113413002200000,CITY PROPERTY,EXEMPT,0,0,0,0,0,0
113417700300000,,Exempt,Empty,0,VACANT LAND NE,CITY OF CEDAR RAPIDS,8.5,,,,,,,,,0,0,0,0,113417700300000,Empty,Exempt,0,0,0,0,113417700300000,CITY PROPERTY,EXEMPT,0,0,0,0,0,0
113425100100000,,Exempt,Empty,0,VACANT LAND NE,CEDAR RAPIDS CITY OF,1.3901,,,,,,,,,0,0,0,0,113425100100000,Empty,Exempt,0,0,0,0,113425100100000,CITY PROPERTY,EXEMPT,0,0,0,0,0,0
113425400300000,,Exempt,NE 159,6900,COUNCIL ST NE,CEDAR RAPIDS CITY OF,0.7,,,,,,,,,0,0,0,0,113425400300000,NE 159,Exempt,0,0,0,0,113425400300000,NE 159,RESIDENTIAL,10100,0,10100,0,0,10100
113425800100000,,Exempt,Empty,0,VACANT LAND NE,CEDAR RAPIDS CITY OF,0.97,,,,,,,,,0,0,0,0,113425800100000,Empty,Exempt,0,0,0,0,113425800100000,CITY PROPERTY,EXEMPT,0,0,0,0,0,0
113425900100000,,Exempt,Empty,0,VACANT LAND NE,CEDAR RAPIDS CITY OF,1.4,,,,,,,,,0,0,0,0,113425900100000,Empty,Exempt,0,0,0,0,113425900100000,CITY PROPERTY,EXEMPT,0,0,0,0,0,0
113440300100000,,Exempt,Empty,415,BRODERICK DR NE,CITY OF CEDAR RAPIDS,0.5939,,,,,,,,,0,0,0,0,113440300100000,Empty,Exempt,0,0,0,0,113440300100000,CITY PROPERTY,EXEMPT,0,0,0,0,0,0
113447600100000,,Exempt,Empty,0,VACANT LAND NE,CITY OF CEDAR RAPIDS,18.13,,,,,,,,,0,0,0,0,113447600100000,Empty,Exempt,0,0,0,0,113447600100000,CITY PROPERTY,EXEMPT,0,0,0,0,0,0
113447601000000,,Exempt,Empty,0,VACANT LAND NE,CITY OF CEDAR RAPIDS,1.5875,,,,,,,,,0,0,0,0,113447601000000,Empty,Exempt,0,0,0,0,113447601000000,CITY PROPERTY,EXEMPT,0,0,0,0,0,0
113447601900000,,Exempt,Empty,0,VACANT LAND NE,CITY OF CEDAR RAPIDS,1.3769,,,,,,,,,0,0,0,0,113447601900000,Empty,Exempt,0,0,0,0,113447601900000,CITY PROPERTY,EXEMPT,0,0,0,0,0,0
113535200300000,,Exempt,Empty,0,VACANT LAND NE,CEDAR RAPIDS CITY OF,21.03,,,,,,,,,0,0,0,0,113535200300000,Empty,Exempt,0,0,0,0,113535200300000,CITY PROPERTY,EXEMPT,0,0,0,0,0,0
113542800200000,,Exempt,Empty,0,VACANT LAND NE,CITY OF CEDAR RAPIDS,13.73,,,,,,,,,0,0,0,0,113542800200000,Empty,Exempt,0,0,0,0,113542800200000,CITY PROPERTY,EXEMPT,0,0,0,0,0,0
123610201200000,,Exempt,Empty,0,VACANT LAND NE,CEDAR RAPIDS CITY OF,0.3594,,,,,,,,,0,0,0,0,123610201200000,Empty,Exempt,0,0,0,0,123610201200000,CITY PROPERTY,EXEMPT,0,0,0,0,0,0
123640300700000,,Exempt,Empty,0,VACANT LAND NE,CEDAR RAPIDS CITY OF,1.5,,,,,,,,,0,0,0,0,123640300700000,Empty,Exempt,0,0,0,0,123640300700000,CITY PROPERTY,EXEMPT,0,0,0,0,0,0
131147600100000,,Exempt,Empty,0,VACANT LAND NE,CITY OF CEDAR RAPIDS,109.52,,,,,,,,,0,0,0,0,131147600100000,Empty,Exempt,0,0,0,0,131147600100000,CITY PROPERTY,EXEMPT,0,0,0,0,0,0
131327600100000,SEMINOLE PARK,Exempt,Empty,5925,SEMINOLE VALLEY TR NE,CITY OF CEDAR RAPIDS,217.27,,,,,,,,,0,0,0,0,131327600100000,Empty,Exempt,0,0,0,0,131327600100000,CITY PROPERTY,EXEMPT,0,0,0,0,0,0
131345101000000,,Exempt,Empty,0,VACANT LOT NW,CITY OF CEDAR RAPIDS,0.4165,,,,,,,,,0,0,0,0,131345101000000,Empty,Exempt,0,0,0,0,131345101000000,CITY PROPERTY,EXEMPT,0,0,0,0,0,0
131410100100000,,Exempt,Empty,0,VACANT LAND NE,CITY OF CEDAR RAPIDS,80.26,,,,,,,,,0,0,0,0,131410100100000,Empty,Exempt,0,0,0,0,131410100100000,CITY PROPERTY,EXEMPT,0,0,0,0,0,0
131515200900000,,Exempt,Empty,0,VACANT LAND NW,CEDAR RAPIDS CITY OF,1.14,,,,,,,,,0,0,0,0,131515200900000,Empty,Exempt,0,0,0,0,131515200900000,CITY PROPERTY,EXEMPT,0,0,0,0,0,0
131522600100000,,Exempt,Empty,0,VACANT LAND NW,CEDAR RAPIDS CITY OF,5.62,,,,,,,,,0,0,0,0,131522600100000,Empty,Exempt,0,0,0,0,131522600100000,CITY PROPERTY,EXEMPT,0,0,0,0,0,0
131532600100000,,Exempt,Empty,7807,ELLIS RD NW,CEDAR RAPIDS CITY OF,,,,,,,,,,0,0,0,0,131532600100000,Empty,Exempt,0,0,0,0,131532600100000,CITY PROPERTY,EXEMPT,0,0,0,0,0,0
132247701500000,,Exempt,NW 332,0,VACANT LAND NW,CITY OF CEDAR RAPIDS,1.4,,,,,,,,,0,0,0,0,132247701500000,NW 332,Exempt,0,0,0,0,132247701500000,CITY PROPERTY,EXEMPT,0,0,0,0,0,0
132410100500000,,Exempt,Empty,1610,EDGEWOOD RD NW,CEDAR RAPIDS CITY OF,0.3519,,,,,,,,,0,0,0,0,132410100500000,Empty,Exempt,0,0,0,0,132410100500000,CITY PROPERTY,EXEMPT,0,0,0,0,0,0
132415202400000,,Exempt,Empty,0,VACANT LAND NW,CEDAR RAPIDS CITY OF,0.2893,,,,,,,,,0,0,0,0,132415202400000,Empty,Exempt,0,0,0,0,132415202400000,CITY PROPERTY,EXEMPT,0,0,0,0,0,0
132415300200000,,Exempt,Empty,0,VACANT LAND NW,CITY OF CEDAR RAPIDS,3.17,,,,,,,,,0,0,0,0,132415300200000,Empty,Exempt,0,0,0,0,132415300200000,CITY PROPERTY,EXEMPT,0,0,0,0,0,0
132415301500000,,Exempt,Empty,0,VACANT LAND NW,CITY OF CEDAR RAPIDS,4.13,,,,,,,,,0,0,0,0,132415301500000,Empty,Exempt,0,0,0,0,132415301500000,CITY PROPERTY,EXEMPT,0,0,0,0,0,0
132425101100000,,Exempt,Empty,0,VACANT LAND NW,CEDAR RAPIDS CITY OF,,,,,,,,,,0,0,0,0,132425101100000,Empty,Exempt,0,0,0,0,132425101100000,CITY PROPERTY,EXEMPT,0,0,0,0,0,0
132427601100000,,Exempt,Empty,4340,M AVE NW,CITY OF CEDAR RAPIDS,0.9871,,,,,,,,,0,0,0,0,132427601100000,Empty,Exempt,0,0,0,0,132427601100000,NW 337,RESIDENTIAL,21200,0,21200,0,0,21200
132432600700000,,Ag Land,NW 345,0,VACANT LAND NW,CEDAR RAPIDS CITY OF,7.7,,,,,,,,,7170,0,0,7170,132432600700000,NW 345,Ag Land,7170,0,0,7170,132432600700000,CITY PROPERTY,EXEMPT,0,0,0,0,0,0
132438002700000,,Exempt,Empty,0,VACANT LAND NW,CITY OF CEDAR RAPIDS,1.0165,,,,,,,,,0,0,0,0,132438002700000,Empty,Exempt,0,0,0,0,132438002700000,CITY PROPERTY,EXEMPT,0,0,0,0,0,0
132515100100000,,Exempt,Empty,0,VACANT LAND NW,CITY OF CEDAR RAPIDS,0.5854,,,,,,,,,0,0,0,0,132515100100000,Empty,Exempt,0,0,0,0,132515100100000,CITY PROPERTY,EXEMPT,0,0,0,0,0,0
132515100200000,,Exempt,Empty,0,VACANT LAND NW,CITY OF CEDAR RAPIDS,0.281,,,,,,,,,0,0,0,0,132515100200000,Empty,Exempt,0,0,0,0,132515100200000,CITY PROPERTY,EXEMPT,0,0,0,0,0,0
132515100300000,,Exempt,Empty,0,VACANT LAND NW,CITY OF CEDAR RAPIDS,0.4215,,,,,,,,,0,0,0,0,132515100300000,Empty,Exempt,0,0,0,0,132515100300000,CITY PROPERTY,EXEMPT,0,0,0,0,0,0
132515200100000,,Exempt,Empty,0,VACANT LAND NW,CITY OF CEDAR RAPIDS,10.53,,,,,,,,,0,0,0,0,132515200100000,Empty,Exempt,0,0,0,0,132515200100000,CITY PROPERTY,EXEMPT,0,0,0,0,0,0
132515300800000,,Exempt,Empty,0,VACANT LAND NW,CITY OF CEDAR RAPIDS,0.2984,,,,,,,,,0,0,0,0,132515300800000,Empty,Exempt,0,0,0,0,132515300800000,CITY PROPERTY,EXEMPT,0,0,0,0,0,0
132517600200000,,Exempt,Empty,3572,JOHNSON AVE NW,CITY OF CEDAR RAPIDS,4.0,,,,,,,,,0,0,0,0,132517600200000,Empty,Exempt,0,0,0,0,132517600200000,CITY PROPERTY,EXEMPT,0,0,0,0,0,0
132520401600000,,Exempt,Empty,0,VACANT LAND NW,CITY OF CEDAR RAPIDS,1.4624,,,,,,,,,0,0,0,0,132520401600000,Empty,Exempt,0,0,0,0,132520401600000,CITY PROPERTY,EXEMPT,0,0,0,0,0,0
132525301500000,,Exempt,Empty,0,VACANT LAND NW,CITY OF CEDAR RAPIDS,0.2254,,,,,,,,,0,0,0,0,132525301500000,Empty,Exempt,0,0,0,0,132525301500000,CITY PROPERTY,EXEMPT,0,0,0,0,0,0
132525301600000,,Exempt,Empty,0,VACANT LAND NW,CITY OF CEDAR RAPIDS,2.4929,,,,,,,,,0,0,0,0,132525301600000,Empty,Exempt,0,0,0,0,132525301600000,CITY PROPERTY,EXEMPT,0,0,0,0,0,0
132525800100000,,Exempt,Empty,0,VACANT LAND NW,CITY OF CEDAR RAPIDS,1.71,,,,,,,,,0,0,0,0,132525800100000,Empty,Exempt,0,0,0,0,132525800100000,CITY PROPERTY,EXEMPT,0,0,0,0,0,0
132527601000000,,Exempt,Empty,0,VACANT LAND NW,CITY OF CEDAR RAPIDS,0.5676,,,,,,,,,0,0,0,0,132527601000000,Empty,Exempt,0,0,0,0,132527601000000,CITY PROPERTY,EXEMPT,0,0,0,0,0,0
132528400100000,,Exempt,Empty,4201,JUPITER AVE NW,CITY OF CEDAR RAPIDS,0.1688,,,,,,,,,0,0,0,0,132528400100000,Empty,Exempt,0,0,0,0,132528400100000,CITY PROPERTY,EXEMPT,0,0,0,0,0,0
132528400200000,,Exempt,Empty,0,VACANT LAND NW,CITY OF CEDAR RAPIDS,1.5506,,,,,,,,,0,0,0,0,132528400200000,Empty,Exempt,0,0,0,0,132528400200000,CITY PROPERTY,EXEMPT,0,0,0,0,0,0
132528500100000,,Exempt,Empty,0,VACANT LAND NW,CITY OF CEDAR RAPIDS,1.18,,,,,,,,,0,0,0,0,132528500100000,Empty,Exempt,0,0,0,0,132528500100000,CITY PROPERTY,EXEMPT,0,0,0,0,0,0
132528600600000,,Exempt,Empty,0,VACANT LAND NW,CITY OF CEDAR RAPIDS,3.17,,,,,,,,,0,0,0,0,132528600600000,Empty,Exempt,0,0,0,0,132528600600000,CITY PROPERTY,EXEMPT,0,0,0,0,0,0
132528700100000,,Exempt,Empty,0,VACANT LAND NW,CITY OF CEDAR RAPIDS,1.27,,,,,,,,,0,0,0,0,132528700100000,Empty,Exempt,0,0,0,0,132528700100000,CITY PROPERTY,EXEMPT,0,0,0,0,0,0
132528700200000,,Exempt,Empty,0,VACANT LAND NW,CITY OF CEDAR RAPIDS,0.83,,,,,,,,,0,0,0,0,132528700200000,Empty,Exempt,0,0,0,0,132528700200000,CITY PROPERTY,EXEMPT,0,0,0,0,0,0
132530300200000,,Exempt,Empty,0,VACANT LAND NW,CEDAR RAPIDS CITY OF,1.05,,,,,,,,,0,0,0,0,132530300200000,Empty,Exempt,0,0,0,0,132530300200000,CITY PROPERTY,EXEMPT,0,0,0,0,0,0
132530300300000,,Exempt,Empty,4545,JOHNSON AVE NW,CITY OF CEDAR RAPIDS,,Single-Family,Salvage,1954,1860.0,,,,,0,0,0,0,132530300300000,Empty,Exempt,0,0,0,0,132530300300000,NW 344,RESIDENTIAL,51300,0,51300,100800,0,152100
132532700200000,,Exempt,Empty,0,VACANT LAND NW,CITY OF CEDAR RAPIDS,3.16,,,,,,,,,0,0,0,0,132532700200000,Empty,Exempt,0,0,0,0,132532700200000,CITY PROPERTY,EXEMPT,0,0,0,0,0,0
132535100500000,,Exempt,Empty,0,VACANT LAND NW,CITY OF CEDAR RAPIDS,1.91,,,,,,,,,0,0,0,0,132535100500000,Empty,Exempt,0,0,0,0,132535100500000,CITY PROPERTY,EXEMPT,0,0,0,0,0,0
132537700100000,,Exempt,Empty,100,WILEY BLVD SW,CITY OF CEDAR RAPIDS,1.0,,,,,,,,,0,0,0,0,132537700100000,Empty,Exempt,0,0,0,0,132537700100000,CITY PROPERTY,EXEMPT,0,0,0,0,0,0
132548000600000,VACANT LAND,Exempt,COMM SW,0,VACANT LAND SW,CEDAR RAPIDS CITY OF,0.988,,,,,,,,,0,0,0,0,132548000600000,COMM SW,Exempt,0,0,0,0,132548000600000,CITY PROPERTY,EXEMPT,0,0,0,0,0,0
132610400900000,,Exempt,Empty,0,VACANT LAND NW,CITY OF CEDAR RAPIDS,0.0459,,,,,,,,,0,0,0,0,132610400900000,Empty,Exempt,0,0,0,0,132610400900000,NW 329,RESIDENTIAL,7500,0,7500,0,0,7500
132627600100000,,Exempt,Empty,341,STONEY POINT RD NW,CITY OF CEDAR RAPIDS,61.27,,,,,,,,,0,0,0,0,132627600100000,Empty,Exempt,0,0,0,0,132627600100000,CITY PROPERTY,EXEMPT,0,0,0,0,0,0
132632700300000,,Exempt,Empty,0,VACANT LAND SW,CITY OF CEDAR RAPIDS,2.5379,,,,,,,,,0,0,0,0,132632700300000,Empty,Exempt,0,0,0,0,132632700300000,CITY PROPERTY,EXEMPT,0,0,0,0,0,0
132632800900000,,Exempt,NW 332,0,VACANT LAND SW,CEDAR RAPIDS CITY OF,0.028,,,,,,,,,0,0,0,0,132632800900000,NW 332,Exempt,0,0,0,0,,,,,,,,,
132642702200000,,Exempt,Empty,0,VACANT LAND NW,CITY OF CEDAR RAPIDS,6.96,,,,,,,,,0,0,0,0,132642702200000,Empty,Exempt,0,0,0,0,132642702200000,CITY PROPERTY,EXEMPT,0,0,0,0,0,0
132710300100000,,Exempt,NW 332,0,VACANT LAND NW,CEDAR RAPIDS CITY OF,1.49,,,,,,,,,0,0,0,0,132710300100000,NW 332,Exempt,0,0,0,0,132710300100000,CITY PROPERTY,EXEMPT,0,0,0,0,0,0
132710400700000,,Exempt,Empty,0,VACANT LAND NW,CEDAR RAPIDS CITY OF,0.52,,,,,,,,,0,0,0,0,132710400700000,Empty,Exempt,0,0,0,0,132710400700000,CITY PROPERTY,EXEMPT,0,0,0,0,0,0
132712701800000,,Exempt,Empty,0,VACANT LAND NW,CEDAR RAPIDS CITY OF,,,,,,,,,,0,0,0,0,132712701800000,Empty,Exempt,0,0,0,0,132712701800000,CITY PROPERTY,EXEMPT,0,0,0,0,0,0
132725500200000,,Exempt,NW 332,0,VACANT LAND NW,CEDAR RAPIDS CITY OF,0.86,,,,,,,,,0,0,0,0,132725500200000,NW 332,Exempt,0,0,0,0,132725500200000,CITY PROPERTY,EXEMPT,0,0,0,0,0,0
132740103500000,,Exempt,Empty,0,VACANT LAND SW,CEDAR RAPIDS CITY OF,1.88,,,,,,,,,0,0,0,0,132740103500000,Empty,Exempt,0,0,0,0,132740103500000,CITY PROPERTY,EXEMPT,0,0,0,0,0,0
132742700100000,,Exempt,Empty,0,VACANT LAND SW,CITY OF CEDAR RAPIDS,0.5254,,,,,,,,,0,0,0,0,132742700100000,Empty,Exempt,0,0,0,0,132742700100000,CITY PROPERTY,EXEMPT,0,0,0,0,0,0
133517600100000,,Exempt,Empty,0,VACANT LAND SW,CITY OF CEDAR RAPIDS,16.39,,,,,,,,,0,0,0,0,133517600100000,Empty,Exempt,0,0,0,0,133517600100000,CITY PROPERTY,EXEMPT,0,0,0,0,0,0
140320400100000,,Exempt,Empty,0,VACANT LAND NE,CITY OF CEDAR RAPIDS,0.33,,,,,,,,,0,0,0,0,140320400100000,Empty,Exempt,0,0,0,0,140320400100000,CITY PROPERTY,EXEMPT,0,0,0,0,0,0
140330100200000,,Exempt,Empty,0,VACANT LAND NE,CITY OF CEDAR RAPIDS,2.81,,,,,,,,,0,0,0,0,140330100200000,Empty,Exempt,0,0,0,0,140330100200000,CITY PROPERTY,EXEMPT,0,0,0,0,0,0
140332600100000,,Exempt,Empty,0,VACANT LAND NE,CITY OF CEDAR RAPIDS,99.0,,,,,,,,,0,0,0,0,140332600100000,Empty,Exempt,0,0,0,0,140332600100000,CITY PROPERTY,EXEMPT,0,0,0,0,0,0
140417600500000,PEI'S MANDARIN CHINESE REST.,Exempt,Empty,5131,COUNCIL ST NE,CEDAR RAPIDS CITY OF,2.66,,,,,Restaurant,1976,7835,,0,0,0,0,140417600500000,Empty,Exempt,0,0,0,0,140417600500000,FLAT PARKING,COMMERCIAL,0,595700,595700,0,20700,616400
140425100100000,,Exempt,Empty,0,VACANT LAND NE,CITY OF CEDAR RAPIDS,0.77,,,,,,,,,0,0,0,0,140425100100000,Empty,Exempt,0,0,0,0,140425100100000,CITY PROPERTY,EXEMPT,0,0,0,0,0,0
140425200100000,,Exempt,Empty,0,VACANT LAND NE,CITY OF CEDAR RAPIDS,19.95,,,,,,,,,0,0,0,0,140425200100000,Empty,Exempt,0,0,0,0,140425200100000,CITY PROPERTY,EXEMPT,0,0,0,0,0,0
140430101200000,,Exempt,Empty,0,VACANT LAND NE,CEDAR RAPIDS CITY OF,0.8,,,,,,,,,0,0,0,0,140430101200000,Empty,Exempt,0,0,0,0,140430101200000,CITY PROPERTY,EXEMPT,0,0,0,0,0,0
140437600500000,,Exempt,Empty,0,VACANT LAND NE,CEDAR RAPIDS CITY OF,2.05,,,,,,,,,0,0,0,0,140437600500000,Empty,Exempt,0,0,0,0,140437600500000,CITY PROPERTY,EXEMPT,0,0,0,0,0,0
140445800900000,,Exempt,Empty,0,VACANT LAND NE,CEDAR RAPIDS CITY OF,0.2,,,,,,,,,0,0,0,0,140445800900000,Empty,Exempt,0,0,0,0,140445800900000,CITY PROPERTY,EXEMPT,0,0,0,0,0,0
140447800800000,,Exempt,Empty,0,VACANT LAND NE,CEDAR RAPIDS CITY OF,0.03,,,,,,,,,0,0,0,0,140447800800000,Empty,Exempt,0,0,0,0,140447800800000,CITY PROPERTY,EXEMPT,0,0,0,0,0,0
140447801000000,,Exempt,Empty,4424,RUSHMORE DR NE,CEDAR RAPIDS CITY OF,0.2172,,,,,,,,,0,0,0,0,140447801000000,Empty,Exempt,0,0,0,0,140447801000000,CITY PROPERTY,EXEMPT,0,0,0,0,0,0
140447802800000,,Exempt,Empty,0,VACANT LAND NE,CITY OF CEDAR RAPIDS,0.0949,,,,,,,,,0,0,0,0,140447802800000,Empty,Exempt,0,0,0,0,140447802800000,CITY PROPERTY,EXEMPT,0,0,0,0,0,0
140535100100000,,Exempt,Empty,3600,42ND ST NE,CITY OF CEDAR RAPIDS,148.14,,,,,,,,,0,0,0,0,140535100100000,Empty,Exempt,0,0,0,0,140535100100000,CITY PROPERTY,EXEMPT,0,0,0,0,0,0
140540200100000,,Exempt,Empty,0,VACANT LAND NE,CITY OF CEDAR RAPIDS,8.48,,,,,,,,,0,0,0,0,140540200100000,Empty,Exempt,0,0,0,0,140540200100000,CITY PROPERTY,EXEMPT,0,0,0,0,0,0
140547601400000,,Exempt,Empty,0,VACANT LAND NE,CITY OF CEDAR RAPIDS,1.9,,,,,,,,,0,0,0,0,140547601400000,Empty,Exempt,0,0,0,0,140547601400000,CITY PROPERTY,EXEMPT,0,0,0,0,0,0
140627600300000,,Exempt,Empty,0,VACANT LAND NE,CEDAR RAPIDS CITY OF,8.08,,,,,,,,,0,0,0,0,140627600300000,Empty,Exempt,0,0,0,0,,,,,,,,,
140737600100000,,Exempt,Empty,0,VACANT LAND NE,CITY OF CEDAR RAPIDS,23.0,,,,,,,,,0,0,0,0,140737600100000,Empty,Exempt,0,0,0,0,140737600100000,CITY PROPERTY,EXEMPT,0,0,0,0,0,0
140745100100000,,Exempt,Empty,0,VACANT LAND NE,CITY OF CEDAR RAPIDS,46.0,,,,,,,,,0,0,0,0,140745100100000,Empty,Exempt,0,0,0,0,140745100100000,CITY PROPERTY,EXEMPT,0,0,0,0,0,0
140818001000000,,Exempt,Empty,0,VACANT LAND NE,CITY OF CEDAR RAPIDS,0.3053,,,,,,,,,0,0,0,0,140818001000000,Empty,Exempt,0,0,0,0,,,,,,,,,
140822602400000,,Exempt,Empty,3601,42ND ST NE,CITY OF CEDAR RAPIDS,0.95,,,,,,,,,0,0,0,0,140822602400000,Empty,Exempt,0,0,0,0,140822602400000,OFFICE,COMMERCIAL,0,190000,190000,0,280600,470600
140832602700000,,Exempt,Empty,0,VACANT LAND NE,CEDAR RAPIDS CITY OF,19.51,,,,,,,,,0,0,0,0,140832602700000,Empty,Exempt,0,0,0,0,140832602700000,CITY PROPERTY,EXEMPT,0,0,0,0,0,0
140837600100000,,Exempt,Empty,0,VACANT LAND NE,CEDAR RAPIDS CITY OF,24.91,,,,,,,,,0,0,0,0,140837600100000,Empty,Exempt,0,0,0,0,140837600100000,CITY PROPERTY,EXEMPT,0,0,0,0,0,0
140930201600000,,Exempt,Empty,0,VACANT LAND NE,CITY OF CEDAR RAPIDS,3.86,,,,,,,,,0,0,0,0,140930201600000,Empty,Exempt,0,0,0,0,140930201600000,CITY PROPERTY,EXEMPT,0,0,0,0,0,0
140945200100000,,Exempt,Empty,0,VACANT LAND NE,CITY OF CEDAR RAPIDS,0.84,,,,,,,,,0,0,0,0,140945200100000,Empty,Exempt,0,0,0,0,140945200100000,CITY PROPERTY,EXEMPT,0,0,0,0,0,0
141015900800000,,Exempt,Empty,900,35TH ST NE,CITY OF CEDAR RAPIDS,1.72,,,,,,,,,0,0,0,0,141015900800000,Empty,Exempt,0,0,0,0,141015900800000,CITY PROPERTY,EXEMPT,0,0,0,0,0,0
141127603200000,,Exempt,Empty,0,VACANT LAND SE,CITY OF CEDAR RAPIDS,3.27,,,,,,,,,0,0,0,0,141127603200000,Empty,Exempt,0,0,0,0,141127603200000,CITY PROPERTY,EXEMPT,0,0,0,0,0,0
141130500600000,,Exempt,Empty,0,VACANT LAND SE,CEDAR RAPIDS CITY OF,0.3391,,,,,,,,,0,0,0,0,141130500600000,Empty,Exempt,0,0,0,0,,,,,,,,,
141130500700000,,Exempt,Empty,0,VACANT LAND SE,CITY OF CEDAR RAPIDS,0.35,,,,,,,,,0,0,0,0,141130500700000,Empty,Exempt,0,0,0,0,141130500700000,CITY PROPERTY,EXEMPT,0,0,0,0,0,0
141130500800000,,Exempt,Empty,0,VACANT LAND SE,CITY OF CEDAR RAPIDS,0.35,,,,,,,,,0,0,0,0,141130500800000,Empty,Exempt,0,0,0,0,141130500800000,CITY PROPERTY,EXEMPT,0,0,0,0,0,0
141135300300000,,Exempt,Empty,0,VACANT LAND NE,CITY OF CEDAR RAPIDS,0.1,,,,,,,,,0,0,0,0,141135300300000,Empty,Exempt,0,0,0,0,141135300300000,CITY PROPERTY,EXEMPT,0,0,0,0,0,0
141135300500000,,Exempt,Empty,206,29TH ST NE,CITY OF CEDAR RAPIDS,0.38,,,,,,,,,0,0,0,0,141135300500000,Empty,Exempt,0,0,0,0,141135300500000,CITY PROPERTY,EXEMPT,0,0,0,0,0,0
141137600400000,,Exempt,Empty,0,VACANT LAND SE,CITY OF CEDAR RAPIDS,0.2314,,,,,,,,,0,0,0,0,141137600400000,Empty,Exempt,0,0,0,0,141137600400000,CITY PROPERTY,EXEMPT,0,0,0,0,0,0
141137600500000,,Exempt,Empty,0,VACANT LAND SE,CITY OF CEDAR RAPIDS,0.1479,,,,,,,,,0,0,0,0,141137600500000,Empty,Exempt,0,0,0,0,141137600500000,CITY PROPERTY,EXEMPT,0,0,0,0,0,0
141137600600000,,Exempt,Empty,3145,EMERALD AVE SE,CITY OF CEDAR RAPIDS,0.1492,,,,,,,,,0,0,0,0,141137600600000,Empty,Exempt,0,0,0,0,141137600600000,CITY PROPERTY,EXEMPT,0,0,0,0,0,0
141138001700000,,Exempt,Empty,0,VACANT LAND SE,CITY OF CEDAR RAPIDS,0.0654,,,,,,,,,0,0,0,0,141138001700000,Empty,Exempt,0,0,0,0,141138001700000,CITY PROPERTY,EXEMPT,0,0,0,0,0,0
141138001800000,,Exempt,Empty,0,VACANT LAND SE,CITY OF CEDAR RAPIDS,2.9543,,,,,,,,,0,0,0,0,141138001800000,Empty,Exempt,0,0,0,0,141138001800000,CITY PROPERTY,EXEMPT,0,0,0,0,0,0
141145700700000,,Exempt,Empty,0,VACANT LAND SE,CITY OF CEDAR RAPIDS,0.6569,,,,,,,,,0,0,0,0,141145700700000,Empty,Exempt,0,0,0,0,141145700700000,CITY PROPERTY,EXEMPT,0,0,0,0,0,0
141332600900000,,Exempt,Empty,0,VACANT LAND SE,CITY OF CEDAR RAPIDS,14.15,,,,,,,,,0,0,0,0,141332600900000,Empty,Exempt,0,0,0,0,141332600900000,CITY PROPERTY,EXEMPT,0,0,0,0,0,0
141337602000000,,Exempt,Empty,0,VACANT LAND SE,CITY OF CEDAR RAPIDS,4.98,,,,,,,,,0,0,0,0,141337602000000,Empty,Exempt,0,0,0,0,141337602000000,CITY PROPERTY,EXEMPT,0,0,0,0,0,0
141337602100000,,Exempt,Empty,0,VACANT LAND SE,CITY OF CEDAR RAPIDS,,,,,,,,,,0,0,0,0,141337602100000,Empty,Exempt,0,0,0,0,141337602100000,CITY PROPERTY,EXEMPT,0,0,0,0,0,0
141345400100000,,Exempt,Empty,0,VACANT LAND SE,CITY OF CEDAR RAPIDS,4.94,,,,,,,,,0,0,0,0,141345400100000,Empty,Exempt,0,0,0,0,141345400100000,CITY PROPERTY,EXEMPT,0,0,0,0,0,0
141420100100000,,Exempt,Empty,0,VACANT LAND SE,CITY OF CEDAR RAPIDS,1.413,,,,,,,,,0,0,0,0,141420100100000,Empty,Exempt,0,0,0,0,141420100100000,CITY PROPERTY,EXEMPT,0,0,0,0,0,0
141420100200000,,Exempt,Empty,0,VACANT LAND SE,CITY OF CEDAR RAPIDS,0.2919,,,,,,,,,0,0,0,0,141420100200000,Empty,Exempt,0,0,0,0,141420100200000,CITY PROPERTY,EXEMPT,0,0,0,0,0,0
141445100300000,,Exempt,Empty,0,VACANT LAND SE,CITY OF CEDAR RAPIDS,8.89,,,,,,,,,0,0,0,0,141445100300000,Empty,Exempt,0,0,0,0,141445100300000,CITY PROPERTY,EXEMPT,0,0,0,0,0,0
141445200100000,,Exempt,Empty,0,VACANT LAND SE,CITY OF CEDAR RAPIDS,2.84,,,,,,,,,0,0,0,0,141445200100000,Empty,Exempt,0,0,0,0,141445200100000,CITY PROPERTY,EXEMPT,0,0,0,0,0,0
141445200400000,,Exempt,Empty,0,VACANT LAND NE,CITY OF CEDAR RAPIDS,2.28,,,,,,,,,0,0,0,0,141445200400000,Empty,Exempt,0,0,0,0,141445200400000,CITY PROPERTY,EXEMPT,0,0,0,0,0,0
141447800400000,,Exempt,Empty,0,VACANT LAND SE,CEDAR RAPIDS CITY OF,6.62,,,,,,,,,0,0,0,0,141447800400000,Empty,Exempt,0,0,0,0,141447800400000,CITY PROPERTY,EXEMPT,0,0,0,0,0,0
141515102100000,,Exempt,Empty,0,VACANT LAND NE,CITY OF CEDAR RAPIDS,0.2268,,,,,,,,,0,0,0,0,141515102100000,Empty,Exempt,0,0,0,0,141515102100000,CITY PROPERTY,EXEMPT,0,0,0,0,0,0
141530101100000,,Exempt,Empty,0,VACANT LAND NE,CITY OF CEDAR RAPIDS,0.85,,,,,,,,,0,0,0,0,141530101100000,Empty,Exempt,0,0,0,0,141530101100000,CITY PROPERTY,EXEMPT,0,0,0,0,0,0
141615200100000,,Exempt,Empty,0,VACANT LAND NE,CITY OF CEDAR RAPIDS,14.1,,,,,,,,,0,0,0,0,141615200100000,Empty,Exempt,0,0,0,0,141615200100000,CITY PROPERTY,EXEMPT,0,0,0,0,0,0
141625100200000,,Exempt,Empty,0,VACANT LAND NE,CITY OF CEDAR RAPIDS,45.99,,,,,,,,,0,0,0,0,141625100200000,Empty,Exempt,0,0,0,0,141625100200000,CITY PROPERTY,EXEMPT,0,0,0,0,0,0
141630100100000,,Exempt,Empty,0,VACANT LAND NE,CITY OF CEDAR RAPIDS,2.8687,,,,,,,,,0,0,0,0,141630100100000,Empty,Exempt,0,0,0,0,141630100100000,CITY PROPERTY,EXEMPT,0,0,0,0,0,0
141630100400000,,Exempt,Empty,0,VACANT LAND NE,CITY OF CEDAR RAPIDS,1.45,,,,,,,,,0,0,0,0,141630100400000,Empty,Exempt,0,0,0,0,141630100400000,CITY PROPERTY,EXEMPT,0,0,0,0,0,0
141632600100000,,Exempt,Empty,1111,SHAVER RD NE,CEDAR RAPIDS CITY OF,17.66,,,,,,,,,0,0,0,0,141632600100000,Empty,Exempt,0,0,0,0,141632600100000,CITY PROPERTY,EXEMPT,0,0,0,0,0,0
141632600400000,,Exempt,Empty,0,VACANT LAND NE,CITY OF CEDAR RAPIDS,4.5,,,,,,,,,0,0,0,0,141632600400000,Empty,Exempt,0,0,0,0,141632600400000,CITY PROPERTY,EXEMPT,0,0,0,0,0,0
141632600600000,,Exempt,Empty,0,VACANT LAND NE,CITY OF CEDAR RAPIDS,0.06,,,,,,,,,0,0,0,0,141632600600000,Empty,Exempt,0,0,0,0,,,,,,,,,
141632600700000,,Exempt,Empty,0,VACANT LAND NE,CEDAR RAPIDS CITY OF,0.13,,,,,,,,,0,0,0,0,141632600700000,Empty,Exempt,0,0,0,0,141632600700000,CITY PROPERTY,EXEMPT,0,0,0,0,0,0
141635100200000,,Exempt,Empty,0,VACANT LAND NE,CITY OF CEDAR RAPIDS,1.02,,,,,,,,,0,0,0,0,141635100200000,Empty,Exempt,0,0,0,0,141635100200000,CITY PROPERTY,EXEMPT,0,0,0,0,0,0
141637700100000,,Exempt,Empty,855,SHAVER RD NE,CITY OF CEDAR RAPIDS,0.6741,,,,,,,,,0,0,0,0,141637700100000,Empty,Exempt,0,0,0,0,141637700100000,CITY PROPERTY,EXEMPT,0,0,0,0,0,0
141640100100000,,Exempt,Empty,0,VACANT LAND NE,CITY OF CEDAR RAPIDS,25.67,,,,,,,,,0,0,0,0,141640100100000,Empty,Exempt,0,0,0,0,141640100100000,CITY PROPERTY,EXEMPT,0,0,0,0,0,0
141645900100000,,Exempt,NE 146,791,SHAVER RD NE,CEDAR RAPIDS CITY OF,0.1722,Single-Family,Salvage,1880,936.0,,,,,0,0,0,0,141645900100000,NE 146,Exempt,0,0,0,0,141645900100000,CITY PROPERTY,EXEMPT,0,0,0,0,0,0
141645900200000,,Exempt,NE 146,793,SHAVER RD NE,CEDAR RAPIDS CITY OF,0.0689,Single-Family,1 Story Frame,1900,486.0,,,,,0,0,0,0,141645900200000,NE 146,Exempt,0,0,0,0,141645900200000,CITY PROPERTY,EXEMPT,0,0,0,0,0,0
141645900400000,,Exempt,NE 146,799,SHAVER RD NE,CEDAR RAPIDS CITY OF,0.1194,Single-Family,Salvage,1920,760.0,,,,,0,0,0,0,141645900400000,NE 146,Exempt,0,0,0,0,141645900400000,CITY PROPERTY,EXEMPT,0,0,0,0,0,0
141645900500000,,Exempt,NE 146,801,SHAVER RD NE,CEDAR RAPIDS CITY OF,0.1245,Single-Family,1 1/2 Story Frame,1925,972.4,,,,,0,0,0,0,141645900500000,NE 146,Exempt,0,0,0,0,141645900500000,CITY PROPERTY,EXEMPT,0,0,0,0,0,0
141645900700000,,Exempt,Empty,813,SHAVER RD NE,CEDAR RAPIDS CITY OF,0.1607,Single-Family,1 Story Frame,1928,700.0,Shop,1964,1516,,0,0,0,0,141645900700000,Empty,Exempt,0,0,0,0,141645900700000,CITY PROPERTY,EXEMPT,0,0,0,0,0,0
141645901300000,,Exempt,Empty,0,VACANT LAND NE,CITY OF CEDAR RAPIDS,0.126,,,,,,,,,0,0,0,0,141645901300000,Empty,Exempt,0,0,0,0,141645901300000,CITY PROPERTY,EXEMPT,0,0,0,0,0,0
141715300100000,,Exempt,Empty,0,VACANT LAND NE,CITY OF CEDAR RAPIDS,29.73,,,,,,,,,0,0,0,0,141715300100000,Empty,Exempt,0,0,0,0,141715300100000,CITY PROPERTY,EXEMPT,0,0,0,0,0,0
141717800200000,,Exempt,Empty,0,VACANT LAND NE,CITY OF CEDAR RAPIDS,6.5,,,,,,,,,0,0,0,0,141717800200000,Empty,Exempt,0,0,0,0,141717800200000,CITY PROPERTY,EXEMPT,0,0,0,0,0,0
141720300100000,,Exempt,Empty,100,J AVE NE,CITY OF CEDAR RAPIDS,2.5,,,,,,,,,0,0,0,0,141720300100000,Empty,Exempt,0,0,0,0,141720300100000,CITY PROPERTY,EXEMPT,0,0,0,0,0,0
141722600100000,,Exempt,Empty,0,VACANT LAND NW,CITY OF CEDAR RAPIDS,15.0,,,,,,,,,0,0,0,0,141722600100000,Empty,Exempt,0,0,0,0,141722600100000,CITY PROPERTY,EXEMPT,0,0,0,0,0,0
141725101200000,,Exempt,Empty,0,VACANT LAND NW,CITY OF CEDAR RAPIDS,6.41,,,,,,,,,0,0,0,0,141725101200000,Empty,Exempt,0,0,0,0,141725101200000,NW 301,RESIDENTIAL,87100,0,87100,0,0,87100
141725200200000,,Exempt,Empty,0,VACANT LAND NW,CITY OF CEDAR RAPIDS,13.91,,,,,,,,,0,0,0,0,141725200200000,Empty,Exempt,0,0,0,0,141725200200000,CITY PROPERTY,EXEMPT,0,0,0,0,0,0
141730100100000,,Exempt,Empty,1876,ELLIS LN NW,CITY OF CEDAR RAPIDS,156.68,,,,,,,,,0,0,0,0,141730100100000,Empty,Exempt,0,0,0,0,141730100100000,CITY PROPERTY,EXEMPT,0,0,0,0,0,0
141732600100000,,Exempt,Empty,0,VACANT LAND NW,CITY OF CEDAR RAPIDS,22.2,,,,,,,,,0,0,0,0,141732600100000,Empty,Exempt,0,0,0,0,141732600100000,CITY PROPERTY,EXEMPT,0,0,0,0,0,0
141740200200000,,Exempt,Empty,0,VACANT LAND NE,CITY OF CEDAR RAPIDS,47.2,,,,,,,,,0,0,0,0,141740200200000,Empty,Exempt,0,0,0,0,141740200200000,CITY PROPERTY,EXEMPT,0,0,0,0,0,0
141810100100000,,Exempt,Empty,0,VACANT LAND NW,CITY OF CEDAR RAPIDS,44.11,,,,,,,,,0,0,0,0,141810100100000,Empty,Exempt,0,0,0,0,141810100100000,CITY PROPERTY,EXEMPT,0,0,0,0,0,0
141815105300000,,Exempt,Empty,0,VACANT LAND NW,CITY OF CEDAR RAPIDS,19.7,,,,,,,,,0,0,0,0,141815105300000,Empty,Exempt,0,0,0,0,141815105300000,CITY PROPERTY,EXEMPT,0,0,0,0,0,0
141817600100000,,Exempt,Empty,0,VACANT LAND NW,CITY OF CEDAR RAPIDS,38.75,,,,,,,,,0,0,0,0,141817600100000,Empty,Exempt,0,0,0,0,141817600100000,CITY PROPERTY,EXEMPT,0,0,0,0,0,0
141820100200000,,Exempt,Empty,0,VACANT LAND NW,CITY OF CEDAR RAPIDS,5.95,,,,,,,,,0,0,0,0,141820100200000,Empty,Exempt,0,0,0,0,141820100200000,CITY PROPERTY,EXEMPT,0,0,0,0,0,0
141822600100000,,Exempt,Empty,0,VACANT LAND NW,CITY OF CEDAR RAPIDS,4.37,,,,,,,,,0,0,0,0,141822600100000,Empty,Exempt,0,0,0,0,141822600100000,CITY PROPERTY,EXEMPT,0,0,0,0,0,0
141822800100000,,Exempt,Empty,0,VACANT LAND NE,CEDAR RAPIDS CITY OF,4.0,,,,,,,,,0,0,0,0,141822800100000,Empty,Exempt,0,0,0,0,141822800100000,CITY PROPERTY,EXEMPT,0,0,0,0,0,0
141840100100000,,Exempt,Empty,0,VACANT LAND NW,CITY OF CEDAR RAPIDS,4.21,,,,,,,,,0,0,0,0,141840100100000,Empty,Exempt,0,0,0,0,,,,,,,,,
141840101700000,,Exempt,Empty,0,VACANT LAND NW,CITY OF CEDAR RAPIDS,2.5,,,,,,,,,0,0,0,0,141840101700000,Empty,Exempt,0,0,0,0,141840101700000,CITY PROPERTY,EXEMPT,0,0,0,0,0,0
141847603000000,,Exempt,Empty,0,VACANT LAND NW,CEDAR RAPIDS CITY OF,2.96,,,,,,,,,0,0,0,0,141847603000000,Empty,Exempt,0,0,0,0,141847603000000,CITY PROPERTY,EXEMPT,0,0,0,0,0,0
141922803800000,,Exempt,Empty,0,VACANT LAND NW,CITY OF CEDAR RAPIDS,0.1491,,,,,,,,,0,0,0,0,141922803800000,Empty,Exempt,0,0,0,0,141922803800000,CITY PROPERTY,EXEMPT,0,0,0,0,0,0
141940100100000,,Exempt,Empty,1101,19TH ST NW,CITY OF CEDAR RAPIDS,19.83,,,,,,,,,0,0,0,0,141940100100000,Empty,Exempt,0,0,0,0,141940100100000,CITY PROPERTY,EXEMPT,0,0,0,0,0,0
141945500300000,,Exempt,Empty,0,VACANT LAND NW,CITY OF CEDAR RAPIDS,0.316,,,,,,,,,0,0,0,0,141945500300000,Empty,Exempt,0,0,0,0,141945500300000,CITY PROPERTY,EXEMPT,0,0,0,0,0,0
141945601700000,,Exempt,Empty,0,VACANT LAND NW,CITY OF CEDAR RAPIDS,,,,,,,,,,0,0,0,0,141945601700000,Empty,Exempt,0,0,0,0,141945601700000,CITY PROPERTY,EXEMPT,0,0,0,0,0,0
141947900100000,,Exempt,Empty,730,19TH ST NW,CITY OF CEDAR RAPIDS,0.1928,,,,,,,,,0,0,0,0,141947900100000,Empty,Exempt,0,0,0,0,141947900100000,CITY PROPERTY,EXEMPT,0,0,0,0,0,0
142010200100000,,Exempt,Empty,0,VACANT LAND NW,CITY OF CEDAR RAPIDS,0.2118,,,,,,,,,0,0,0,0,142010200100000,Empty,Exempt,0,0,0,0,,,,,,,,,
142027700100000,,Exempt,Empty,0,VACANT LAND NW,CITY OF CEDAR RAPIDS,3.53,,,,,,,,,0,0,0,0,142027700100000,Empty,Exempt,0,0,0,0,142027700100000,CITY PROPERTY,EXEMPT,0,0,0,0,0,0
142027700500000,,Exempt,Empty,0,VACANT LAND NW,CITY OF CEDAR RAPIDS,0.72,,,,,,,,,0,0,0,0,142027700500000,Empty,Exempt,0,0,0,0,142027700500000,CITY PROPERTY,EXEMPT,0,0,0,0,0,0
142035700300000,,Exempt,Empty,0,VACANT LAND NW,CITY OF CEDAR RAPIDS,0.2296,,,,,,,,,0,0,0,0,142035700300000,Empty,Exempt,0,0,0,0,142035700300000,CITY PROPERTY,EXEMPT,0,0,0,0,0,0
142035700500000,,Exempt,Empty,0,VACANT LAND NW,CITY OF CEDAR RAPIDS,0.5142,,,,,,,,,0,0,0,0,142035700500000,Empty,Exempt,0,0,0,0,142035700500000,CITY PROPERTY,EXEMPT,0,0,0,0,0,0
142040600200000,,Exempt,Empty,1131,5TH ST NW,CITY OF CEDAR RAPIDS,5.9,,,,,,,,,0,0,0,0,142040600200000,Empty,Exempt,0,0,0,0,142040600200000,CITY PROPERTY,EXEMPT,0,0,0,0,0,0
142040800800000,,Exempt,Empty,1021,5TH ST NW,CITY OF CEDAR RAPIDS,0.1263,Single-Family,Salvage,1935,683.0,,,,,0,0,0,0,142040800800000,Empty,Exempt,0,0,0,0,142040800800000,CITY PROPERTY,EXEMPT,0,0,0,0,0,0
142048101500000,,Exempt,Empty,0,VACANT LAND NW,CITY OF CEDAR RAPIDS,0.0321,,,,,,,,,0,0,0,0,142048101500000,Empty,Exempt,0,0,0,0,142048101500000,CITY PROPERTY,EXEMPT,0,0,0,0,0,0
142048301200000,,Exempt,Empty,0,VACANT LAND NW,CITY OF CEDAR RAPIDS,0.0092,,,,,,,,,0,0,0,0,142048301200000,Empty,Exempt,0,0,0,0,142048301200000,CITY PROPERTY,EXEMPT,0,0,0,0,0,0
142117700200000,,Exempt,Empty,0,VACANT LAND NE,CEDAR RAPIDS CITY OF,0.0104,,,,,,,,,0,0,0,0,142117700200000,Empty,Exempt,0,0,0,0,142117700200000,CITY PROPERTY,EXEMPT,0,0,0,0,0,0
142135100100000,,Exempt,Empty,0,VACANT LAND NW,CITY OF CEDAR RAPIDS,1.5075,,,,,,,,,0,0,0,0,142135100100000,Empty,Exempt,0,0,0,0,,,,,,,,,
142135200100000,,Exempt,Empty,0,VACANT LAND NW,CITY OF CEDAR RAPIDS,3.7644,,,,,,,,,0,0,0,0,142135200100000,Empty,Exempt,0,0,0,0,,,,,,,,,
142137700100000,,Exempt,Empty,370,1ST AVE NE,CITY OF CEDAR RAPIDS,1.8182,,,,,,,,,0,0,0,0,142137700100000,Empty,Exempt,0,0,0,0,,,,,,,,,
142137800100000,,Exempt,Empty,0,VACANT LAND NE,CITY OF CEDAR RAPIDS,0.1928,,,,,,,,,0,0,0,0,142137800100000,Empty,Exempt,0,0,0,0,,,,,,,,,
142137800102000,,Exempt,Empty,350,1ST AVE NE,CITY OF CEDAR RAPIDS,,,,,,,,,,0,0,0,0,142137800102000,Empty,Exempt,0,0,0,0,,,,,,,,,
142138000100000,,Exempt,Empty,0,VACANT LAND NE,CITY OF CEDAR RAPIDS,1.2989,,,,,,,,,0,0,0,0,142138000100000,Empty,Exempt,0,0,0,0,142138000100000,CITY PROPERTY,EXEMPT,0,0,0,0,0,0
142140502000000,,Exempt,Empty,0,VACANT LAND NE,CITY OF CEDAR RAPIDS,0.011,,,,,,,,,0,0,0,0,142140502000000,Empty,Exempt,0,0,0,0,142140502000000,CITY PROPERTY,EXEMPT,0,0,0,0,0,0
142145500200000,,Exempt,Empty,0,VACANT LAND NE,CITY OF CEDAR RAPIDS,0.7713,,,,,,,,,0,0,0,0,142145500200000,Empty,Exempt,0,0,0,0,142145500200000,CITY PROPERTY,EXEMPT,0,0,0,0,0,0
142145500300000,,Exempt,Empty,0,VACANT LAND NE,CITY OF CEDAR RAPIDS,,,,,,,,,,0,0,0,0,142145500300000,Empty,Exempt,0,0,0,0,142145500300000,CITY PROPERTY,EXEMPT,0,0,0,0,0,0
142145900100000,,Exempt,Empty,428,3RD AVE SE,CITY OF CEDAR RAPIDS,0.7713,,,,,,,,,0,0,0,0,142145900100000,Empty,Exempt,0,0,0,0,142145900100000,CITY PROPERTY,EXEMPT,0,0,0,0,0,0
142145900500000,,Exempt,Empty,0,VACANT LAND SE,CITY OF CEDAR RAPIDS,0.3857,,,,,,,,,0,0,0,0,142145900500000,Empty,Exempt,0,0,0,0,142145900500000,CITY PROPERTY,EXEMPT,0,0,0,0,0,0
142146000100000,,Exempt,Empty,0,VACANT LAND SE,CEDAR RAPIDS CITY OF,0.2893,,,,,,,,,0,0,0,0,142146000100000,Empty,Exempt,0,0,0,0,142146000100000,CITY PROPERTY,EXEMPT,0,0,0,0,0,0
142146000200000,,Exempt,Empty,325,1ST AVE SE,CEDAR RAPIDS CITY OF,0.3214,,,,,,,,,0,0,0,0,142146000200000,Empty,Exempt,0,0,0,0,142146000200000,CITY PROPERTY,EXEMPT,0,0,0,0,0,0
142146100100000,,Exempt,Empty,0,VACANT LAND SE,CITY OF CEDAR RAPIDS,2.0662,,,,,,,,,0,0,0,0,142146100100000,Empty,Exempt,0,0,0,0,142146100100000,CITY PROPERTY,EXEMPT,0,0,0,0,0,0
142220500100000,,Exempt,Empty,1556,B AVE NE,CITY OF CEDAR RAPIDS,0.2185,,,,,,,,,0,0,0,0,142220500100000,Empty,Exempt,0,0,0,0,142220500100000,CITY PROPERTY,EXEMPT,0,0,0,0,0,0
142221301100000,,Exempt,Empty,0,VACANT LAND NE,CITY OF CEDAR RAPIDS,0.0115,,,,,,,,,0,0,0,0,142221301100000,Empty,Exempt,0,0,0,0,142221301100000,CITY PROPERTY,EXEMPT,0,0,0,0,0,0
142223000800000,,Exempt,Empty,0,VACANT LAND NE,CITY OF CEDAR RAPIDS,0.0643,,,,,,,,,0,0,0,0,142223000800000,Empty,Exempt,0,0,0,0,142223000800000,CITY PROPERTY,EXEMPT,0,0,0,0,0,0
142223202200000,,Exempt,Empty,0,VACANT LAND NE,CITY OF CEDAR RAPIDS,0.1286,,,,,,,,,0,0,0,0,142223202200000,Empty,Exempt,0,0,0,0,142223202200000,VACANT LAND,EXEMPT,0,11200,11200,0,1500,12700
142223202300000,,Exempt,Empty,1424,B AVE NE,CITY OF CEDAR RAPIDS,0.1928,,,,,,,,,0,0,0,0,142223202300000,Empty,Exempt,0,0,0,0,142223202300000,APARTMENT,EXEMPT,0,16800,16800,0,322000,338800
142227800100000,,Exempt,Empty,0,VACANT LAND SE,CITY OF CEDAR RAPIDS,1.23,,,,,,,,,0,0,0,0,142227800100000,Empty,Exempt,0,0,0,0,142227800100000,CITY PROPERTY,EXEMPT,0,0,0,0,0,0
142228200100000,,Exempt,Empty,0,VACANT LAND SE,CITY OF CEDAR RAPIDS,0.15,,,,,,,,,0,0,0,0,142228200100000,Empty,Exempt,0,0,0,0,142228200100000,CITY PROPERTY,EXEMPT,0,0,0,0,0,0
142235202100000,,Exempt,Empty,1047,5TH AVE SE,CITY OF CEDAR RAPIDS,0.0367,,,,,,,,,0,0,0,0,142235202100000,Empty,Exempt,0,0,0,0,142235202100000,CITY PROPERTY,EXEMPT,0,0,0,0,0,0
142235600400000,,Exempt,Empty,0,VACANT LAND SE,CITY OF CEDAR RAPIDS,0.0765,,,,,,,,,0,0,0,0,142235600400000,Empty,Exempt,0,0,0,0,142235600400000,CITY PROPERTY,EXEMPT,0,0,0,0,0,0
142235600500000,,Exempt,Empty,0,VACANT LAND SE,CITY OF CEDAR RAPIDS,0.0468,,,,,,,,,0,0,0,0,142235600500000,Empty,Exempt,0,0,0,0,142235600500000,CITY PROPERTY,EXEMPT,0,0,0,0,0,0
142240500100000,,Exempt,Empty,0,VACANT LAND SE,CITY OF CEDAR RAPIDS,0.98,,,,,,,,,0,0,0,0,142240500100000,Empty,Exempt,0,0,0,0,142240500100000,CITY PROPERTY,EXEMPT,0,0,0,0,0,0
142240601000000,,Exempt,Empty,0,VACANT LAND SE,CITY OF CEDAR RAPIDS,0.34,,,,,,,,,0,0,0,0,142240601000000,Empty,Exempt,0,0,0,0,142240601000000,CITY PROPERTY,EXEMPT,0,0,0,0,0,0
142248201000000,,Exempt,Empty,2000,MT VERNON RD SE,CITY OF CEDAR RAPIDS,1.6419,,,,,,,,,0,0,0,0,142248201000000,Empty,Exempt,0,0,0,0,142248201000000,CITY PROPERTY,EXEMPT,0,0,0,0,0,0
142312600100000,,Exempt,Empty,0,VACANT LAND SE,CITY OF CEDAR RAPIDS,10.04,,,,,,,,,0,0,0,0,142312600100000,Empty,Exempt,0,0,0,0,142312600100000,CITY PROPERTY,EXEMPT,0,0,0,0,0,0
142312600200000,,Exempt,Empty,0,VACANT LAND SE,CITY OF CEDAR RAPIDS,70.0,,,,,,,,,0,0,0,0,142312600200000,Empty,Exempt,0,0,0,0,142312600200000,CITY PROPERTY,EXEMPT,0,0,0,0,0,0
142337802700000,,Exempt,Empty,2416,MT VERNON RD SE,CITY OF CEDAR RAPIDS,,,,,,,,,,0,0,0,0,142337802700000,Empty,Exempt,0,0,0,0,142337802700000,CITY PROPERTY,EXEMPT,0,0,0,0,0,0
142412600100000,,Exempt,Empty,0,VACANT LAND SE,CITY OF CEDAR RAPIDS,5.54,,,,,,,,,0,0,0,0,142412600100000,Empty,Exempt,0,0,0,0,142412600100000,CITY PROPERTY,EXEMPT,0,0,0,0,0,0
142433001200000,,Exempt,Empty,0,VACANT LAND SE,CITY OF CEDAR RAPIDS,0.1811,,,,,,,,,0,0,0,0,142433001200000,Empty,Exempt,0,0,0,0,142433001200000,CITY PROPERTY,EXEMPT,0,0,0,0,0,0
142442800200000,,Exempt,Empty,0,VACANT LAND SE,CITY OF CEDAR RAPIDS,0.28,,,,,,,,,0,0,0,0,142442800200000,Empty,Exempt,0,0,0,0,142442800200000,CITY PROPERTY,EXEMPT,0,0,0,0,0,0
142447700900000,,Exempt,Empty,4296,MT VERNON RD SE,CITY OF CEDAR RAPIDS,1.02,,,,,,,,,0,0,0,0,142447700900000,Empty,Exempt,0,0,0,0,142447700900000,CITY PROPERTY,EXEMPT,0,0,0,0,0,0
142528003300000,,Exempt,Empty,0,VACANT LAND SE,CEDAR RAPIDS CITY OF,,,,,,,,,,0,0,0,0,142528003300000,Empty,Exempt,0,0,0,0,142528003300000,CITY PROPERTY,EXEMPT,0,0,0,0,0,0
142530102000000,,Exempt,Empty,0,VACANT LAND SE,CEDAR RAPIDS CITY OF,,,,,,,,,,0,0,0,0,142530102000000,Empty,Exempt,0,0,0,0,142530102000000,CITY PROPERTY,EXEMPT,0,0,0,0,0,0
142542901100000,,Exempt,Empty,0,PARK SE,CITY OF CEDAR RAPIDS,14.32,,,,,,,,,0,0,0,0,142542901100000,Empty,Exempt,0,0,0,0,142542901100000,CITY PROPERTY,EXEMPT,0,0,0,0,0,0
142612603400000,,Exempt,Empty,0,VACANT LAND SE,CITY OF CEDAR RAPIDS,0.4797,,,,,,,,,0,0,0,0,142612603400000,Empty,Exempt,0,0,0,0,142612603400000,CITY PROPERTY,EXEMPT,0,0,0,0,0,0
142617601300000,,Exempt,Empty,0,VACANT LAND SE,CITY OF CEDAR RAPIDS,4.82,,,,,,,,,0,0,0,0,142617601300000,Empty,Exempt,0,0,0,0,142617601300000,CITY PROPERTY,EXEMPT,0,0,0,0,0,0
142623001600000,,Exempt,Empty,1107,23RD ST SE,CEDAR RAPIDS CITY OF,0.3007,,,,,,,,,0,0,0,0,142623001600000,Empty,Exempt,0,0,0,0,142623001600000,CITY PROPERTY,EXEMPT,0,0,0,0,0,0
142625100100000,,Exempt,Empty,0,VACANT LAND SE,CITY OF CEDAR RAPIDS,76.0,,,,,,,,,0,0,0,0,142625100100000,Empty,Exempt,0,0,0,0,142625100100000,CITY PROPERTY,EXEMPT,0,0,0,0,0,0
142632600200000,,Exempt,Empty,0,VACANT LAND SE,CITY OF CEDAR RAPIDS,21.0,,,,,,,,,0,0,0,0,142632600200000,Empty,Exempt,0,0,0,0,142632600200000,CITY PROPERTY,EXEMPT,0,0,0,0,0,0
142637700300000,,Exempt,Empty,0,VACANT LAND SE,CITY OF CEDAR RAPIDS,9.65,,,,,,,,,0,0,0,0,142637700300000,Empty,Exempt,0,0,0,0,142637700300000,CITY PROPERTY,EXEMPT,0,0,0,0,0,0
142637700400000,,Exempt,Empty,0,VACANT LAND SE,CITY OF CEDAR RAPIDS,0.46,,,,,,,,,0,0,0,0,142637700400000,Empty,Exempt,0,0,0,0,142637700400000,CITY PROPERTY,EXEMPT,0,0,0,0,0,0
142715500800000,,Exempt,Empty,0,VACANT LAND SE,CITY OF CEDAR RAPIDS,0.64,,,,,,,,,0,0,0,0,142715500800000,Empty,Exempt,0,0,0,0,142715500800000,CITY PROPERTY,EXEMPT,0,0,0,0,0,0
142715501200000,,Exempt,Empty,0,VACANT LAND SE,CITY OF CEDAR RAPIDS,0.1377,,,,,,,,,0,0,0,0,142715501200000,Empty,Exempt,0,0,0,0,142715501200000,CITY PROPERTY,EXEMPT,0,0,0,0,0,0
142715600700000,,Exempt,Empty,1602,15TH AVE SE,CITY OF CEDAR RAPIDS,1.08,,,,,,,,,0,0,0,0,142715600700000,Empty,Exempt,0,0,0,0,142715600700000,CITY PROPERTY,EXEMPT,0,0,0,0,0,0
142715700100000,,Exempt,Empty,0,VACANT LAND SE,CITY OF CEDAR RAPIDS,8.7934,,,,,,,,,0,0,0,0,142715700100000,Empty,Exempt,0,0,0,0,142715700100000,CITY PROPERTY,EXEMPT,0,0,0,0,0,0
142717600100000,,Exempt,Empty,0,VACANT LAND SE,CITY OF CEDAR RAPIDS,47.77,,,,,,,,,0,0,0,0,142717600100000,Empty,Exempt,0,0,0,0,142717600100000,CITY PROPERTY,EXEMPT,0,0,0,0,0,0
142720100100000,,Exempt,Empty,0,VACANT LAND SE,CITY OF CEDAR RAPIDS,3.0,,,,,,,,,0,0,0,0,142720100100000,Empty,Exempt,0,0,0,0,142720100100000,CITY PROPERTY,EXEMPT,0,0,0,0,0,0
142720200400000,,Exempt,Empty,0,VACANT LAND SE,CITY OF CEDAR RAPIDS,0.1276,,,,,,,,,0,0,0,0,142720200400000,Empty,Exempt,0,0,0,0,142720200400000,CITY PROPERTY,EXEMPT,0,0,0,0,0,0
142720202200000,,Exempt,Empty,0,VACANT LAND SE,CITY OF CEDAR RAPIDS,0.1286,,,,,,,,,0,0,0,0,142720202200000,Empty,Exempt,0,0,0,0,142720202200000,CITY PROPERTY,EXEMPT,0,0,0,0,0,0
142720302100000,,Exempt,Empty,0,VACANT LAND SE,CITY OF CEDAR RAPIDS,0.0517,,,,,,,,,0,0,0,0,142720302100000,Empty,Exempt,0,0,0,0,142720302100000,CITY PROPERTY,EXEMPT,0,0,0,0,0,0
142720302200000,,Exempt,Empty,0,VACANT LAND SE,CITY OF CEDAR RAPIDS,0.0669,,,,,,,,,0,0,0,0,142720302200000,Empty,Exempt,0,0,0,0,142720302200000,CITY PROPERTY,EXEMPT,0,0,0,0,0,0
142720302300000,,Exempt,Empty,0,VACANT LAND SE,CITY OF CEDAR RAPIDS,0.0258,,,,,,,,,0,0,0,0,142720302300000,Empty,Exempt,0,0,0,0,142720302300000,CITY PROPERTY,EXEMPT,0,0,0,0,0,0
142720402700000,,Exempt,Empty,0,VACANT LAND SE,CITY OF CEDAR RAPIDS,0.0482,,,,,,,,,0,0,0,0,142720402700000,Empty,Exempt,0,0,0,0,142720402700000,CITY PROPERTY,EXEMPT,0,0,0,0,0,0
142720500100000,,Exempt,SE 237,929,10TH ST SE,CEDAR RAPIDS CITY OF,0.1102,Single-Family,2 Story Frame,1905,1560.0,,,,,0,0,0,0,142720500100000,SE 237,Exempt,0,0,0,0,142720500100000,SE 237,RESIDENTIAL,8200,0,8200,116800,0,125000
142720601000000,,Exempt,SE 237,0,VACANT LAND SE,CEDAR RAPIDS CITY OF,0.1125,,,,,,,,,0,0,0,0,142720601000000,SE 237,Exempt,0,0,0,0,142720601000000,SE 237,RESIDENTIAL,6300,0,6300,114200,0,120500
142720602600000,,Exempt,SE 237,1025,10TH ST SE,CEDAR RAPIDS CITY OF,0.0803,Single-Family,1 Story Frame,1890,888.0,,,,,0,0,0,0,142720602600000,SE 237,Exempt,0,0,0,0,142720602600000,CITY PROPERTY,EXEMPT,0,0,0,0,0,0
142720700900000,,Exempt,Empty,0,VACANT LAND SE,CITY OF CEDAR RAPIDS,0.1286,,,,,,,,,0,0,0,0,142720700900000,Empty,Exempt,0,0,0,0,142720700900000,CITY PROPERTY,EXEMPT,0,0,0,0,0,0
142720702500000,,Exempt,Empty,0,VACANT LAND SE,CITY OF CEDAR RAPIDS,0.1286,,,,,,,,,0,0,0,0,142720702500000,Empty,Exempt,0,0,0,0,142720702500000,CITY PROPERTY,EXEMPT,0,0,0,0,0,0
142720800300000,,Exempt,SE 237,0,VACANT LAND SE,CEDAR RAPIDS CITY OF,0.0964,,,,,,,,,0,0,0,0,142720800300000,SE 237,Exempt,0,0,0,0,,,,,,,,,
142720800400000,,Exempt,SE 237,0,VACANT LAND SE,CEDAR RAPIDS CITY OF,0.1928,,,,,,,,,0,0,0,0,142720800400000,SE 237,Exempt,0,0,0,0,,,,,,,,,
142720800500000,,Exempt,SE 237,1118,8TH ST SE,CEDAR RAPIDS CITY OF,0.0964,,,,,,,,,0,0,0,0,142720800500000,SE 237,Exempt,0,0,0,0,,,,,,,,,
142720800600000,,Exempt,SE 237,1122,8TH ST SE,CEDAR RAPIDS CITY OF,0.0964,,,,,,,,,0,0,0,0,142720800600000,SE 237,Exempt,0,0,0,0,,,,,,,,,
142720800700000,,Exempt,SE 237,816,12TH AVE SE,CEDAR RAPIDS CITY OF,0.0826,,,,,,,,,0,0,0,0,142720800700000,SE 237,Exempt,0,0,0,0,,,,,,,,,
142720800800000,,Exempt,Empty,1125,9TH ST SE,CEDAR RAPIDS CITY OF,0.1102,Single-Family,Salvage,1880,1173.0,,,,,0,0,0,0,142720800800000,Empty,Exempt,0,0,0,0,,,,,,,,,
142720800900000,,Exempt,SE 237,1123,9TH ST SE,CEDAR RAPIDS CITY OF,0.0964,,,,,,,,,0,0,0,0,142720800900000,SE 237,Exempt,0,0,0,0,,,,,,,,,
142720801000000,,Exempt,SE 237,1121,9TH ST SE,CEDAR RAPIDS CITY OF,0.0964,,,,,,,,,0,0,0,0,142720801000000,SE 237,Exempt,0,0,0,0,,,,,,,,,
142722900200000,VACANT LOT,Exempt,COMM SE,917,9TH AVE SE,CEDAR RAPIDS CITY OF,0.0826,,,,,,,,,0,0,0,0,142722900200000,COMM SE,Exempt,0,0,0,0,142722900200000,SE 237,RESIDENTIAL,6700,0,6700,105200,0,111900
142722901200000,VACANT LOT,Exempt,COMM SE,910,10TH AVE SE,CITY OF CEDAR RAPIDS,0.0533,,,,,,,,,0,0,0,0,142722901200000,COMM SE,Exempt,0,0,0,0,,,,,,,,,
142722901300000,,Exempt,SE 237,912,10TH AVE SE,CEDAR RAPIDS CITY OF,0.0735,,,,,,,,,2432,0,0,2432,142722901300000,SE 237,Exempt,2432,0,0,2432,,,,,,,,,
142722901700000,,Exempt,SE 237,917,10TH ST SE,CEDAR RAPIDS CITY OF,0.0964,,,,,,,,,0,0,0,0,142722901700000,SE 237,Exempt,0,0,0,0,,,,,,,,,
142722901800000,VACANT LOT,Exempt,COMM SE,913,10TH ST SE,CEDAR RAPIDS CITY OF,0.0964,,,,,,,,,0,0,0,0,142722901800000,COMM SE,Exempt,0,0,0,0,,,,,,,,,
142722901900000,VACANT LOT,Exempt,COMM SE,909,10TH ST SE,CEDAR RAPIDS CITY OF,0.1928,,,,,,,,,0,0,0,0,142722901900000,COMM SE,Exempt,0,0,0,0,,,,,,,,,
142723200100000,,Exempt,SE 237,903,9TH ST SE,CEDAR RAPIDS CITY OF,0.0978,,,,,,,,,0,0,0,0,142723200100000,SE 237,Exempt,0,0,0,0,142723200100000,SE 237,RESIDENTIAL,6400,0,6400,92100,0,98500
142723200300000,,Exempt,SE 237,817,9TH AVE SE,CEDAR RAPIDS CITY OF,0.0523,,,,,,,,,0,0,0,0,142723200300000,SE 237,Exempt,0,0,0,0,142723200300000,SE 237,RESIDENTIAL,4700,0,4700,115500,0,120200
142723200400000,,Exempt,SE 237,0,VACANT LAND SE,CEDAR RAPIDS CITY OF,0.1928,,,,,,,,,0,0,0,0,142723200400000,SE 237,Exempt,0,0,0,0,,,,,,,,,
142723200500000,,Exempt,SE 237,0,VACANT LAND SE,CEDAR RAPIDS CITY OF,0.1286,,,,,,,,,0,0,0,0,142723200500000,SE 237,Exempt,0,0,0,0,,,,,,,,,
142723201600000,,Exempt,SE 237,0,VACANT LAND SE,CEDAR RAPIDS CITY OF,0.0868,,,,,,,,,0,0,0,0,142723201600000,SE 237,Exempt,0,0,0,0,,,,,,,,,
142723400100000,,Exempt,SE 237,1000,9TH ST SE,CEDAR RAPIDS CITY OF,0.0964,,,,,,,,,0,0,0,0,142723400100000,SE 237,Exempt,0,0,0,0,142723400100000,SE 237,RESIDENTIAL,6000,0,6000,142800,0,148800
142723500100000,,Exempt,SE 237,1001,9TH ST SE,CEDAR RAPIDS CITY OF,0.0491,,,,,,,,,0,0,0,0,142723500100000,SE 237,Exempt,0,0,0,0,,,,,,,,,
142723501600000,,Exempt,SE 237,1005,9TH ST SE,CEDAR RAPIDS CITY OF,0.0514,,,,,,,,,0,0,0,0,142723501600000,SE 237,Exempt,0,0,0,0,,,,,,,,,
142723800200000,,Exempt,SE 237,1104,8TH ST SE,CEDAR RAPIDS CITY OF,0.2571,,,,,,,,,0,0,0,0,142723800200000,SE 237,Exempt,0,0,0,0,,,,,,,,,
142723800300000,,Exempt,SE 237,1110,8TH ST SE,CEDAR RAPIDS CITY OF,0.1286,,,,,,,,,0,0,0,0,142723800300000,SE 237,Exempt,0,0,0,0,,,,,,,,,
142724100100000,,Exempt,Empty,901,6TH ST SE,CEDAR RAPIDS CITY OF,0.0546,,,,,,,,,0,0,0,0,142724100100000,Empty,Exempt,0,0,0,0,,,,,,,,,
142724100200000,,Exempt,Empty,525,9TH AVE SE,CEDAR RAPIDS CITY OF,0.0418,,,,,,,,,0,0,0,0,142724100200000,Empty,Exempt,0,0,0,0,,,,,,,,,
142724100400000,,Exempt,Empty,911,6TH ST SE,CEDAR RAPIDS CITY OF,0.0964,,,,,,,,,0,0,0,0,142724100400000,Empty,Exempt,0,0,0,0,,,,,,,,,
142724200100000,,Exempt,Empty,0,VACANT LAND SE,CEDAR RAPIDS CITY OF,0.4246,,,,,,,,,0,0,0,0,142724200100000,Empty,Exempt,0,0,0,0,,,,,,,,,
142724200200000,,Exempt,Empty,0,VACANT LAND SE,CEDAR RAPIDS CITY OF,0.0728,,,,,,,,,0,0,0,0,142724200200000,Empty,Exempt,0,0,0,0,142724200200000,HOSPITAL,EXEMPT,0,72900,72900,0,0,72900
142725100100000,,Exempt,SE 237,1105,8TH ST SE,CEDAR RAPIDS CITY OF,0.1157,,,,,,,,,0,0,0,0,142725100100000,SE 237,Exempt,0,0,0,0,,,,,,,,,
142725100200000,,Exempt,SE 237,719,11TH AVE SE,CEDAR RAPIDS CITY OF,0.0771,Single-Family,Salvage,1890,560.0,,,,,0,0,0,0,142725100200000,SE 237,Exempt,0,0,0,0,,,,,,,,,
142725300100000,,Exempt,Empty,927,6TH ST SE,CEDAR RAPIDS CITY OF,0.3857,,,,,,,,,0,0,0,0,142725300100000,Empty,Exempt,0,0,0,0,,,,,,,,,
142725500500000,VACANT LOT,Exempt,COMM SE,0,VACANT LAND SE,CEDAR RAPIDS CITY OF,0.7713,,,,,,,,,0,0,0,0,142725500500000,COMM SE,Exempt,0,0,0,0,,,,,,,,,
142725501200000,,Exempt,SE 237,614,12TH AVE SE,CEDAR RAPIDS CITY OF,0.0826,,,,,,,,,0,0,0,0,142725501200000,SE 237,Exempt,0,0,0,0,,,,,,,,,
142725501300000,VACANT BLDG,Exempt,COMM SE,624,12TH AVE SE,CEDAR RAPIDS CITY OF,0.1102,,,,,Store - Retail Small,1930,813,,0,0,0,0,142725501300000,COMM SE,Exempt,0,0,0,0,142725501300000,RESTAURANT,COMMERCIAL,0,14400,14400,0,64000,78400
142725501400000,,Exempt,SE 237,1123,7TH ST SE,CEDAR RAPIDS CITY OF,0.09,,,,,,,,,0,0,0,0,142725501400000,SE 237,Exempt,0,0,0,0,,,,,,,,,
142725501600000,,Exempt,Empty,1117,7TH ST SE,CEDAR RAPIDS CITY OF,0.0964,,,,,,,,,0,0,0,0,142725501600000,Empty,Exempt,0,0,0,0,,,,,,,,,
142725600300000,CONVERSION,Exempt,Empty,1002,5TH ST SE,CITY OF CEDAR RAPIDS,0.0964,,,,,,,,,0,0,0,0,142725600300000,Empty,Exempt,0,0,0,0,142725600300000,CITY PROPERTY,EXEMPT,0,0,0,0,0,0
142725700100000,VACANT BLDG,Exempt,Empty,629,12TH AVE SE,CEDAR RAPIDS CITY OF,0.0671,,,,,Shop,1931,704,,0,0,0,0,142725700100000,Empty,Exempt,0,0,0,0,142725700100000,RESTAURANT,COMMERCIAL,0,8800,8800,0,30700,39500
142725700200000,,Exempt,Empty,0,VACANT LAND SE,CEDAR RAPIDS CITY OF,0.0408,,,,,,,,,0,0,0,0,142725700200000,Empty,Exempt,0,0,0,0,142725700200000,CITY PROPERTY,EXEMPT,0,0,0,0,0,0
142725700300000,,Exempt,Empty,0,VACANT LAND SE,CITY OF CEDAR RAPIDS,0.8494,,,,,,,,,0,0,0,0,142725700300000,Empty,Exempt,0,0,0,0,142725700300000,CITY PROPERTY,EXEMPT,0,0,0,0,0,0
142725900100000,,Exempt,Empty,400,12TH AVE SE,CEDAR RAPIDS CITY OF,4.8324,,,,,,,,,0,0,0,0,142725900100000,Empty,Exempt,0,0,0,0,,,,,,,,,
142726000800000,,Exempt,Empty,0,VACANT LAND SE,CITY OF CEDAR RAPIDS,1.97,,,,,,,,,0,0,0,0,142726000800000,Empty,Exempt,0,0,0,0,142726000800000,CITY PROPERTY,EXEMPT,0,0,0,0,0,0
142726100300000,,Exempt,SE 237,1231,5TH ST SE,CEDAR RAPIDS CITY OF,0.197,Single-Family,Salvage,1880,964.0,,,,,0,0,0,0,142726100300000,SE 237,Exempt,0,0,0,0,142726100300000,CITY PROPERTY,EXEMPT,0,0,0,0,0,0
142726101400000,,Exempt,Empty,415,12TH AVE SE,CEDAR RAPIDS CITY OF,3.5958,,,,,,,,,0,0,0,0,142726101400000,Empty,Exempt,0,0,0,0,,,,,,,,,
142727700400000,,Exempt,Empty,1248,10TH ST SE,CITY OF CEDAR RAPIDS,0.7713,,,,,,,,,0,0,0,0,142727700400000,Empty,Exempt,0,0,0,0,142727700400000,CITY PROPERTY,EXEMPT,0,0,0,0,0,0
142727700500000,,Exempt,Empty,0,VACANT LAND SE,CITY OF CEDAR RAPIDS,0.8413,,,,,,,,,0,0,0,0,142727700500000,Empty,Exempt,0,0,0,0,142727700500000,CITY PROPERTY,EXEMPT,0,0,0,0,0,0
142727700700000,,Exempt,Empty,0,VACANT LAND SE,CITY OF CEDAR RAPIDS,0.1253,,,,,,,,,0,0,0,0,142727700700000,Empty,Exempt,0,0,0,0,142727700700000,CITY PROPERTY,EXEMPT,0,0,0,0,0,0
142727700800000,,Exempt,Empty,0,VACANT LAND SE,CITY OF CEDAR RAPIDS,4.7,,,,,,,,,0,0,0,0,142727700800000,Empty,Exempt,0,0,0,0,142727700800000,CITY PROPERTY,EXEMPT,0,0,0,0,0,0
142727800100000,BENDER POOL,Exempt,Empty,940,14TH AVE SE,CITY OF CEDAR RAPIDS,1.7355,,,,,,,,,0,0,0,0,142727800100000,Empty,Exempt,0,0,0,0,142727800100000,CITY PROPERTY,EXEMPT,0,0,0,0,0,0
142730500200000,,Exempt,Empty,1800,10TH ST SE,CEDAR RAPIDS CITY OF,6.76,,,,,Metal Shop - Steel Frame,1956,0,,0,0,0,0,142730500200000,Empty,Exempt,0,0,0,0,,,,,,,,,
142732800100000,WAREHOUSE,Commercial,COMM SE,1600,3RD ST SE,CEDAR RAPIDS CITY OF,30.25,,,,,Warehouse,1925,404969,multiple bldgs on this parcel,695250,0,584251,1279501,142732800100000,COMM SE,Commercial,695250,0,584251,1279501,142732800100000,CITY PROPERTY,EXEMPT,0,0,0,0,0,0
142733001900000,,Exempt,Empty,0,VACANT LAND SE,CITY OF CEDAR RAPIDS,0.0663,,,,,,,,,0,0,0,0,142733001900000,Empty,Exempt,0,0,0,0,142733001900000,CITY PROPERTY,EXEMPT,0,0,0,0,0,0
142733100100000,,Exempt,Empty,0,VACANT LAND SE,CITY OF CEDAR RAPIDS,0.121,,,,,,,,,0,0,0,0,142733100100000,Empty,Exempt,0,0,0,0,142733100100000,CITY PROPERTY,EXEMPT,0,0,0,0,0,0
142733100800000,,Exempt,Empty,0,VACANT LAND SE,CITY OF CEDAR RAPIDS,0.1286,,,,,,,,,0,0,0,0,142733100800000,Empty,Exempt,0,0,0,0,142733100800000,CITY PROPERTY,EXEMPT,0,0,0,0,0,0
142733101900000,,Exempt,Empty,0,VACANT LAND SE,CITY OF CEDAR RAPIDS,0.5447,,,,,,,,,0,0,0,0,142733101900000,Empty,Exempt,0,0,0,0,142733101900000,CITY PROPERTY,EXEMPT,0,0,0,0,0,0
142733102000000,,Exempt,Empty,0,VACANT LAND SE,CITY OF CEDAR RAPIDS,5.3019,,,,,,,,,0,0,0,0,142733102000000,Empty,Exempt,0,0,0,0,142733102000000,CITY PROPERTY,EXEMPT,0,0,0,0,0,0
142735100100000,,Exempt,Empty,0,VACANT LAND SW,CITY OF CEDAR RAPIDS,5.3,,,,,,,,,0,0,0,0,142735100100000,Empty,Exempt,0,0,0,0,142735100100000,CITY PROPERTY,EXEMPT,0,0,0,0,0,0
142737600100000,,Exempt,Empty,2216,A ST SW,CITY OF CEDAR RAPIDS,0.35,,,,,,,,,0,0,0,0,142737600100000,Empty,Exempt,0,0,0,0,142737600100000,CITY PROPERTY,EXEMPT,0,0,0,0,0,0
142810500400000,,Exempt,Empty,0,VACANT LAND SE,CITY OF CEDAR RAPIDS,0.0275,,,,,,,,,0,0,0,0,142810500400000,Empty,Exempt,0,0,0,0,142810500400000,CITY PROPERTY,EXEMPT,0,0,0,0,0,0
142810501100000,,Exempt,Empty,0,VACANT LAND SE,CEDAR RAPIDS CITY OF,,,,,,,,,,0,0,0,0,142810501100000,Empty,Exempt,0,0,0,0,142810501100000,CITY PROPERTY,EXEMPT,0,0,0,0,0,0
142811400900000,,Exempt,Empty,0,VACANT LAND SE,CEDAR RAPIDS CITY OF,0.0206,,,,,,,,,0,0,0,0,142811400900000,Empty,Exempt,0,0,0,0,,,,,,,,,
142812700600000,,Exempt,Empty,0,VACANT LAND SE,CITY OF CEDAR RAPIDS,0.8485,,,,,,,,,0,0,0,0,142812700600000,Empty,Exempt,0,0,0,0,142812700600000,CITY PROPERTY,EXEMPT,0,0,0,0,0,0
142812900100000,,Exempt,Empty,349,4TH AVE SE,CITY OF CEDAR RAPIDS,0.9,,,,,,,,,0,0,0,0,142812900100000,Empty,Exempt,0,0,0,0,142812900100000,CITY PROPERTY,EXEMPT,0,0,0,0,0,0
142813100102000,,Exempt,Empty,305,2ND ST SE,CITY OF CEDAR RAPIDS,,,,,,,,,,0,0,0,0,142813100102000,Empty,Exempt,0,0,0,0,142813100102000,THEATER,EXEMPT,0,0,0,0,0,0
142813100700000,,Exempt,Empty,126,4TH AVE SE,CEDAR RAPIDS CITY OF,0.1928,,,,,,,,,0,0,0,0,142813100700000,Empty,Exempt,0,0,0,0,,,,,,,,,
142813100800000,,Exempt,Empty,321,2ND ST SE,CITY OF CEDAR RAPIDS,0.0964,,,,,,,,,0,0,0,0,142813100800000,Empty,Exempt,0,0,0,0,,,,,,,,,
142813100904000,,Exempt,Empty,0,VACANT LAND SE,CITY OF CEDAR RAPIDS,,,,,,,,,,0,0,0,0,142813100904000,Empty,Exempt,0,0,0,0,,,,,,,,,
142813300400000,,Exempt,Empty,201,4TH AVE SE,CITY OF CEDAR RAPIDS,0.8264,,,,,,,,,0,0,0,0,142813300400000,Empty,Exempt,0,0,0,0,142813300400000,CITY PROPERTY,EXEMPT,0,0,0,0,0,0
142813300500000,,Exempt,Empty,145,4TH AVE SE,CITY OF CEDAR RAPIDS,3.8051,,,,,,,,,0,0,0,0,142813300500000,Empty,Exempt,0,0,0,0,142813300500000,CITY PROPERTY,EXEMPT,0,0,0,0,0,0
142813500100000,,Exempt,Empty,500,1ST ST SE,CITY OF CEDAR RAPIDS,2.0661,,,,,,,,,0,0,0,0,142813500100000,Empty,Exempt,0,0,0,0,,,,,,,,,
142813600500000,,Exempt,Empty,0,VACANT LAND SE,CEDAR RAPIDS CITY OF,0.0761,,,,,,,,,0,0,0,0,142813600500000,Empty,Exempt,0,0,0,0,142813600500000,OFFICE; CTRL CR,COMMERCIAL,0,31400,31400,0,262700,294100
142813600600000,,Exempt,Empty,427,1ST ST SE,CEDAR RAPIDS CITY OF,0.3415,,,,,,,,,0,0,0,0,142813600600000,Empty,Exempt,0,0,0,0,142813600600000,OFFICE; CTRL CR,COMMERCIAL,0,148800,148800,0,51100,199900
142815200100000,PARKING,Exempt,Empty,601,2ND ST SE,CEDAR RAPIDS CITY OF,0.964,,,,,,,,,0,0,0,0,142815200100000,Empty,Exempt,0,0,0,0,,,,,,,,,
142815300100000,,Exempt,Empty,0,VACANT LAND SE,CEDAR RAPIDS CITY OF,0.11,,,,,,,,,0,0,0,0,142815300100000,Empty,Exempt,0,0,0,0,142815300100000,CITY PROPERTY,EXEMPT,0,0,0,0,0,0
142815300300000,,Exempt,Empty,0,VACANT LAND SE,CEDAR RAPIDS CITY OF,0.18,,,,,,,,,0,0,0,0,142815300300000,Empty,Exempt,0,0,0,0,142815300300000,CITY PROPERTY,EXEMPT,0,0,0,0,0,0
142815400100000,VACANT LAND,Exempt,Empty,720,1ST ST SE,CEDAR RAPIDS CITY OF,2.0661,,,,,,,,,0,0,0,0,142815400100000,Empty,Exempt,0,0,0,0,,,,,,,,,
142815500100000,,Exempt,Empty,0,VACANT LAND SE,CEDAR RAPIDS CITY OF,,,,,,,,,,0,0,0,0,142815500100000,Empty,Exempt,0,0,0,0,,,,,,,,,
142815600100000,,Exempt,Empty,105,8TH AVE SE,CEDAR RAPIDS CITY OF,0.5785,,,,,,,,,0,0,0,0,142815600100000,Empty,Exempt,0,0,0,0,142815600100000,CITY PROPERTY,EXEMPT,0,0,0,0,0,0
142815600300000,,Exempt,Empty,0,VACANT LAND SE,CITY OF CEDAR RAPIDS,1.1019,,,,,,,,,0,0,0,0,142815600300000,Empty,Exempt,0,0,0,0,142815600300000,CITY PROPERTY,EXEMPT,0,0,0,0,0,0
142815700100000,,Exempt,Empty,0,VACANT LAND SE,CITY OF CEDAR RAPIDS,0.8329,,,,,,,,,0,0,0,0,142815700100000,Empty,Exempt,0,0,0,0,142815700100000,CITY PROPERTY,EXEMPT,0,0,0,0,0,0
142815800200000,,Exempt,Empty,40,8TH AVE SW,CEDAR RAPIDS CITY OF,0.7314,,,,,,,,,0,0,0,0,142815800200000,Empty,Exempt,0,0,0,0,,,,,,,,,
142818700100000,,Exempt,Empty,327,11TH AVE SE,CEDAR RAPIDS CITY OF,1.171,,,,,Metal Warehouse - Steel Frame,1974,20800,,0,0,0,0,142818700100000,Empty,Exempt,0,0,0,0,,,,,,,,,
142818700200000,,Exempt,Empty,0,VACANT LAND SE,CEDAR RAPIDS CITY OF,0.138,,,,,,,,,0,0,0,0,142818700200000,Empty,Exempt,0,0,0,0,,,,,,,,,
142818700300000,VACANT HEINZ COMPANY,Exempt,Empty,309,11TH AVE SE,CEDAR RAPIDS CITY OF,0.193,,,,,Office - General,1923,5640,,0,0,0,0,142818700300000,Empty,Exempt,0,0,0,0,,,,,,,,,
142818700400000,VACANT HEINZ COMPANY,Exempt,Empty,1114,3RD ST SE,CEDAR RAPIDS CITY OF,0.386,,,,,Manufacturing,1920,0,,0,0,0,0,142818700400000,Empty,Exempt,0,0,0,0,,,,,,,,,
142818700500000,VACANT HEINZ COMPANY,Exempt,Empty,1120,3RD ST SE,CEDAR RAPIDS CITY OF,0.193,,,,,Office - General,1968,8011,,0,0,0,0,142818700500000,Empty,Exempt,0,0,0,0,,,,,,,,,
142818700600000,HEINZ COMPANY(FENCE/PAVING),Exempt,Empty,0,VACANT LAND SE,CEDAR RAPIDS CITY OF,0.145,,,,,,,,,0,0,0,0,142818700600000,Empty,Exempt,0,0,0,0,,,,,,,,,
142818700700000,HEINZ COMPANY(FENCE/PAVING),Exempt,Empty,0,VACANT LAND SE,CEDAR RAPIDS CITY OF,0.048,,,,,,,,,0,0,0,0,142818700700000,Empty,Exempt,0,0,0,0,,,,,,,,,
142818800800000,,Exempt,Empty,208,11TH AVE SE,CEDAR RAPIDS CITY OF,0.1074,Single-Family,1 Story Frame,2006,1047.0,,,,,0,0,0,0,142818800800000,Empty,Exempt,0,0,0,0,,,,,,,,,
142820400100000,,Exempt,Empty,0,VACANT LAND SE,CITY OF CEDAR RAPIDS,2.4,,,,,,,,,0,0,0,0,142820400100000,Empty,Exempt,0,0,0,0,142820400100000,CITY PROPERTY,EXEMPT,0,0,0,0,0,0
142820500100000,,Exempt,Empty,0,VACANT LAND SE,CITY OF CEDAR RAPIDS,0.8815,,,,,,,,,0,0,0,0,142820500100000,Empty,Exempt,0,0,0,0,,,,,,,,,
142820900100000,,Exempt,Empty,0,VACANT LAND SE,CITY OF CEDAR RAPIDS,0.9298,,,,,,,,,0,0,0,0,142820900100000,Empty,Exempt,0,0,0,0,142820900100000,CITY PROPERTY,EXEMPT,0,0,0,0,0,0
142822600100000,,Exempt,Empty,0,VACANT LAND NW,CITY OF CEDAR RAPIDS,0.3803,,,,,,,,,0,0,0,0,142822600100000,Empty,Exempt,0,0,0,0,142822600100000,CITY PROPERTY,EXEMPT,0,0,0,0,0,0
142822700100000,,Exempt,Empty,0,VACANT LAND NW,CITY OF CEDAR RAPIDS,0.6683,,,,,,,,,0,0,0,0,142822700100000,Empty,Exempt,0,0,0,0,142822700100000,CITY PROPERTY,EXEMPT,0,0,0,0,0,0
142823000100000,,Exempt,Empty,0,VACANT LAND SW,CITY OF CEDAR RAPIDS,1.7906,,,,,,,,,0,0,0,0,142823000100000,Empty,Exempt,0,0,0,0,142823000100000,CITY PROPERTY,EXEMPT,0,0,0,0,0,0
142823400300000,,Exempt,Empty,0,VACANT LAND SW,CITY OF CEDAR RAPIDS,0.3046,,,,,,,,,0,0,0,0,142823400300000,Empty,Exempt,0,0,0,0,142823400300000,CITY PROPERTY,EXEMPT,0,0,0,0,0,0
142827600100000,,Exempt,Empty,519,H ST SW,CEDAR RAPIDS CITY OF,0.2679,,,,,,,,,0,0,0,0,142827600100000,Empty,Exempt,0,0,0,0,,,,,,,,,
142827600200000,,Exempt,Empty,0,VACANT LAND SW,CITY OF CEDAR RAPIDS,0.3857,,,,,,,,,0,0,0,0,142827600200000,Empty,Exempt,0,0,0,0,,,,,,,,,
142827600300000,,Exempt,Empty,0,VACANT LAND SW,CITY OF CEDAR RAPIDS,3.6313,,,,,,,,,0,0,0,0,142827600300000,Empty,Exempt,0,0,0,0,,,,,,,,,
142827600400000,,Exempt,Empty,505,1ST ST SW,CITY OF CEDAR RAPIDS,3.9159,,,,,,,,,0,0,0,0,142827600400000,Empty,Exempt,0,0,0,0,,,,,,,,,
142827900200000,,Exempt,Empty,529,H ST SW,CEDAR RAPIDS CITY OF,0.3347,,,,,,,,,0,0,0,0,142827900200000,Empty,Exempt,0,0,0,0,142827900200000,CITY PROPERTY,EXEMPT,0,0,0,0,0,0
142828200100000,,Exempt,Empty,0,VACANT LAND SW,CITY OF CEDAR RAPIDS,0.8609,,,,,,,,,0,0,0,0,142828200100000,Empty,Exempt,0,0,0,0,142828200100000,CITY PROPERTY,EXEMPT,0,0,0,0,0,0
142828400100000,,Exempt,Empty,600,2ND ST SW,CEDAR RAPIDS CITY OF,0.2527,,,,,,,,,0,0,0,0,142828400100000,Empty,Exempt,0,0,0,0,,,,,,,,,
142830100200000,VACANT LOT,Exempt,Empty,727,1ST ST SW,CEDAR RAPIDS CITY OF,0.0937,,,,,,,,,0,0,0,0,142830100200000,Empty,Exempt,0,0,0,0,142830100200000,CITY PROPERTY,EXEMPT,0,0,0,0,0,0
142835300400000,,Exempt,Empty,940,4TH ST SW,CITY OF CEDAR RAPIDS,10.6215,,,,,,,,,0,0,0,0,142835300400000,Empty,Exempt,0,0,0,0,,,,,,,,,
142835300500000,,Exempt,Empty,0,VACANT LAND SW,CITY OF CEDAR RAPIDS,0.4194,,,,,,,,,0,0,0,0,142835300500000,Empty,Exempt,0,0,0,0,,,,,,,,,
142835300600000,,Exempt,Empty,0,VACANT LAND SW,CEDAR RAPIDS CITY OF,3.2088,,,,,,,,,0,0,0,0,142835300600000,Empty,Exempt,0,0,0,0,,,,,,,,,
142835300700000,,Exempt,Empty,0,VACANT LAND SW,CITY OF CEDAR RAPIDS,0.9983,,,,,,,,,0,0,0,0,142835300700000,Empty,Exempt,0,0,0,0,,,,,,,,,
142840300100000,,Exempt,Empty,1001,2ND ST SE,CEDAR RAPIDS CITY OF,9.713,,,,,,,,,0,0,0,0,142840300100000,Empty,Exempt,0,0,0,0,142840300100000,CITY PROPERTY,EXEMPT,0,0,0,0,0,0
142840600100000,,Exempt,Empty,0,VACANT LAND SE,CITY OF CEDAR RAPIDS,0.1928,,,,,,,,,0,0,0,0,142840600100000,Empty,Exempt,0,0,0,0,142840600100000,CITY PROPERTY,EXEMPT,0,0,0,0,0,0
142840600200000,AFRICAN AMERICAN HISTORICAL MU,Exempt,COMM SE,55,12TH AVE SE,CEDAR RAPIDS CITY OF,0.8867,,,,,Fraternal Building,2002,14800,,166860,0,917487,1084347,142840600200000,COMM SE,Exempt,166860,0,917487,1084347,142840600200000,CITY PROPERTY,EXEMPT,0,0,0,0,0,0
142840600300000,,Exempt,Empty,1217,1ST ST SE,CITY OF CEDAR RAPIDS,0.3022,,,,,,,,,0,0,0,0,142840600300000,Empty,Exempt,0,0,0,0,142840600300000,CITY PROPERTY,EXEMPT,0,0,0,0,0,0
142840600400000,VACANT BLDG,Exempt,COMM SE,1221,1ST ST SE,CEDAR RAPIDS CITY OF,0.2324,,,,,Warehouse,1974,3870,,0,0,0,0,142840600400000,COMM SE,Exempt,0,0,0,0,142840600400000,CITY PROPERTY,EXEMPT,0,0,0,0,0,0
142840600500000,WAREHOUSE,Exempt,Empty,1229,1ST ST SE,CEDAR RAPIDS CITY OF,0.2961,,,,,Warehouse,1967,2572,,0,0,0,0,142840600500000,Empty,Exempt,0,0,0,0,142840600500000,CITY PROPERTY,EXEMPT,0,0,0,0,0,0
142840600600000,,Exempt,SE 237,1233,1ST ST SE,CEDAR RAPIDS CITY OF,0.1591,Single-Family,Salvage,1900,568.0,,,,,0,0,0,0,142840600600000,SE 237,Exempt,0,0,0,0,142840600600000,CITY PROPERTY,EXEMPT,0,0,0,0,0,0
142840600700000,,Exempt,Empty,1325,1ST ST SE,CITY OF CEDAR RAPIDS,1.2253,,,,,,,,,0,0,0,0,142840600700000,Empty,Exempt,0,0,0,0,142840600700000,CITY PROPERTY,EXEMPT,0,0,0,0,0,0
142840700100000,,Exempt,Empty,0,VACANT LAND SE,CITY OF CEDAR RAPIDS,0.5929,,,,,,,,,0,0,0,0,142840700100000,Empty,Exempt,0,0,0,0,142840700100000,CITY PROPERTY,EXEMPT,0,0,0,0,0,0
142840700300000,,Exempt,Empty,0,VACANT LAND SE,CITY OF CEDAR RAPIDS,0.0429,,,,,,,,,0,0,0,0,142840700300000,Empty,Exempt,0,0,0,0,142840700300000,CITY PROPERTY,EXEMPT,0,0,0,0,0,0
142845100100000,,Exempt,Empty,1115,C ST SW,CITY OF CEDAR RAPIDS,14.2393,,,,,,,,,0,0,0,0,142845100100000,Empty,Exempt,0,0,0,0,,,,,,,,,
142845600100000,,Exempt,Empty,0,VACANT LAND SW,CITY OF CEDAR RAPIDS,1.2626,,,,,,,,,0,0,0,0,142845600100000,Empty,Exempt,0,0,0,0,,,,,,,,,
142845900100000,,Exempt,Empty,1500,C ST SW,CITY OF CEDAR RAPIDS,0.2158,,,,,,,,,0,0,0,0,142845900100000,Empty,Exempt,0,0,0,0,142845900100000,CITY PROPERTY,EXEMPT,0,0,0,0,0,0
142845900200000,,Exempt,Empty,0,VACANT LAND SW,CITY OF CEDAR RAPIDS,0.7805,,,,,,,,,0,0,0,0,142845900200000,Empty,Exempt,0,0,0,0,142845900200000,CITY PROPERTY,EXEMPT,0,0,0,0,0,0
142845900300000,,Exempt,Empty,1416,C ST SW,CITY OF CEDAR RAPIDS,0.2296,,,,,,,,,0,0,0,0,142845900300000,Empty,Exempt,0,0,0,0,142845900300000,CITY PROPERTY,EXEMPT,0,0,0,0,0,0
142845901100000,,Exempt,Empty,0,VACANT LAND SW,CITY OF CEDAR RAPIDS,0.6709,,,,,,,,,0,0,0,0,142845901100000,Empty,Exempt,0,0,0,0,142845901100000,CITY PROPERTY,EXEMPT,0,0,0,0,0,0
142845901200000,,Exempt,Empty,0,VACANT LAND SW,CITY OF CEDAR RAPIDS,0.2681,,,,,,,,,0,0,0,0,142845901200000,Empty,Exempt,0,0,0,0,142845901200000,CITY PROPERTY,EXEMPT,0,0,0,0,0,0
142845901300000,,Exempt,Empty,120,16TH AVE SW,CITY OF CEDAR RAPIDS,0.1882,,,,,,,,,0,0,0,0,142845901300000,Empty,Exempt,0,0,0,0,142845901300000,CITY PROPERTY,EXEMPT,0,0,0,0,0,0
142847600100000,,Exempt,Empty,1805,A ST SW,CITY OF CEDAR RAPIDS,2.8,,,,,Warehouse,1960,15400,,0,0,0,0,142847600100000,Empty,Exempt,0,0,0,0,,,,,,,,,
142847600200000,,Exempt,Empty,1605,A ST SW,CITY OF CEDAR RAPIDS,0.7493,,,,,,,,,0,0,0,0,142847600200000,Empty,Exempt,0,0,0,0,,,,,,,,,
142847700200000,CZECH SLAVACH NATIONAL MUSEUM,Exempt,COMM SW,30,16TH AVE SW,CEDAR RAPIDS CITY OF,0.77,,,,,Library,1995,16593,,207900,0,1754115,1962015,142847700200000,COMM SW,Exempt,207900,0,1754115,1962015,,,,,,,,,
142847700300000,PATIO/CLOCK TOWER,Exempt,COMM SW,28,16TH AVE SW,CEDAR RAPIDS CITY OF,0.321,,,,,,,,,0,0,0,0,142847700300000,COMM SW,Exempt,0,0,0,0,,,,,,,,,
142847800100000,,Exempt,Empty,0,VACANT LAND SW,CITY OF CEDAR RAPIDS,0.1338,,,,,,,,,0,0,0,0,142847800100000,Empty,Exempt,0,0,0,0,,,,,,,,,
142847800200000,,Exempt,Empty,0,VACANT LAND SW,CITY OF CEDAR RAPIDS,0.0958,,,,,,,,,0,0,0,0,142847800200000,Empty,Exempt,0,0,0,0,,,,,,,,,
142847800400000,,Exempt,Empty,0,VACANT LAND SW,CITY OF CEDAR RAPIDS,0.1268,,,,,,,,,0,0,0,0,142847800400000,Empty,Exempt,0,0,0,0,,,,,,,,,
142847800800000,,Exempt,Empty,0,VACANT LAND SW,CITY OF CEDAR RAPIDS,0.2697,,,,,,,,,0,0,0,0,142847800800000,Empty,Exempt,0,0,0,0,,,,,,,,,
142847801000000,,Exempt,Empty,0,VACANT LAND SW,CITY OF CEDAR RAPIDS,0.1194,,,,,,,,,0,0,0,0,142847801000000,Empty,Exempt,0,0,0,0,142847801000000,CITY PROPERTY,EXEMPT,0,0,0,0,0,0
142847901800000,,Exempt,Empty,0,VACANT LAND SW,CITY OF CEDAR RAPIDS,0.1148,,,,,,,,,0,0,0,0,142847901800000,Empty,Exempt,0,0,0,0,142847901800000,CITY PROPERTY,EXEMPT,0,0,0,0,0,0
142847901900000,,Exempt,Empty,0,VACANT LAND SW,CITY OF CEDAR RAPIDS,0.1721,,,,,,,,,0,0,0,0,142847901900000,Empty,Exempt,0,0,0,0,142847901900000,CITY PROPERTY,EXEMPT,0,0,0,0,0,0
142847902000000,,Exempt,Empty,0,VACANT LAND SW,CITY OF CEDAR RAPIDS,0.0574,,,,,,,,,0,0,0,0,142847902000000,Empty,Exempt,0,0,0,0,142847902000000,CITY PROPERTY,EXEMPT,0,0,0,0,0,0
142847902100000,,Exempt,Empty,0,VACANT LAND SW,CITY OF CEDAR RAPIDS,0.1148,,,,,,,,,0,0,0,0,142847902100000,Empty,Exempt,0,0,0,0,142847902100000,CITY PROPERTY,EXEMPT,0,0,0,0,0,0
142847902200000,,Exempt,Empty,0,VACANT LAND SW,CITY OF CEDAR RAPIDS,0.0688,,,,,,,,,0,0,0,0,142847902200000,Empty,Exempt,0,0,0,0,142847902200000,CITY PROPERTY,EXEMPT,0,0,0,0,0,0
142847902300000,,Exempt,Empty,0,VACANT LAND SW,CITY OF CEDAR RAPIDS,0.0688,,,,,,,,,0,0,0,0,142847902300000,Empty,Exempt,0,0,0,0,142847902300000,CITY PROPERTY,EXEMPT,0,0,0,0,0,0
142847902400000,,Exempt,Empty,0,VACANT LAND SW,CITY OF CEDAR RAPIDS,0.0918,,,,,,,,,0,0,0,0,142847902400000,Empty,Exempt,0,0,0,0,142847902400000,CITY PROPERTY,EXEMPT,0,0,0,0,0,0
142848000100000,,Exempt,Empty,0,VACANT LAND SW,CITY OF CEDAR RAPIDS,0.0781,,,,,,,,,0,0,0,0,142848000100000,Empty,Exempt,0,0,0,0,142848000100000,CITY PROPERTY,EXEMPT,0,0,0,0,0,0
142848000200000,,Exempt,Empty,0,VACANT LAND SW,CITY OF CEDAR RAPIDS,0.1148,,,,,,,,,0,0,0,0,142848000200000,Empty,Exempt,0,0,0,0,142848000200000,CITY PROPERTY,EXEMPT,0,0,0,0,0,0
142848000300000,,Exempt,Empty,0,VACANT LAND SW,CITY OF CEDAR RAPIDS,0.1148,,,,,,,,,0,0,0,0,142848000300000,Empty,Exempt,0,0,0,0,142848000300000,CITY PROPERTY,EXEMPT,0,0,0,0,0,0
142848000400000,,Exempt,Empty,0,VACANT LAND SW,CITY OF CEDAR RAPIDS,0.1147,,,,,,,,,0,0,0,0,142848000400000,Empty,Exempt,0,0,0,0,142848000400000,CITY PROPERTY,EXEMPT,0,0,0,0,0,0
142848000600000,,Exempt,Empty,0,VACANT LAND SW,CITY OF CEDAR RAPIDS,0.0229,,,,,,,,,0,0,0,0,142848000600000,Empty,Exempt,0,0,0,0,142848000600000,CITY PROPERTY,EXEMPT,0,0,0,0,0,0
142848000900000,,Exempt,Empty,0,VACANT LAND SW,CITY OF CEDAR RAPIDS,0.184,,,,,,,,,0,0,0,0,142848000900000,Empty,Exempt,0,0,0,0,142848000900000,CITY PROPERTY,EXEMPT,0,0,0,0,0,0
142848100100000,,Exempt,Empty,0,VACANT LAND SW,CITY OF CEDAR RAPIDS,0.2066,,,,,,,,,0,0,0,0,142848100100000,Empty,Exempt,0,0,0,0,,,,,,,,,
142848100200000,,Exempt,Empty,0,VACANT LAND SW,CITY OF CEDAR RAPIDS,0.1148,,,,,,,,,0,0,0,0,142848100200000,Empty,Exempt,0,0,0,0,,,,,,,,,
142848300100000,,Exempt,Empty,0,VACANT LAND SW,CITY OF CEDAR RAPIDS,0.1022,,,,,,,,,0,0,0,0,142848300100000,Empty,Exempt,0,0,0,0,142848300100000,CITY PROPERTY,EXEMPT,0,0,0,0,0,0
142848700500000,,Exempt,Empty,0,VACANT LAND SW,CITY OF CEDAR RAPIDS,0.2101,,,,,,,,,0,0,0,0,142848700500000,Empty,Exempt,0,0,0,0,,,,,,,,,
142910300100000,,Exempt,Empty,423,5TH ST NW,CITY OF CEDAR RAPIDS,0.0901,,,,,,,,,0,0,0,0,142910300100000,Empty,Exempt,0,0,0,0,,,,,,,,,
142910600100000,,Exempt,Empty,222,3RD ST NW,CITY OF CEDAR RAPIDS,2.2361,,,,,,,,,0,0,0,0,142910600100000,Empty,Exempt,0,0,0,0,142910600100000,CITY PROPERTY,EXEMPT,0,0,0,0,0,0
142910800500000,VACANT LOT,Exempt,Empty,0,VACANT LAND NW,CEDAR RAPIDS CITY OF,0.4,,,,,,,,,0,0,0,0,142910800500000,Empty,Exempt,0,0,0,0,142910800500000,CITY PROPERTY,EXEMPT,0,0,0,0,0,0
142910900100000,VACANT LOT,Exempt,Empty,0,VACANT LAND NW,CEDAR RAPIDS CITY OF,0.038,,,,,,,,,0,0,0,0,142910900100000,Empty,Exempt,0,0,0,0,142910900100000,CITY PROPERTY,EXEMPT,0,0,0,0,0,0
142910900200000,VACANT LOT,Exempt,Empty,616,C AVE NW,CEDAR RAPIDS CITY OF,0.1286,,,,,,,,,0,0,0,0,142910900200000,Empty,Exempt,0,0,0,0,142910900200000,CITY PROPERTY,EXEMPT,0,0,0,0,0,0
142910900300000,VACANT LOT,Exempt,Empty,0,VACANT LAND NW,CEDAR RAPIDS CITY OF,0.165,,,,,,,,,0,0,0,0,142910900300000,Empty,Exempt,0,0,0,0,142910900300000,CITY PROPERTY,EXEMPT,0,0,0,0,0,0
142911001500000,,Exempt,Empty,0,VACANT LAND NW,CITY OF CEDAR RAPIDS,0.0098,,,,,,,,,0,0,0,0,142911001500000,Empty,Exempt,0,0,0,0,142911001500000,CITY PROPERTY,EXEMPT,0,0,0,0,0,0
142913000800000,,Exempt,NW 311,620,C AVE NW,CEDAR RAPIDS CITY OF,0.1952,,,,,,,,,0,0,0,0,142913000800000,NW 311,Exempt,0,0,0,0,142913000800000,CITY PROPERTY,EXEMPT,0,0,0,0,0,0
142913101600000,PAVING AND FENCING,Exempt,Empty,0,VACANT LAND NW,CEDAR RAPIDS CITY OF,0.129,,,,,,,,,0,0,0,0,142913101600000,Empty,Exempt,0,0,0,0,142913101600000,CITY PROPERTY,EXEMPT,0,0,0,0,0,0
142913101700000,PAVING ONLY,Exempt,Empty,0,VACANT LAND NW,CEDAR RAPIDS CITY OF,0.129,,,,,,,,,0,0,0,0,142913101700000,Empty,Exempt,0,0,0,0,142913101700000,CITY PROPERTY,EXEMPT,0,0,0,0,0,0
142915500100000,,Exempt,Empty,0,VACANT LAND NW,CITY OF CEDAR RAPIDS,0.2346,,,,,,,,,0,0,0,0,142915500100000,Empty,Exempt,0,0,0,0,142915500100000,CITY PROPERTY,EXEMPT,0,0,0,0,0,0
142918900800000,,Exempt,Empty,843,3RD AVE SW,CITY OF CEDAR RAPIDS,0.0575,,,,,,,,,0,0,0,0,142918900800000,Empty,Exempt,0,0,0,0,142918900800000,CITY PROPERTY,EXEMPT,0,0,0,0,0,0
142920300400000,,Exempt,Empty,1113,C AVE NW,CEDAR RAPIDS CITY OF,0.1321,,,,,,,,,0,0,0,0,142920300400000,Empty,Exempt,0,0,0,0,142920300400000,CITY PROPERTY,EXEMPT,0,0,0,0,0,0
142920300500000,,Exempt,Empty,0,VACANT LAND NW,CITY OF CEDAR RAPIDS,0.132,,,,,,,,,0,0,0,0,142920300500000,Empty,Exempt,0,0,0,0,142920300500000,CITY PROPERTY,EXEMPT,0,0,0,0,0,0
142920300600000,,Exempt,Empty,1123,C AVE NW,CITY OF CEDAR RAPIDS,0.132,,,,,,,,,0,0,0,0,142920300600000,Empty,Exempt,0,0,0,0,142920300600000,CITY PROPERTY,EXEMPT,0,0,0,0,0,0
142922602200000,,Exempt,Empty,0,VACANT LAND NW,CITY OF CEDAR RAPIDS,0.221,,,,,,,,,0,0,0,0,142922602200000,Empty,Exempt,0,0,0,0,142922602200000,CITY PROPERTY,EXEMPT,0,0,0,0,0,0
142925600100000,,Exempt,Empty,0,VACANT LAND NW,CITY OF CEDAR RAPIDS,0.0839,,,,,,,,,0,0,0,0,142925600100000,Empty,Exempt,0,0,0,0,142925600100000,CITY PROPERTY,EXEMPT,0,0,0,0,0,0
142928500300000,,Exempt,Empty,0,VACANT LAND NW,CITY OF CEDAR RAPIDS,0.1269,,,,,,,,,0,0,0,0,142928500300000,Empty,Exempt,0,0,0,0,142928500300000,CITY PROPERTY,EXEMPT,0,0,0,0,0,0
142930600100000,,Exempt,Empty,950,ROCKFORD RD SW,CITY OF CEDAR RAPIDS,20.0032,,,,,,,,,0,0,0,0,142930600100000,Empty,Exempt,0,0,0,0,142930600100000,CITY PROPERTY,EXEMPT,0,0,0,0,0,0
142932600100000,,Exempt,Empty,0,VACANT LAND SW,CITY OF CEDAR RAPIDS,8.6736,,,,,,,,,0,0,0,0,142932600100000,Empty,Exempt,0,0,0,0,142932600100000,CITY PROPERTY,EXEMPT,0,0,0,0,0,0
142937600100000,,Exempt,Empty,1100,ROCKFORD RD SW,CITY OF CEDAR RAPIDS,6.7615,,,,,,,,,0,0,0,0,142937600100000,Empty,Exempt,0,0,0,0,142937600100000,CITY PROPERTY,EXEMPT,0,0,0,0,0,0
142937600300000,,Exempt,Empty,0,VACANT LAND SW,CITY OF CEDAR RAPIDS,1.1231,,,,,,,,,0,0,0,0,142937600300000,Empty,Exempt,0,0,0,0,142937600300000,CITY PROPERTY,EXEMPT,0,0,0,0,0,0
142940100200000,,Exempt,Empty,0,VACANT LAND SW,CITY OF CEDAR RAPIDS,1.6013,,,,,,,,,0,0,0,0,142940100200000,Empty,Exempt,0,0,0,0,142940100200000,CITY PROPERTY,EXEMPT,0,0,0,0,0,0
142945200100000,,Exempt,Empty,1010,10TH AVE SW,CEDAR RAPIDS CITY OF,0.4154,,,,,,,,,0,0,0,0,142945200100000,Empty,Exempt,0,0,0,0,142945200100000,CITY PROPERTY,EXEMPT,0,0,0,0,0,0
142948301200000,,Exempt,Empty,0,VACANT LAND SW,CITY OF CEDAR RAPIDS,0.0689,,,,,,,,,0,0,0,0,142948301200000,Empty,Exempt,0,0,0,0,142948301200000,CITY PROPERTY,EXEMPT,0,0,0,0,0,0
143013000300000,,Exempt,Empty,0,VACANT LAND SW,CITY OF CEDAR RAPIDS,0.3902,,,,,,,,,0,0,0,0,143013000300000,Empty,Exempt,0,0,0,0,143013000300000,CITY PROPERTY,EXEMPT,0,0,0,0,0,0
143020300100000,,Exempt,Empty,0,VACANT LAND NW,CITY OF CEDAR RAPIDS,5.7,,,,,,,,,0,0,0,0,143020300100000,Empty,Exempt,0,0,0,0,143020300100000,CITY PROPERTY,EXEMPT,0,0,0,0,0,0
143020400200000,,Exempt,Empty,0,VACANT LAND NW,CITY OF CEDAR RAPIDS,2.43,,,,,,,,,0,0,0,0,143020400200000,Empty,Exempt,0,0,0,0,143020400200000,CITY PROPERTY,EXEMPT,0,0,0,0,0,0
143020400300000,,Exempt,Empty,0,VACANT LAND NW,CITY OF CEDAR RAPIDS,2.0,,,,,,,,,0,0,0,0,143020400300000,Empty,Exempt,0,0,0,0,143020400300000,CITY PROPERTY,EXEMPT,0,0,0,0,0,0
143030101000000,,Exempt,Empty,0,VACANT LAND NW,CITY OF CEDAR RAPIDS,0.1384,,,,,,,,,0,0,0,0,143030101000000,Empty,Exempt,0,0,0,0,143030101000000,CITY PROPERTY,EXEMPT,0,0,0,0,0,0
143037700100000,,Exempt,Empty,0,CITY SIDEWALK SW,CITY OF CEDAR RAPIDS,0.1,,,,,,,,,0,0,0,0,143037700100000,Empty,Exempt,0,0,0,0,143037700100000,CITY PROPERTY,EXEMPT,0,0,0,0,0,0
143040600100000,,Exempt,Empty,0,VACANT LAND SW,CITY OF CEDAR RAPIDS,0.1233,,,,,,,,,0,0,0,0,143040600100000,Empty,Exempt,0,0,0,0,143040600100000,CITY PROPERTY,EXEMPT,0,0,0,0,0,0
143045202500000,,Exempt,Empty,0,VACANT LAND SW,CITY OF CEDAR RAPIDS,0.2161,,,,,,,,,0,0,0,0,143045202500000,Empty,Exempt,0,0,0,0,143045202500000,CITY PROPERTY,EXEMPT,0,0,0,0,0,0
143045202600000,,Exempt,Empty,0,VACANT LAND SW,CITY OF CEDAR RAPIDS,2.2789,,,,,,,,,0,0,0,0,143045202600000,Empty,Exempt,0,0,0,0,143045202600000,CITY PROPERTY,EXEMPT,0,0,0,0,0,0
143115202900000,,Exempt,Empty,0,VACANT LAND SW,CEDAR RAPIDS CITY OF,1.65,,,,,,,,,0,0,0,0,143115202900000,Empty,Exempt,0,0,0,0,143115202900000,CITY PROPERTY,EXEMPT,0,0,0,0,0,0
143117604900000,,Exempt,Empty,0,VACANT LAND SW,CEDAR RAPIDS CITY OF,1.35,,,,,,,,,0,0,0,0,143117604900000,Empty,Exempt,0,0,0,0,143117604900000,CITY PROPERTY,EXEMPT,0,0,0,0,0,0
143117605000000,,Exempt,Empty,0,VACANT LAND SW,CEDAR RAPIDS CITY OF,1.08,,,,,,,,,0,0,0,0,143117605000000,Empty,Exempt,0,0,0,0,143117605000000,CITY PROPERTY,EXEMPT,0,0,0,0,0,0
143117605700000,,Exempt,SW 420,0,VACANT LAND SW,CEDAR RAPIDS CITY OF,0.45,,,,,,,,,0,0,0,0,143117605700000,SW 420,Exempt,0,0,0,0,143117605700000,CITY PROPERTY,EXEMPT,0,0,0,0,0,0
143117605800000,,Exempt,SW 420,0,VACANT LAND SW,CEDAR RAPIDS CITY OF,1.33,,,,,,,,,0,0,0,0,143117605800000,SW 420,Exempt,0,0,0,0,143117605800000,CITY PROPERTY,EXEMPT,0,0,0,0,0,0
143120100200000,,Exempt,Empty,2604,16TH AVE SW,CEDAR RAPIDS CITY OF,1.38,,,,,,,,,0,0,0,0,143120100200000,Empty,Exempt,0,0,0,0,,,,,,,,,
143137600100000,,Exempt,Empty,0,VACANT LAND SW,CITY OF CEDAR RAPIDS,0.1423,,,,,,,,,0,0,0,0,143137600100000,Empty,Exempt,0,0,0,0,143137600100000,CITY PROPERTY,EXEMPT,0,0,0,0,0,0
143137701200000,,Exempt,Empty,0,VACANT LAND SW,CITY OF CEDAR RAPIDS,0.2064,,,,,,,,,0,0,0,0,143137701200000,Empty,Exempt,0,0,0,0,143137701200000,CITY PROPERTY,EXEMPT,0,0,0,0,0,0
143137702000000,,Exempt,Empty,0,VACANT LAND SW,CITY OF CEDAR RAPIDS,1.8283,,,,,,,,,0,0,0,0,143137702000000,Empty,Exempt,0,0,0,0,143137702000000,CITY PROPERTY,EXEMPT,0,0,0,0,0,0
143137702100000,,Exempt,Empty,0,VACANT LAND SW,CITY OF CEDAR RAPIDS,1.2936,,,,,,,,,0,0,0,0,143137702100000,Empty,Exempt,0,0,0,0,143137702100000,CITY PROPERTY,EXEMPT,0,0,0,0,0,0
143218500200000,,Exempt,Empty,0,VACANT LAND SW,CITY OF CEDAR RAPIDS,0.1194,,,,,,,,,0,0,0,0,143218500200000,Empty,Exempt,0,0,0,0,143218500200000,CITY PROPERTY,EXEMPT,0,0,0,0,0,0
143227601900000,,Exempt,Empty,0,VACANT LAND SW,CITY OF CEDAR RAPIDS,0.13,,,,,,,,,0,0,0,0,143227601900000,Empty,Exempt,0,0,0,0,143227601900000,CITY PROPERTY,EXEMPT,0,0,0,0,0,0
143227800300000,,Exempt,Empty,0,VACANT LAND SW,CITY OF CEDAR RAPIDS,0.2556,,,,,,,,,0,0,0,0,143227800300000,Empty,Exempt,0,0,0,0,143227800300000,CITY PROPERTY,EXEMPT,0,0,0,0,0,0
143227801200000,,Exempt,Empty,0,VACANT LAND SW,CITY OF CEDAR RAPIDS,0.1283,,,,,,,,,0,0,0,0,143227801200000,Empty,Exempt,0,0,0,0,143227801200000,CITY PROPERTY,EXEMPT,0,0,0,0,0,0
143228000100000,,Exempt,Empty,0,VACANT LAND SW,CITY OF CEDAR RAPIDS,1.8267,,,,,,,,,0,0,0,0,143228000100000,Empty,Exempt,0,0,0,0,143228000100000,CITY PROPERTY,EXEMPT,0,0,0,0,0,0
143228200100000,,Exempt,Empty,0,VACANT LAND SW,CITY OF CEDAR RAPIDS,0.1252,,,,,,,,,0,0,0,0,143228200100000,Empty,Exempt,0,0,0,0,143228200100000,CITY PROPERTY,EXEMPT,0,0,0,0,0,0
143311000100000,,Exempt,Empty,0,VACANT LAND SW,CEDAR RAPIDS CITY OF,4.5066,,,,,,,,,0,0,0,0,143311000100000,Empty,Exempt,0,0,0,0,143311000100000,CITY PROPERTY,EXEMPT,0,0,0,0,0,0
143312700100000,,Exempt,Empty,0,VACANT LAND SW,CITY OF CEDAR RAPIDS,0.1775,,,,,,,,,0,0,0,0,143312700100000,Empty,Exempt,0,0,0,0,143312700100000,CITY PROPERTY,EXEMPT,0,0,0,0,0,0
143312700200000,,Exempt,Empty,0,VACANT LAND SW,CITY OF CEDAR RAPIDS,0.3419,,,,,,,,,0,0,0,0,143312700200000,Empty,Exempt,0,0,0,0,143312700200000,CITY PROPERTY,EXEMPT,0,0,0,0,0,0
143316500600000,,Exempt,Empty,0,VACANT LAND SW,CITY OF CEDAR RAPIDS,0.0861,,,,,,,,,0,0,0,0,143316500600000,Empty,Exempt,0,0,0,0,143316500600000,CITY PROPERTY,EXEMPT,0,0,0,0,0,0
143322800100000,,Exempt,Empty,0,VACANT LAND SW,CITY OF CEDAR RAPIDS,1.5725,,,,,,,,,0,0,0,0,143322800100000,Empty,Exempt,0,0,0,0,,,,,,,,,
143322800200000,,Exempt,Empty,0,VACANT LAND SW,CITY OF CEDAR RAPIDS,1.8509,,,,,,,,,0,0,0,0,143322800200000,Empty,Exempt,0,0,0,0,,,,,,,,,
143332800300000,,Exempt,Empty,509,WILSON AVE SW,CITY OF CEDAR RAPIDS,0.1757,,,,,,,,,0,0,0,0,143332800300000,Empty,Exempt,0,0,0,0,143332800300000,CITY PROPERTY,EXEMPT,0,0,0,0,0,0
143340301100000,,Exempt,Empty,0,VACANT LAND SW,CEDAR RAPIDS CITY OF,1.6285,,,,,,,,,0,0,0,0,143340301100000,Empty,Exempt,0,0,0,0,143340301100000,CITY PROPERTY,EXEMPT,0,0,0,0,0,0
143432600100000,,Exempt,Empty,325,WILSON AVE DR SW,CITY OF CEDAR RAPIDS,40.0191,,,,,,,,,0,0,0,0,143432600100000,Empty,Exempt,0,0,0,0,143432600100000,CITY PROPERTY,EXEMPT,0,0,0,0,0,0
143437602200000,,Exempt,Empty,0,VACANT LAND SW,CITY OF CEDAR RAPIDS,0.7418,,,,,,,,,0,0,0,0,143437602200000,Empty,Exempt,0,0,0,0,143437602200000,CITY PROPERTY,EXEMPT,0,0,0,0,0,0
143437700200000,,Exempt,Empty,0,VACANT LAND SW,CITY OF CEDAR RAPIDS,19.0063,,,,,,,,,0,0,0,0,143437700200000,Empty,Exempt,0,0,0,0,143437700200000,CITY PROPERTY,EXEMPT,0,0,0,0,0,0
143440100100000,,Exempt,Empty,0,VACANT LAND SW,CITY OF CEDAR RAPIDS,7.0323,,,,,,,,,0,0,0,0,143440100100000,Empty,Exempt,0,0,0,0,143440100100000,CITY PROPERTY,EXEMPT,0,0,0,0,0,0
143445100300000,,Exempt,Empty,0,VACANT LAND SW,CITY OF CEDAR RAPIDS,43.2773,,,,,,,,,0,0,0,0,143445100300000,Empty,Exempt,0,0,0,0,143445100300000,CITY PROPERTY,EXEMPT,0,0,0,0,0,0
143445101600000,,Exempt,SW 431,0,VACANT LAND SW,CEDAR RAPIDS CITY OF,0.22,,,,,,,,,0,0,0,0,143445101600000,SW 431,Exempt,0,0,0,0,143445101600000,CITY PROPERTY,EXEMPT,0,0,0,0,0,0
143510100400000,,Exempt,Empty,0,VACANT LAND SE,CITY OF CEDAR RAPIDS,8.8605,,,,,,,,,0,0,0,0,143510100400000,Empty,Exempt,0,0,0,0,143510100400000,CITY PROPERTY,EXEMPT,0,0,0,0,0,0
143520200200000,,Exempt,Empty,0,VACANT LAND SE,CITY OF CEDAR RAPIDS,8.3954,,,,,,,,,0,0,0,0,143520200200000,Empty,Exempt,0,0,0,0,143520200200000,CITY PROPERTY,EXEMPT,0,0,0,0,0,0
143527701100000,,Exempt,Empty,0,VACANT LAND SE,CITY OF CEDAR RAPIDS,5.5567,,,,,,,,,0,0,0,0,143527701100000,Empty,Exempt,0,0,0,0,143527701100000,CITY PROPERTY,EXEMPT,0,0,0,0,0,0
143532700100000,VACANT LAND / PAVING,Exempt,COMM SE,0,VACANT LAND SE,CEDAR RAPIDS CITY OF,8.85,,,,,,,,,0,0,0,0,143532700100000,COMM SE,Exempt,0,0,0,0,143532700100000,CITY PROPERTY,EXEMPT,0,0,0,0,0,0
143532700200000,VACANT (PAVING ONLY),Exempt,COMM SE,0,VACANT LAND SE,CEDAR RAPIDS CITY OF,8.04,,,,,,,,,0,0,0,0,143532700200000,COMM SE,Exempt,0,0,0,0,143532700200000,CITY PROPERTY,EXEMPT,0,0,0,0,0,0
143535100100000,,Exempt,Empty,0,VACANT LAND SE,CITY OF CEDAR RAPIDS,0.848,,,,,,,,,0,0,0,0,143535100100000,Empty,Exempt,0,0,0,0,143535100100000,CITY PROPERTY,EXEMPT,0,0,0,0,0,0
143537700100000,CEDAR RAPIDS,Exempt,COMM SE,0,VACANT LAND SE,CEDAR RAPIDS CITY OF,54.0,,,,,,,,,0,0,0,0,143537700100000,COMM SE,Exempt,0,0,0,0,143537700100000,CITY PROPERTY,EXEMPT,0,0,0,0,0,0
143545100100000,,Exempt,Empty,0,VACANT LAND SE,CEDAR RAPIDS CITY OF,31.0225,,,,,,,,,0,0,0,0,143545100100000,Empty,Exempt,0,0,0,0,143545100100000,CITY PROPERTY,EXEMPT,0,0,0,0,0,0
143545200100000,VACANT,Exempt,COMM SE,0,VACANT LAND SE,CEDAR RAPIDS CITY OF,12.69,,,,,,,,,0,0,0,0,143545200100000,COMM SE,Exempt,0,0,0,0,143545200100000,CITY PROPERTY,EXEMPT,0,0,0,0,0,0
143547700100000,,Exempt,SE 242,3019,FIR AVE SE,CEDAR RAPIDS CITY OF,1.79,Single-Family,2 Story Frame,1870,1482.0,,,,,0,0,0,0,143547700100000,SE 242,Exempt,0,0,0,0,143547700100000,CITY PROPERTY,EXEMPT,0,0,0,0,0,0
143640200100000,,Exempt,Empty,0,VACANT LAND SE,CITY OF CEDAR RAPIDS,186.9415,,,,,,,,,0,0,0,0,143640200100000,Empty,Exempt,0,0,0,0,143640200100000,CITY PROPERTY,EXEMPT,0,0,0,0,0,0
143647700100000,,Exempt,Empty,0,VACANT LAND SW,CITY OF CEDAR RAPIDS,17.6063,,,,,,,,,0,0,0,0,143647700100000,Empty,Exempt,0,0,0,0,143647700100000,CITY PROPERTY,EXEMPT,0,0,0,0,0,0
151932603600000,,Exempt,Empty,0,VACANT LAND SE,CEDAR RAPIDS CITY OF,5.32,,,,,,,,,0,0,0,0,151932603600000,Empty,Exempt,0,0,0,0,,,,,,,,,
151935103100000,,Exempt,Empty,0,VACANT LAND SE,CEDAR RAPIDS CITY OF,,,,,,,,,,0,0,0,0,151935103100000,Empty,Exempt,0,0,0,0,,,,,,,,,
152935100200000,,Exempt,Empty,0,VACANT LAND SE,CITY OF CEDAR RAPIDS,25.9666,,,,,,,,,0,0,0,0,152935100200000,Empty,Exempt,0,0,0,0,152935100200000,CITY PROPERTY,EXEMPT,0,0,0,0,0,0
153040300100000,,Exempt,Empty,6665,OTIS RD SE,CITY OF CEDAR RAPIDS,5.3012,,,,,,,,,0,0,0,0,153040300100000,Empty,Exempt,0,0,0,0,153040300100000,CITY PROPERTY,EXEMPT,0,0,0,0,0,0
153210200100000,,Exempt,Empty,7525,BERTRAM RD SE,CITY OF CEDAR RAPIDS,133.9316,,,,,,,,,0,0,0,0,153210200100000,Empty,Exempt,0,0,0,0,153210200100000,CITY PROPERTY,EXEMPT,0,0,0,0,0,0
153222600100000,,Exempt,Empty,1401,CEDAR BEND LN SW,CITY OF CEDAR RAPIDS,31.1042,,,,,Veterinary Clinic,1960,4316,multiple bldgs on this parcel,0,0,0,0,153222600100000,Empty,Exempt,0,0,0,0,153222600100000,CITY PROPERTY,EXEMPT,0,0,0,0,0,0
153325100100000,,Exempt,SE 246,0,VACANT LAND SE,CEDAR RAPIDS CITY OF,10.07,,,,,,,,,0,0,0,0,153325100100000,SE 246,Exempt,0,0,0,0,153325100100000,CITY PROPERTY,EXEMPT,0,0,0,0,0,0
153330100100000,,Exempt,SE 246,0,VACANT LAND SE,CEDAR RAPIDS CITY OF,3.47,,,,,,,,,0,0,0,0,153330100100000,SE 246,Exempt,0,0,0,0,153330100100000,CITY PROPERTY,EXEMPT,0,0,0,0,0,0
153332600100000,,Exempt,SE 246,0,VACANT LAND SE,CEDAR RAPIDS CITY OF,33.67,,,,,,,,,0,0,0,0,153332600100000,SE 246,Exempt,0,0,0,0,153332600100000,CITY PROPERTY,EXEMPT,0,0,0,0,0,0
153335100100000,,Exempt,SE 246,0,VACANT LAND SE,CEDAR RAPIDS CITY OF,5.56,,,,,,,,,0,0,0,0,153335100100000,SE 246,Exempt,0,0,0,0,153335100100000,CITY PROPERTY,EXEMPT,0,0,0,0,0,0
153337700100000,,Exempt,SE 246,0,VACANT LAND SE,CEDAR RAPIDS CITY OF,2.4,,,,,,,,,0,0,0,0,153337700100000,SE 246,Exempt,0,0,0,0,153337700100000,CITY PROPERTY,EXEMPT,0,0,0,0,0,0
190210100100000,,Exempt,Empty,0,VACANT LAND SW,CITY OF CEDAR RAPIDS,26.3182,,,,,,,,,0,0,0,0,190210100100000,Empty,Exempt,0,0,0,0,190210100100000,CITY PROPERTY,EXEMPT,0,0,0,0,0,0
190212600100000,,Exempt,Empty,0,VACANT LAND SW,CITY OF CEDAR RAPIDS,19.147,,,,,,,,,0,0,0,0,190212600100000,Empty,Exempt,0,0,0,0,190212600100000,CITY PROPERTY,EXEMPT,0,0,0,0,0,0
190215100100000,,Exempt,Empty,2727,OLD RIVER RD SW,CITY OF CEDAR RAPIDS,23.927,,,,,,,,,0,0,0,0,190215100100000,Empty,Exempt,0,0,0,0,190215100100000,CITY PROPERTY,EXEMPT,0,0,0,0,0,0
190217600100000,,Exempt,Empty,0,VACANT LAND SW,CITY OF CEDAR RAPIDS,10.6874,,,,,,,,,0,0,0,0,190217600100000,Empty,Exempt,0,0,0,0,190217600100000,CITY PROPERTY,EXEMPT,0,0,0,0,0,0
190220100100000,VACANT LAND SE,Exempt,COMM SE,0,VACANT LAND SE,CEDAR RAPIDS CITY OF,27.0,,,,,,,,,0,0,0,0,190220100100000,COMM SE,Exempt,0,0,0,0,190220100100000,CITY PROPERTY,EXEMPT,0,0,0,0,0,0
190222600100000,,Exempt,Empty,0,VACANT LAND SW,CITY OF CEDAR RAPIDS,6.2695,,,,,,,,,0,0,0,0,190222600100000,Empty,Exempt,0,0,0,0,190222600100000,CITY PROPERTY,EXEMPT,0,0,0,0,0,0
190227600200000,,Exempt,Empty,0,VACANT LAND SW,CITY OF CEDAR RAPIDS,0.6607,,,,,,,,,0,0,0,0,190227600200000,Empty,Exempt,0,0,0,0,190227600200000,CITY PROPERTY,EXEMPT,0,0,0,0,0,0
190310100100000,,Exempt,Empty,0,VACANT LAND SW,CITY OF CEDAR RAPIDS,0.216,,,,,,,,,0,0,0,0,190310100100000,Empty,Exempt,0,0,0,0,190310100100000,CITY PROPERTY,EXEMPT,0,0,0,0,0,0
190320100100000,,Exempt,Empty,0,VACANT LAND SW,CITY OF CEDAR RAPIDS,160.1244,,,,,,,,,0,0,0,0,190320100100000,Empty,Exempt,0,0,0,0,190320100100000,CITY PROPERTY,EXEMPT,0,0,0,0,0,0
190327600100000,,Exempt,Empty,0,VACANT LAND SW,CITY OF CEDAR RAPIDS,35.1466,,,,,,,,,0,0,0,0,190327600100000,Empty,Exempt,0,0,0,0,190327600100000,CITY PROPERTY,EXEMPT,0,0,0,0,0,0
190327600400000,,Exempt,Empty,0,VACANT LAND SW,CITY OF CEDAR RAPIDS,8.7334,,,,,,,,,0,0,0,0,190327600400000,Empty,Exempt,0,0,0,0,190327600400000,CITY PROPERTY,EXEMPT,0,0,0,0,0,0
190332600300000,,Exempt,Empty,0,VACANT LAND SW,CITY OF CEDAR RAPIDS,2.358,,,,,,,,,0,0,0,0,190332600300000,Empty,Exempt,0,0,0,0,190332600300000,CITY PROPERTY,EXEMPT,0,0,0,0,0,0
190417900200000,,Exempt,Empty,28,37TH AVE SW,CITY OF CEDAR RAPIDS,4.2425,,,,,,,,,0,0,0,0,190417900200000,Empty,Exempt,0,0,0,0,190417900200000,CITY PROPERTY,EXEMPT,0,0,0,0,0,0
190440100100000,,Exempt,Empty,3702,BOWLING ST SW,CITY OF CEDAR RAPIDS,7.832,,,,,,,,,0,0,0,0,190440100100000,Empty,Exempt,0,0,0,0,190440100100000,CITY PROPERTY,EXEMPT,0,0,0,0,0,0
190440100200000,,Exempt,Empty,0,VACANT LAND SW,CITY OF CEDAR RAPIDS,3.3121,,,,,,,,,0,0,0,0,190440100200000,Empty,Exempt,0,0,0,0,190440100200000,CITY PROPERTY,EXEMPT,0,0,0,0,0,0
190440100300000,,Exempt,Empty,0,VACANT LAND SW,CITY OF CEDAR RAPIDS,4.2247,,,,,,,,,0,0,0,0,190440100300000,Empty,Exempt,0,0,0,0,190440100300000,CITY PROPERTY,EXEMPT,0,0,0,0,0,0
190442600500000,,Exempt,Empty,0,VACANT LAND SW,CITY OF CEDAR RAPIDS,1.5671,,,,,,,,,0,0,0,0,190442600500000,Empty,Exempt,0,0,0,0,190442600500000,CITY PROPERTY,EXEMPT,0,0,0,0,0,0
190445100300000,,Exempt,Empty,0,VACANT LAND SW,CITY OF CEDAR RAPIDS,11.1455,,,,,,,,,0,0,0,0,190445100300000,Empty,Exempt,0,0,0,0,190445100300000,CITY PROPERTY,EXEMPT,0,0,0,0,0,0
190525200100000,,Exempt,Empty,1701,33RD AVE SW,CEDAR RAPIDS CITY OF,0.9738,,,,,,,,,0,0,0,0,190525200100000,Empty,Exempt,0,0,0,0,190525200100000,CITY PROPERTY,EXEMPT,0,0,0,0,0,0
190525200200000,,Exempt,Empty,1733,33RD AVE SW,CEDAR RAPIDS CITY OF,0.3786,,,,,,,,,0,0,0,0,190525200200000,Empty,Exempt,0,0,0,0,190525200200000,CITY PROPERTY,EXEMPT,0,0,0,0,0,0
190535100100000,,Exempt,Empty,0,VACANT LAND SW,CITY OF CEDAR RAPIDS,8.4219,,,,,,,,,0,0,0,0,190535100100000,Empty,Exempt,0,0,0,0,190535100100000,CITY PROPERTY,EXEMPT,0,0,0,0,0,0
190537600200000,,Exempt,Empty,0,VACANT LAND SW,CITY OF CEDAR RAPIDS,1.835,,,,,,,,,0,0,0,0,190537600200000,Empty,Exempt,0,0,0,0,190537600200000,CITY PROPERTY,EXEMPT,0,0,0,0,0,0
190612600400000,,Exempt,Empty,0,VACANT LAND SW,CITY OF CEDAR RAPIDS,1.8,,,,,,,,,0,0,0,0,190612600400000,Empty,Exempt,0,0,0,0,190612600400000,CITY PROPERTY,EXEMPT,0,0,0,0,0,0
190620300100000,,Exempt,Empty,0,VACANT LAND SW,CEDAR RAPIDS CITY OF,0.7863,,,,,,,,,0,0,0,0,190620300100000,Empty,Exempt,0,0,0,0,190620300100000,CITY PROPERTY,EXEMPT,0,0,0,0,0,0
190627601800000,,Exempt,SW 429,0,VACANT LAND SW,CEDAR RAPIDS CITY OF,0.46,,,,,,,,,0,0,0,0,190627601800000,SW 429,Exempt,0,0,0,0,190627601800000,CITY PROPERTY,EXEMPT,0,0,0,0,0,0
190627602800000,,Exempt,SW 429,0,VACANT LAND SW,CEDAR RAPIDS CITY OF,0.47,,,,,,,,,0,0,0,0,190627602800000,SW 429,Exempt,0,0,0,0,190627602800000,CITY PROPERTY,EXEMPT,0,0,0,0,0,0
190630200100000,,Exempt,Empty,0,VACANT LAND SW,CITY OF CEDAR RAPIDS,42.3399,,,,,,,,,0,0,0,0,190630200100000,Empty,Exempt,0,0,0,0,190630200100000,CITY PROPERTY,EXEMPT,0,0,0,0,0,0
190640100200000,,Exempt,Empty,0,VACANT LAND SW,CITY OF CEDAR RAPIDS,16.7905,,,,,,,,,0,0,0,0,190640100200000,Empty,Exempt,0,0,0,0,190640100200000,CITY PROPERTY,EXEMPT,0,0,0,0,0,0
190642600200000,,Exempt,Empty,0,VACANT LAND SW,CITY OF CEDAR RAPIDS,30.8802,,,,,,,,,0,0,0,0,190642600200000,Empty,Exempt,0,0,0,0,190642600200000,CITY PROPERTY,EXEMPT,0,0,0,0,0,0
190645100100000,,Exempt,Empty,0,VACANT LAND SW,CITY OF CEDAR RAPIDS,12.2921,,,,,,,,,0,0,0,0,190645100100000,Empty,Exempt,0,0,0,0,190645100100000,CITY PROPERTY,EXEMPT,0,0,0,0,0,0
190647600100000,,Exempt,Empty,0,VACANT LAND SW,CITY OF CEDAR RAPIDS,19.2426,,,,,,,,,0,0,0,0,190647600100000,Empty,Exempt,0,0,0,0,190647600100000,CITY PROPERTY,EXEMPT,0,0,0,0,0,0
190720200100000,,Exempt,Empty,0,VACANT LAND SW,CITY OF CEDAR RAPIDS,8.3609,,,,,,,,,0,0,0,0,190720200100000,Empty,Exempt,0,0,0,0,190720200100000,CITY PROPERTY,EXEMPT,0,0,0,0,0,0
190722600200000,,Exempt,Empty,4801,EDGEWOOD RD SW,CEDAR RAPIDS CITY OF,2.293,,,,,,,,,0,0,0,0,190722600200000,Empty,Exempt,0,0,0,0,190722600200000,CITY PROPERTY,EXEMPT,0,0,0,0,0,0
190722700100000,,Exempt,Empty,0,VACANT LAND SW,CITY OF CEDAR RAPIDS,43.3004,,,,,,,,,0,0,0,0,190722700100000,Empty,Exempt,0,0,0,0,190722700100000,CITY PROPERTY,EXEMPT,0,0,0,0,0,0
190812700300000,,Exempt,Empty,0,VACANT LAND SW,CITY OF CEDAR RAPIDS,14.6706,,,,,,,,,0,0,0,0,190812700300000,Empty,Exempt,0,0,0,0,190812700300000,CITY PROPERTY,EXEMPT,0,0,0,0,0,0
190830100500000,,Exempt,Empty,5430,DOWNS BLVD SW,CITY OF CEDAR RAPIDS,0.8244,,,,,,,,,0,0,0,0,190830100500000,Empty,Exempt,0,0,0,0,190830100500000,CITY PROPERTY,EXEMPT,0,0,0,0,0,0
190830101100000,,Exempt,Empty,5515,WILLOW CREEK DR SW,CITY OF CEDAR RAPIDS,1.8423,,,,,,,,,0,0,0,0,190830101100000,Empty,Exempt,0,0,0,0,190830101100000,CITY PROPERTY,EXEMPT,0,0,0,0,0,0
190920200100000,,Exempt,Empty,0,VACANT LAND SW,CITY OF CEDAR RAPIDS,5.8836,,,,,,,,,0,0,0,0,190920200100000,Empty,Exempt,0,0,0,0,190920200100000,CITY PROPERTY,EXEMPT,0,0,0,0,0,0
190922600100000,,Exempt,Empty,0,VACANT LAND SW,CITY OF CEDAR RAPIDS,20.7497,,,,,,,,,0,0,0,0,190922600100000,Empty,Exempt,0,0,0,0,,,,,,,,,
190925100100000,,Exempt,Empty,442,50TH AVE CT SW,CITY OF CEDAR RAPIDS,3.3938,,,,,,,,,0,0,0,0,190925100100000,Empty,Exempt,0,0,0,0,190925100100000,CITY PROPERTY,EXEMPT,0,0,0,0,0,0
190930100200000,,Exempt,Empty,0,VACANT LAND SW,CITY OF CEDAR RAPIDS,0.3437,,,,,,,,,0,0,0,0,190930100200000,Empty,Exempt,0,0,0,0,190930100200000,CITY PROPERTY,EXEMPT,0,0,0,0,0,0
191112700200000,,Exempt,Empty,0,VACANT LAND SW,CITY OF CEDAR RAPIDS,9.9997,,,,,,,,,0,0,0,0,191112700200000,Empty,Exempt,0,0,0,0,191112700200000,CITY PROPERTY,EXEMPT,0,0,0,0,0,0
191120400400000,,Exempt,Empty,0,VACANT LAND SW,CEDAR RAPIDS CITY OF,1.3753,,,,,,,,,0,0,0,0,191120400400000,Empty,Exempt,0,0,0,0,191120400400000,CITY PROPERTY,EXEMPT,0,0,0,0,0,0
191137700200000,,Exempt,Empty,0,VACANT LAND SW,CITY OF CEDAR RAPIDS,5.1604,,,,,,,,,0,0,0,0,191137700200000,Empty,Exempt,0,0,0,0,191137700200000,CITY PROPERTY,EXEMPT,0,0,0,0,0,0
191137701600000,,Exempt,Empty,0,VACANT LAND SW,CEDAR RAPIDS CITY OF,,,,,,,,,,0,0,0,0,191137701600000,Empty,Exempt,0,0,0,0,191137701600000,CITY PROPERTY,EXEMPT,0,0,0,0,0,0
191415700900000,,Exempt,SW 422,O,VACANT LAND SW,CITY OF CEDAR RAPIDS,1.6,,,,,,,,,0,0,0,0,191415700900000,SW 422,Exempt,0,0,0,0,191415700900000,CITY PROPERTY,EXEMPT,0,0,0,0,0,0
191415801000000,,Exempt,SW 422,O,VACANT LAND SW,CITY OF CEDAR RAPIDS,0.44,,,,,,,,,0,0,0,0,191415801000000,SW 422,Exempt,0,0,0,0,191415801000000,CITY PROPERTY,EXEMPT,0,0,0,0,0,0
191417900400000,,Exempt,SW 422,O,VACANT LAND SW,CITY OF CEDAR RAPIDS,0.13,,,,,,,,,0,0,0,0,191417900400000,SW 422,Exempt,0,0,0,0,191417900400000,CITY PROPERTY,EXEMPT,0,0,0,0,0,0
191535100100000,,Exempt,Empty,0,VACANT LAND SW,CITY OF CEDAR RAPIDS,0.0345,,,,,,,,,0,0,0,0,191535100100000,Empty,Exempt,0,0,0,0,191535100100000,CITY PROPERTY,EXEMPT,0,0,0,0,0,0
191610203200000,,Exempt,Empty,48,OKLAHOMA AVE SW,CITY OF CEDAR RAPIDS,0.3101,,,,,,,,,0,0,0,0,191610203200000,Empty,Exempt,0,0,0,0,191610203200000,CITY PROPERTY,EXEMPT,0,0,0,0,0,0
191610600500000,,Exempt,Empty,0,VACANT LAND SW,CEDAR RAPIDS CITY OF,0.1415,,,,,,,,,0,0,0,0,191610600500000,Empty,Exempt,0,0,0,0,191610600500000,CITY PROPERTY,EXEMPT,0,0,0,0,0,0
191612701100000,,Exempt,Empty,0,VACANT LAND SW,CITY OF CEDAR RAPIDS,0.3453,,,,,,,,,0,0,0,0,191612701100000,Empty,Exempt,0,0,0,0,191612701100000,CITY PROPERTY,EXEMPT,0,0,0,0,0,0
191612701200000,,Exempt,Empty,0,VACANT LAND SW,CITY OF CEDAR RAPIDS,0.3459,,,,,,,,,0,0,0,0,191612701200000,Empty,Exempt,0,0,0,0,191612701200000,CITY PROPERTY,EXEMPT,0,0,0,0,0,0
191615200200000,,Exempt,SW 422,0,VACANT LAND SW,CEDAR RAPIDS CITY OF,2.12,,,,,,,,,0,0,0,0,191615200200000,SW 422,Exempt,0,0,0,0,191615200200000,CITY PROPERTY,EXEMPT,0,0,0,0,0,0
191615500700000,,Exempt,SW 422,0,VACANT LAND SW,CEDAR RAPIDS CITY OF,0.72,,,,,,,,,0,0,0,0,191615500700000,SW 422,Exempt,0,0,0,0,191615500700000,CITY PROPERTY,EXEMPT,0,0,0,0,0,0
191620100100000,,Exempt,Empty,0,VACANT LAND SW,CITY OF CEDAR RAPIDS,8.8879,,,,,,,,,0,0,0,0,191620100100000,Empty,Exempt,0,0,0,0,191620100100000,CITY PROPERTY,EXEMPT,0,0,0,0,0,0
191620100200000,,Exempt,Empty,0,VACANT LAND SW,CITY OF CEDAR RAPIDS,5.8399,,,,,,,,,0,0,0,0,191620100200000,Empty,Exempt,0,0,0,0,191620100200000,CITY PROPERTY,EXEMPT,0,0,0,0,0,0
191640100400000,,Exempt,Empty,0,VACANT LAND SW,CEDAR RAPIDS CITY OF,2.3188,,,,,,,,,0,0,0,0,191640100400000,Empty,Exempt,0,0,0,0,191640100400000,CITY PROPERTY,EXEMPT,0,0,0,0,0,0
191640100500000,,Exempt,Empty,0,VACANT LAND SW,CEDAR RAPIDS CITY OF,2.4086,,,,,,,,,0,0,0,0,191640100500000,Empty,Exempt,0,0,0,0,191640100500000,CITY PROPERTY,EXEMPT,0,0,0,0,0,0
191647700300000,,Exempt,Empty,0,VACANT LAND SW,CEDAR RAPIDS CITY OF,1.5261,,,,,,,,,0,0,0,0,191647700300000,Empty,Exempt,0,0,0,0,191647700300000,CITY PROPERTY,EXEMPT,0,0,0,0,0,0
191712600400000,,Exempt,Empty,0,VACANT LAND SW,CITY OF CEDAR RAPIDS,1.7449,,,,,,,,,0,0,0,0,191712600400000,Empty,Exempt,0,0,0,0,191712600400000,CITY PROPERTY,EXEMPT,0,0,0,0,0,0
191917600100000,,Exempt,Empty,0,VACANT LAND SW,CITY OF CEDAR RAPIDS,118.0134,,,,,,,,,0,0,0,0,191917600100000,Empty,Exempt,0,0,0,0,191917600100000,CITY PROPERTY,EXEMPT,0,0,0,0,0,0
191920100100000,,Exempt,Empty,0,VACANT LAND SW,CITY OF CEDAR RAPIDS,380.7,,,,,,,,,0,0,0,0,191920100100000,Empty,Exempt,0,0,0,0,191920100100000,CITY PROPERTY,EXEMPT,0,0,0,0,0,0
192022600100000,,Exempt,Empty,0,VACANT LAND SW,CITY OF CEDAR RAPIDS,14.9277,,,,,,,,,0,0,0,0,192022600100000,Empty,Exempt,0,0,0,0,192022600100000,CITY PROPERTY,EXEMPT,0,0,0,0,0,0
192030100200000,,Exempt,SW 418,0,VACANT LAND SW,CEDAR RAPIDS CITY OF,37.36,,,,,,,,,0,0,0,0,192030100200000,SW 418,Exempt,0,0,0,0,,,,,,,,,
192032600100000,,Exempt,Empty,0,VACANT LAND SW,CITY OF CEDAR RAPIDS,61.13,,,,,,,,,0,0,0,0,192032600100000,Empty,Exempt,0,0,0,0,192032600100000,CITY PROPERTY,EXEMPT,0,0,0,0,0,0
192037600200000,,Exempt,SW 418,1500,WRIGHT BROTHERS BLVD SW,CEDAR RAPIDS CITY OF,21.95,,,,,,,,,0,0,0,0,192037600200000,SW 418,Exempt,0,0,0,0,192037600200000,CITY PROPERTY,EXEMPT,0,0,0,0,0,0
192037600300000,,Exempt,SW 418,0,VACANT LAND SW,CEDAR RAPIDS CITY OF,13.22,,,,,,,,,0,0,0,0,192037600300000,SW 418,Exempt,0,0,0,0,,,,,,,,,
192920100400000,,Exempt,Empty,9505,18TH ST SW,CITY OF CEDAR RAPIDS,155.7365,,,,,,,,,0,0,0,0,192920100400000,Empty,Exempt,0,0,0,0,192920100400000,CITY PROPERTY,EXEMPT,0,0,0,0,0,0
193010100100000,,Exempt,Empty,2121,ARTHUR COLLINS PKWY SW,CITY OF CEDAR RAPIDS,937.9435,,,,,,,,,0,0,0,0,193010100100000,Empty,Exempt,0,0,0,0,193010100100000,CITY PROPERTY,EXEMPT,0,0,0,0,0,0
193020100500000,,Exempt,Empty,0,VACANT LAND SW,CEDAR RAPIDS CITY OF,0.2193,,,,,,,,,0,0,0,0,193020100500000,Empty,Exempt,0,0,0,0,193020100500000,CITY PROPERTY,EXEMPT,0,0,0,0,0,0
193037600100000,,Exempt,Empty,0,VACANT LAND SW,CEDAR RAPIDS CITY OF,39.0,,,,,,,,,0,0,0,0,193037600100000,Empty,Exempt,0,0,0,0,193037600100000,CITY PROPERTY,EXEMPT,0,0,0,0,0,0
193110100100000,,Exempt,Empty,0,VACANT LAND SW,CEDAR RAPIDS CITY OF,157.0,,,,,,,,,0,0,0,0,193110100100000,Empty,Exempt,0,0,0,0,193110100100000,CITY PROPERTY,EXEMPT,0,0,0,0,0,0
193222600100000,,Exempt,Empty,0,VACANT LAND SW,CEDAR RAPIDS CITY OF,35.5,,,,,,,,,0,0,0,0,193222600100000,Empty,Exempt,0,0,0,0,193222600100000,CITY PROPERTY,EXEMPT,0,0,0,0,0,0
200115601500000,,Exempt,Empty,0,VACANT LAND SW,CEDAR RAPIDS CITY OF,0.34,,,,,,,,,0,0,0,0,200115601500000,Empty,Exempt,0,0,0,0,200115601500000,CITY PROPERTY,EXEMPT,0,0,0,0,0,0
200115700200000,,Exempt,Empty,0,VACANT LAND SW,CEDAR RAPIDS CITY OF,0.59,,,,,,,,,0,0,0,0,200115700200000,Empty,Exempt,0,0,0,0,200115700200000,CITY PROPERTY,EXEMPT,0,0,0,0,0,0
200142900300000,,Exempt,Empty,0,VACANT LAND SW,CEDAR RAPIDS CITY OF,0.5626,,,,,,,,,0,0,0,0,200142900300000,Empty,Exempt,0,0,0,0,200142900300000,CITY PROPERTY,EXEMPT,0,0,0,0,0,0
202410100100000,,Exempt,Empty,0,VACANT LAND SW,CITY OF CEDAR RAPIDS,597.63,,,,,,,,,0,0,0,0,202410100100000,Empty,Exempt,0,0,0,0,202410100100000,CITY PROPERTY,EXEMPT,0,0,0,0,0,0
202525100100000,,Exempt,Empty,0,VACANT LAND SW,CITY OF CEDAR RAPIDS,115.3764,,,,,,,,,0,0,0,0,202525100100000,Empty,Exempt,0,0,0,0,202525100100000,CITY PROPERTY,EXEMPT,0,0,0,0,0,0
202610100100000,,Exempt,Empty,0,VACANT LAND SW,CITY OF CEDAR RAPIDS,115.3766,,,,,,,,,0,0,0,0,202610100100000,Empty,Exempt,0,0,0,0,202610100100000,CITY PROPERTY,EXEMPT,0,0,0,0,0,0
202612600100000,,Exempt,Empty,0,VACANT LAND SW,CEDAR RAPIDS CITY OF,272.19,,,,,,,,,0,0,0,0,202612600100000,Empty,Exempt,0,0,0,0,202612600100000,CITY PROPERTY,EXEMPT,0,0,0,0,0,0
