GIS_Number,Doing_Business_As,Class,Map Name,Hse#,Address,Deedholder,Acres,Residential Occupancy Type,Style Descr,Year Built,Total Living Area,Commercial Occupancy Type,Year Built_2,Gross Bldg Area,_unnamed,2010 Land Res,2010 Land Comm,2010 Land Total,2010 Dwlg,2010 Improv,2010 Total,2008 Land,2008 Dwlg,2008 Improv,2008 total,GIS_Number_valuations,Map_Name_valuations,Class_valuations,2016 Land Res,2016 Land Comm,2016 Land Total,2016 Dwlg,2016 Improv,2016 Total
112732600500000,,Exempt,E-15 CITY,0,VACANT LAND NE,CITY OF CEDAR RAPIDS,1.81,,,,,,,,,0,0,0,0,0,0,0,0,0,0,112732600500000,CITY PROPERTY,EXEMPT,0,0,0,0,0,0
112732601500000,,Exempt,E-15 CITY,0,VACANT LAND NE,CEDAR RAPIDS CITY OF,3.09,,,,,,,,,0,0,0,0,0,0,0,0,0,0,112732601500000,CITY PROPERTY,EXEMPT,0,0,0,0,0,0
112735404100000,,Exempt,E-15 CITY,7520,COUNCIL ST NE,CEDAR RAPIDS CITY OF,5.84,,,,,,,,,0,0,0,0,0,0,0,0,0,0,112735404100000,CITY PROPERTY,EXEMPT,0,0,0,0,0,0
112740200500000,,Exempt,E-15 CITY,0,VACANT LAND NE,CITY OF CEDAR RAPIDS,2.4424,,,,,,,,,0,0,0,0,0,0,0,0,0,0,112740200500000,CITY PROPERTY,EXEMPT,0,0,0,0,0,0
112747600100000,,Exempt,E-15 CITY,0,VACANT LAND NE,CEDAR RAPIDS CITY OF,,,,,,,,,,0,0,0,0,0,0,0,0,0,0,112747600100000,CITY PROPERTY,EXEMPT,0,0,0,0,0,0
112845101200000,,Exempt,E-15 CITY,0,VACANT LAND NE,CEDAR RAPIDS CITY OF,2.03,,,,,,,,,0,0,0,0,0,0,0,0,0,0,112845101200000,CITY PROPERTY,EXEMPT,0,0,0,0,0,0
112845101400000,,Exempt,E-15 CITY,0,VACANT LAND NE,CITY OF CEDAR RAPIDS,4.04,,,,,,,,,0,0,0,0,0,0,0,0,0,0,112845101400000,CITY PROPERTY,EXEMPT,0,0,0,0,0,0
112845101500000,,Exempt,E-15 CITY,0,VACANT LAND NE,CITY OF CEDAR RAPIDS,2.49,,,,,,,,,0,0,0,0,0,0,0,0,0,0,112845101500000,CITY PROPERTY,EXEMPT,0,0,0,0,0,0
112847601500000,,Exempt,E-15 CITY,0,VACANT LAND NE,CITY OF CEDAR RAPIDS,0.41,,,,,,,,,0,0,0,0,0,0,0,0,0,0,112847601500000,CITY PROPERTY,EXEMPT,0,0,0,0,0,0
112847701500000,,Exempt,E-15 CITY,0,VACANT LAND NE,CITY OF CEDAR RAPIDS,0.82,,,,,,,,,0,0,0,0,0,0,0,0,0,0,112847701500000,CITY PROPERTY,EXEMPT,0,0,0,0,0,0
113132700100000,,Exempt,E-15 CITY,0,VACANT LAND NE,CEDAR RAPIDS CITY OF,0.6054,,,,,,,,,0,0,0,0,0,0,0,0,0,0,113132700100000,CITY PROPERTY,EXEMPT,0,0,0,0,0,0
113132701000000,,Exempt,E-15 CITY,0,VACANT LAND NE,CEDAR RAPIDS CITY OF,,,,,,,,,,0,0,0,0,0,0,0,0,0,0,113132701000000,CITY PROPERTY,EXEMPT,0,0,0,0,0,0
113315103900000,,Exempt,E-15 CITY,0,VACANT LAND NE,CITY OF CEDAR RAPIDS,14.93,,,,,,,,,0,0,0,0,0,0,0,0,0,0,113315103900000,CITY PROPERTY,EXEMPT,0,0,0,0,0,0
113315104000000,,Exempt,E-15 CITY,0,VACANT LAND NE,CEDAR RAPIDS CITY OF,,,,,,,,,,0,0,0,0,0,0,0,0,0,0,113315104000000,CITY PROPERTY,EXEMPT,0,0,0,0,0,0
113410400200000,,Exempt,E-15 CITY,0,VACANT LAND NE,CEDAR RAPIDS CITY OF,0.96,,,,,,,,,0,0,0,0,0,0,0,0,0,0,113410400200000,CITY PROPERTY,EXEMPT,0,0,0,0,0,0
113413002200000,,Exempt,E-15 CITY,0,VACANT LAND NE,CEDAR RAPIDS CITY OF,,,,,,,,,,0,0,0,0,0,0,0,0,0,0,113413002200000,CITY PROPERTY,EXEMPT,0,0,0,0,0,0
113417700300000,,Exempt,E-15 CITY,0,VACANT LAND NE,CITY OF CEDAR RAPIDS,8.5,,,,,,,,,0,0,0,0,0,0,0,0,0,0,113417700300000,CITY PROPERTY,EXEMPT,0,0,0,0,0,0
113425100100000,,Exempt,E-15 CITY,0,VACANT LAND NE,CEDAR RAPIDS CITY OF,2.78,,,,,,,,,0,0,0,0,0,0,0,0,0,0,113425100100000,CITY PROPERTY,EXEMPT,0,0,0,0,0,0
113425400300000,,Exempt,E-15 CITY,6900,COUNCIL ST NE,CEDAR RAPIDS CITY OF,0.45,,,,,,,,,0,0,0,0,0,0,0,0,0,0,113425400300000,NE 159,RESIDENTIAL,10100,0,10100,0,0,10100
113425800100000,,Exempt,E-15 CITY,0,VACANT LAND NE,CEDAR RAPIDS CITY OF,0.97,,,,,,,,,0,0,0,0,0,0,0,0,0,0,113425800100000,CITY PROPERTY,EXEMPT,0,0,0,0,0,0
113425900100000,,Exempt,E-15 CITY,0,VACANT LAND NE,CEDAR RAPIDS CITY OF,1.4,,,,,,,,,0,0,0,0,0,0,0,0,0,0,113425900100000,CITY PROPERTY,EXEMPT,0,0,0,0,0,0
113440300100000,,Exempt,E-15 CITY,415,BRODERICK DR NE,CITY OF CEDAR RAPIDS,0.5939,,,,,,,,,0,0,0,0,0,0,0,0,0,0,113440300100000,CITY PROPERTY,EXEMPT,0,0,0,0,0,0
113447600100000,,Exempt,E-15 CITY,0,VACANT LAND NE,CITY OF CEDAR RAPIDS,18.13,,,,,,,,,0,0,0,0,0,0,0,0,0,0,113447600100000,CITY PROPERTY,EXEMPT,0,0,0,0,0,0
113447601000000,,Exempt,E-15 CITY,0,VACANT LAND NE,CITY OF CEDAR RAPIDS,1.5875,,,,,,,,,0,0,0,0,0,0,0,0,0,0,113447601000000,CITY PROPERTY,EXEMPT,0,0,0,0,0,0
113447601900000,,Exempt,E-15 CITY,0,VACANT LAND NE,CITY OF CEDAR RAPIDS,1.3769,,,,,,,,,0,0,0,0,0,0,0,0,0,0,113447601900000,CITY PROPERTY,EXEMPT,0,0,0,0,0,0
113535200300000,,Exempt,E-15 CITY,0,VACANT LAND NE,CEDAR RAPIDS CITY OF,21.03,,,,,,,,,0,0,0,0,0,0,0,0,0,0,113535200300000,CITY PROPERTY,EXEMPT,0,0,0,0,0,0
113542800200000,,Exempt,E-15 CITY,0,VACANT LAND NE,CITY OF CEDAR RAPIDS,13.73,,,,,,,,,0,0,0,0,0,0,0,0,0,0,113542800200000,CITY PROPERTY,EXEMPT,0,0,0,0,0,0
123610201200000,,Exempt,E-15 CITY,0,VACANT LAND NE,CEDAR RAPIDS CITY OF,0.3594,,,,,,,,,0,0,0,0,0,0,0,0,0,0,123610201200000,CITY PROPERTY,EXEMPT,0,0,0,0,0,0
123640300700000,,Exempt,E-15 CITY,0,VACANT LAND NE,CEDAR RAPIDS CITY OF,1.5,,,,,,,,,0,0,0,0,0,0,0,0,0,0,123640300700000,CITY PROPERTY,EXEMPT,0,0,0,0,0,0
131147600100000,,Exempt,E-15 CITY,0,VACANT LAND NE,CITY OF CEDAR RAPIDS (SEMINOLE PARK),109.52,,,,,,,,,0,0,0,0,0,0,0,0,0,0,131147600100000,CITY PROPERTY,EXEMPT,0,0,0,0,0,0
131327600100000,SEMINOLE PARK,Exempt,E-15 CITY,5925,SEMINOLE VALLEY TR NE,CITY OF CEDAR RAPIDS (SEMINOLE PARK),217.27,,,,,,,,,0,0,0,0,0,0,0,0,0,0,131327600100000,CITY PROPERTY,EXEMPT,0,0,0,0,0,0
131345101000000,,Exempt,E-15 CITY,0,VACANT LOT NW,CEDAR RAPIDS CITY OF,0.4165,,,,,,,,,0,0,0,0,0,0,0,0,0,0,131345101000000,CITY PROPERTY,EXEMPT,0,0,0,0,0,0
131410100100000,,Exempt,E-15 CITY,0,VACANT LAND NE,CITY OF CEDAR RAPIDS (SEMINOLE PARK),80.26,,,,,,,,,0,0,0,0,0,0,0,0,0,0,131410100100000,CITY PROPERTY,EXEMPT,0,0,0,0,0,0
131515200900000,,Exempt,E-15 CITY,0,VACANT LAND NW,CEDAR RAPIDS CITY OF,1.14,,,,,,,,,0,0,0,0,0,0,0,0,0,0,131515200900000,CITY PROPERTY,EXEMPT,0,0,0,0,0,0
131522600100000,,Exempt,E-15 CITY,0,VACANT LAND NW,CEDAR RAPIDS CITY OF,5.62,,,,,,,,,0,0,0,0,0,0,0,0,0,0,131522600100000,CITY PROPERTY,EXEMPT,0,0,0,0,0,0
131532600100000,,Exempt,E-15 CITY,7807,ELLIS RD NW,CEDAR RAPIDS CITY OF,,,,,,,,,,0,0,0,0,0,0,0,0,0,0,131532600100000,CITY PROPERTY,EXEMPT,0,0,0,0,0,0
131542601200000,,Exempt,E-15 CITY,0,VACANT LAND NW,CEDAR RAPIDS CITY OF,1.77,,,,,,,,,0,0,0,0,0,0,,,,,131542601200000,CITY PROPERTY,EXEMPT,0,0,0,0,0,0
132247701500000,,Exempt,E-15 CITY,0,VACANT LAND NW,CEDAR RAPIDS CITY OF CITY HALL,1.4,,,,,,,,,0,0,0,0,0,0,0,0,0,0,132247701500000,CITY PROPERTY,EXEMPT,0,0,0,0,0,0
132410100500000,,Exempt,E-15 CITY,1610,EDGEWOOD RD NW,CEDAR RAPIDS CITY OF,0.3519,,,,,,,,,0,0,0,0,0,0,0,0,0,0,132410100500000,CITY PROPERTY,EXEMPT,0,0,0,0,0,0
132415202400000,,Exempt,E-15 CITY,0,VACANT LAND NW,CEDAR RAPIDS CITY OF,0.2893,,,,,,,,,0,0,0,0,0,0,0,0,0,0,132415202400000,CITY PROPERTY,EXEMPT,0,0,0,0,0,0
132415300200000,,Exempt,E-15 CITY,0,VACANT LAND NW,CITY OF CEDAR RAPIDS,3.17,,,,,,,,,0,0,0,0,0,0,0,0,0,0,132415300200000,CITY PROPERTY,EXEMPT,0,0,0,0,0,0
132415301500000,,Exempt,E-15 CITY,0,VACANT LAND NW,CITY OF CEDAR RAPIDS,4.13,,,,,,,,,0,0,0,0,0,0,0,0,0,0,132415301500000,CITY PROPERTY,EXEMPT,0,0,0,0,0,0
132425101100000,,Exempt,E-15 CITY,0,VACANT LAND NW,CEDAR RAPIDS CITY OF CITY CLERK,,,,,,,,,,0,0,0,0,0,0,0,0,0,0,132425101100000,CITY PROPERTY,EXEMPT,0,0,0,0,0,0
132425301700000,,Exempt,E-15 CITY,0,VACANT LAND NW,CEDAR RAPIDS CITY OF,0.46,,,,,,,,,0,0,0,0,0,0,,,,,132425301700000,CITY PROPERTY,EXEMPT,0,0,0,0,0,0
132432600700000,,Ag Land,NW 345,0,VACANT LAND NW,CITY OF CEDAR RAPIDS % CITY AUDITOR,7.7,,,,,,,,,10856,0,10856,0,0,10856,7170,0,0,7170,132432600700000,CITY PROPERTY,EXEMPT,0,0,0,0,0,0
132438002700000,,Exempt,E-15 CITY,0,VACANT LAND NW,CITY OF CEDAR RAPIDS,1.0165,,,,,,,,,0,0,0,0,0,0,0,0,0,0,132438002700000,CITY PROPERTY,EXEMPT,0,0,0,0,0,0
132515100100000,,Exempt,E-15 CITY,0,VACANT LAND NW,CITY OF CEDAR RAPIDS,0.585,,,,,,,,,0,0,0,0,0,0,0,0,0,0,132515100100000,CITY PROPERTY,EXEMPT,0,0,0,0,0,0
132515100200000,,Exempt,E-15 CITY,0,VACANT LAND NW,CITY OF CEDAR RAPIDS,0.281,,,,,,,,,0,0,0,0,0,0,0,0,0,0,132515100200000,CITY PROPERTY,EXEMPT,0,0,0,0,0,0
132515100300000,,Exempt,E-15 CITY,0,VACANT LAND NW,CITY OF CEDAR RAPIDS,0.422,,,,,,,,,0,0,0,0,0,0,0,0,0,0,132515100300000,CITY PROPERTY,EXEMPT,0,0,0,0,0,0
132515200100000,,Exempt,E-15 CITY,0,VACANT LAND NW,CITY OF CEDAR RAPIDS,10.53,,,,,,,,,0,0,0,0,0,0,0,0,0,0,132515200100000,CITY PROPERTY,EXEMPT,0,0,0,0,0,0
132515300800000,,Exempt,E-15 CITY,0,VACANT LAND NW,CITY OF CEDAR RAPIDS,0.298,,,,,,,,,0,0,0,0,0,0,0,0,0,0,132515300800000,CITY PROPERTY,EXEMPT,0,0,0,0,0,0
132517600200000,,Exempt,E-15 CITY,3572,JOHNSON AVE NW,CITY OF CEDAR RAPIDS,4.0,,,,,,,,,0,0,0,0,0,0,0,0,0,0,132517600200000,CITY PROPERTY,EXEMPT,0,0,0,0,0,0
132520401600000,,Exempt,E-15 CITY,0,VACANT LAND NW,CITY OF CEDAR RAPIDS,1.4624,,,,,,,,,0,0,0,0,0,0,0,0,0,0,132520401600000,CITY PROPERTY,EXEMPT,0,0,0,0,0,0
132525301500000,,Exempt,E-15 CITY,0,VACANT LAND NW,CITY OF CEDAR RAPIDS,0.2254,,,,,,,,,0,0,0,0,0,0,0,0,0,0,132525301500000,CITY PROPERTY,EXEMPT,0,0,0,0,0,0
132525301600000,,Exempt,E-15 CITY,0,VACANT LAND NW,CITY OF CEDAR RAPIDS (PARK),2.4929,,,,,,,,,0,0,0,0,0,0,0,0,0,0,132525301600000,CITY PROPERTY,EXEMPT,0,0,0,0,0,0
132525800100000,,Exempt,E-15 CITY,0,VACANT LAND NW,CITY OF CEDAR RAPIDS (PARK),1.71,,,,,,,,,0,0,0,0,0,0,0,0,0,0,132525800100000,CITY PROPERTY,EXEMPT,0,0,0,0,0,0
132527601000000,,Exempt,E-15 CITY,0,VACANT LAND NW,CITY OF CEDAR RAPIDS,0.5676,,,,,,,,,0,0,0,0,0,0,0,0,0,0,132527601000000,CITY PROPERTY,EXEMPT,0,0,0,0,0,0
132528400100000,,Exempt,E-15 CITY,4201,JUPITER AVE NW,CITY OF CEDAR RAPIDS,0.1688,,,,,,,,,0,0,0,0,0,0,0,0,0,0,132528400100000,CITY PROPERTY,EXEMPT,0,0,0,0,0,0
132528400200000,,Exempt,E-15 CITY,0,VACANT LAND NW,CITY OF CEDAR RAPIDS,1.5506,,,,,,,,,0,0,0,0,0,0,0,0,0,0,132528400200000,CITY PROPERTY,EXEMPT,0,0,0,0,0,0
132528500100000,,Exempt,E-15 CITY,0,VACANT LAND NW,CITY OF CEDAR RAPIDS,1.18,,,,,,,,,0,0,0,0,0,0,0,0,0,0,132528500100000,CITY PROPERTY,EXEMPT,0,0,0,0,0,0
132528600600000,,Exempt,E-15 CITY,0,VACANT LAND NW,CITY OF CEDAR RAPIDS,3.17,,,,,,,,,0,0,0,0,0,0,0,0,0,0,132528600600000,CITY PROPERTY,EXEMPT,0,0,0,0,0,0
132528700100000,,Exempt,E-15 CITY,0,VACANT LAND NW,CITY OF CEDAR RAPIDS,1.27,,,,,,,,,0,0,0,0,0,0,0,0,0,0,132528700100000,CITY PROPERTY,EXEMPT,0,0,0,0,0,0
132528700200000,,Exempt,E-15 CITY,0,VACANT LAND NW,CITY OF CEDAR RAPIDS,0.83,,,,,,,,,0,0,0,0,0,0,0,0,0,0,132528700200000,CITY PROPERTY,EXEMPT,0,0,0,0,0,0
132530300200000,,Exempt,E-15 CITY,0,VACANT LAND NW,CEDAR RAPIDS CITY OF,1.05,,,,,,,,,0,0,0,0,0,0,0,0,0,0,132530300200000,CITY PROPERTY,EXEMPT,0,0,0,0,0,0
132532700200000,,Exempt,E-15 CITY,0,VACANT LAND NW,CITY OF CEDAR RAPIDS,3.16,,,,,,,,,0,0,0,0,0,0,0,0,0,0,132532700200000,CITY PROPERTY,EXEMPT,0,0,0,0,0,0
132535100500000,,Exempt,E-15 CITY,0,VACANT LAND NW,CITY OF CEDAR RAPIDS,1.91,,,,,,,,,0,0,0,0,0,0,0,0,0,0,132535100500000,CITY PROPERTY,EXEMPT,0,0,0,0,0,0
132537700100000,,Exempt,E-15 CITY,100,WILEY BLVD SW,CITY OF CEDAR RAPIDS,1.0,,,,,,,,,0,0,0,0,0,0,0,0,0,0,132537700100000,CITY PROPERTY,EXEMPT,0,0,0,0,0,0
132548000600000,VACANT LAND,Exempt,E-15 CITY,0,VACANT LAND SW,CEDAR RAPIDS CITY OF,0.988,,,,,,,,,0,0,0,0,0,0,0,0,0,0,132548000600000,CITY PROPERTY,EXEMPT,0,0,0,0,0,0
132610400900000,,Exempt,E-15 CITY,0,VACANT LAND NW,CITY OF CEDAR RAPIDS,0.046,,,,,,,,,0,0,0,0,0,0,0,0,0,0,132610400900000,NW 329,RESIDENTIAL,7500,0,7500,0,0,7500
132627600100000,,Exempt,E-15 CITY,341,STONEY POINT RD NW,CITY OF CEDAR RAPIDS (CHERRY HILL PARK),61.27,,,,,,,,,0,0,0,0,0,0,0,0,0,0,132627600100000,CITY PROPERTY,EXEMPT,0,0,0,0,0,0
132632700300000,,Exempt,E-15 CITY,0,VACANT LAND SW,CITY OF CEDAR RAPIDS,2.538,,,,,,,,,0,0,0,0,0,0,0,0,0,0,132632700300000,CITY PROPERTY,EXEMPT,0,0,0,0,0,0
132642702200000,,Exempt,E-15 CITY,0,VACANT LAND NW,CITY OF CEDAR RAPIDS,6.96,,,,,,,,,0,0,0,0,0,0,0,0,0,0,132642702200000,CITY PROPERTY,EXEMPT,0,0,0,0,0,0
132710300100000,,Exempt,E-15 CITY,0,VACANT LAND NW,CEDAR RAPIDS CITY OF,1.49,,,,,,,,,0,0,0,0,0,0,0,0,0,0,132710300100000,CITY PROPERTY,EXEMPT,0,0,0,0,0,0
132710400700000,,Exempt,E-15 CITY,0,VACANT LAND NW,CEDAR RAPIDS CITY OF,0.52,,,,,,,,,0,0,0,0,0,0,0,0,0,0,132710400700000,CITY PROPERTY,EXEMPT,0,0,0,0,0,0
132712701800000,,Exempt,E-15 CITY,0,VACANT LAND NW,CEDAR RAPIDS CITY OF,,,,,,,,,,0,0,0,0,0,0,0,0,0,0,132712701800000,CITY PROPERTY,EXEMPT,0,0,0,0,0,0
132725500200000,,Exempt,E-15 CITY,0,VACANT LAND NW,CEDAR RAPIDS CITY OF,0.86,,,,,,,,,0,0,0,0,0,0,0,0,0,0,132725500200000,CITY PROPERTY,EXEMPT,0,0,0,0,0,0
132725601800000,,Exempt,E-15 CITY,0,VACANT LAND NW,CEDAR RAPIDS CITY OF,1.14,,,,,,,,,0,0,0,0,0,0,,,,,132725601800000,CITY PROPERTY,EXEMPT,0,0,0,0,0,0
132740103500000,,Exempt,E-15 CITY,0,VACANT LAND SW,CEDAR RAPIDS CITY OF,1.88,,,,,,,,,0,0,0,0,0,0,0,0,0,0,132740103500000,CITY PROPERTY,EXEMPT,0,0,0,0,0,0
132742700100000,,Exempt,E-15 CITY,0,VACANT LAND SW,CITY OF CEDAR RAPIDS,0.5254,,,,,,,,,0,0,0,0,0,0,0,0,0,0,132742700100000,CITY PROPERTY,EXEMPT,0,0,0,0,0,0
133517600100000,,Exempt,E-15 CITY,0,VACANT LAND SW,CITY OF CEDAR RAPIDS,16.39,,,,,,,,,0,0,0,0,0,0,0,0,0,0,133517600100000,CITY PROPERTY,EXEMPT,0,0,0,0,0,0
140222701700000,,Other,E-15 CITY,0,VACANT LAND NE,CITY OF CEDAR RAPIDS,,,,,,,,,,0,0,0,0,0,0,0,0,0,0,,,,,,,,,
140237600500000,,Exempt,E-15 CITY,0,VACANT LAND NE,CEDAR RAPIDS CITY OF,,,,,,,,,,0,0,0,0,0,0,,,,,140237600500000,CITY PROPERTY,EXEMPT,0,0,0,0,0,0
140240200500000,,Exempt,E-15 CITY,0,VACANT LAND NE,CEDAR RAPIDS CITY OF,,,,,,,,,,0,0,0,0,0,0,,,,,140240200500000,CITY PROPERTY,EXEMPT,0,0,0,0,0,0
140320400100000,,Exempt,E-15 CITY,0,VACANT LAND NE,CITY OF CEDAR RAPIDS,0.33,,,,,,,,,0,0,0,0,0,0,0,0,0,0,140320400100000,CITY PROPERTY,EXEMPT,0,0,0,0,0,0
140330100200000,,Exempt,E-15 CITY,0,VACANT LAND NE,CITY OF CEDAR RAPIDS,2.81,,,,,,,,,0,0,0,0,0,0,0,0,0,0,140330100200000,CITY PROPERTY,EXEMPT,0,0,0,0,0,0
140332600100000,,Exempt,E-15 CITY,0,VACANT LAND NE,CITY OF CEDAR RAPIDS /PARK/,99.0,,,,,,,,,0,0,0,0,0,0,0,0,0,0,140332600100000,CITY PROPERTY,EXEMPT,0,0,0,0,0,0
140417600500000,,Commercial,E-15 CITY,5131,COUNCIL ST NE,CEDAR RAPIDS CITY OF,2.66,,,,,,,,,0,629100,629100,0,10070,639170,0,0,0,0,140417600500000,FLAT PARKING,COMMERCIAL,0,595700,595700,0,20700,616400
140425100100000,,Exempt,E-15 CITY,0,VACANT LAND NE,CITY OF CEDAR RAPIDS,0.77,,,,,,,,,0,0,0,0,0,0,0,0,0,0,140425100100000,CITY PROPERTY,EXEMPT,0,0,0,0,0,0
140425200100000,,Exempt,E-15 CITY,0,VACANT LAND NE,CITY OF CEDAR RAPIDS,19.95,,,,,,,,,0,0,0,0,0,0,0,0,0,0,140425200100000,CITY PROPERTY,EXEMPT,0,0,0,0,0,0
140430101200000,,Exempt,E-15 CITY,0,VACANT LAND NE,CEDAR RAPIDS CITY OF,0.8,,,,,,,,,0,0,0,0,0,0,0,0,0,0,140430101200000,CITY PROPERTY,EXEMPT,0,0,0,0,0,0
140430101400000,,Exempt,E-15 CITY,,0 VACANT LAND NE,CEDAR RAPIDS CITY OF,0.08,,,,,,,,,0,0,0,0,0,0,,,,,140430101400000,CITY PROPERTY,EXEMPT,0,0,0,0,0,0
140437600500000,,Exempt,E-15 CITY,0,VACANT LAND NE,CEDAR RAPIDS CITY OF,2.05,,,,,,,,,0,0,0,0,0,0,0,0,0,0,140437600500000,CITY PROPERTY,EXEMPT,0,0,0,0,0,0
140445800900000,,Exempt,E-15 CITY,0,VACANT LAND NE,CEDAR RAPIDS CITY OF,0.2,,,,,,,,,0,0,0,0,0,0,0,0,0,0,140445800900000,CITY PROPERTY,EXEMPT,0,0,0,0,0,0
140447800800000,,Exempt,E-15 CITY,0,VACANT LAND NE,CEDAR RAPIDS CITY OF,0.03,,,,,,,,,0,0,0,0,0,0,0,0,0,0,140447800800000,CITY PROPERTY,EXEMPT,0,0,0,0,0,0
140447801000000,,Exempt,E-15 CITY,4424,RUSHMORE DR NE,CEDAR RAPIDS CITY OF,0.217,,,,,,,,,0,0,0,0,0,0,0,0,0,0,140447801000000,CITY PROPERTY,EXEMPT,0,0,0,0,0,0
140447802800000,,Exempt,E-15 CITY,0,VACANT LAND NE,CITY OF CEDAR RAPIDS,0.095,,,,,,,,,0,0,0,0,0,0,0,0,0,0,140447802800000,CITY PROPERTY,EXEMPT,0,0,0,0,0,0
140535100100000,,Exempt,E-15 CITY,3600,42ND ST NE,CITY OF CEDAR RAPIDS (TWIN PINE GOLF COURSE),148.14,,,,,,,,,0,0,0,0,0,0,0,0,0,0,140535100100000,CITY PROPERTY,EXEMPT,0,0,0,0,0,0
140540200100000,,Exempt,E-15 CITY,0,VACANT LAND NE,CITY OF CEDAR RAPIDS,8.48,,,,,,,,,0,0,0,0,0,0,0,0,0,0,140540200100000,CITY PROPERTY,EXEMPT,0,0,0,0,0,0
140547601400000,,Exempt,E-15 CITY,0,VACANT LAND NE,CITY OF CEDAR RAPIDS,1.9,,,,,,,,,0,0,0,0,0,0,0,0,0,0,140547601400000,CITY PROPERTY,EXEMPT,0,0,0,0,0,0
140627600300000,,Exempt,E-15 CITY,0,VACANT LAND NE,CEDAR RAPIDS CITY OF,8.08,,,,,,,,,0,0,0,0,0,0,0,0,0,0,,,,,,,,,
140737600100000,,Exempt,E-15 CITY,0,VACANT LAND NW,CITY OF CEDAR RAPIDS,23.0,,,,,,,,,0,0,0,0,0,0,0,0,0,0,140737600100000,CITY PROPERTY,EXEMPT,0,0,0,0,0,0
140745100100000,,Exempt,E-15 CITY,0,VACANT LAND NW,CITY OF CEDAR RAPIDS,46.0,,,,,,,,,0,0,0,0,0,0,0,0,0,0,140745100100000,CITY PROPERTY,EXEMPT,0,0,0,0,0,0
140818001300000,,Exempt,E-15 CITY,0,VACANT LAND NE,CEDAR RAPIDS CITY OF,0.4,,,,,,,,,0,0,0,0,0,0,,,,,140818001300000,CITY PROPERTY,EXEMPT,0,0,0,0,0,0
140822602400000,,Exempt,E-15 CITY,3601,42ND ST NE,CITY OF CEDAR RAPIDS,0.95,,,,,,,,,0,0,0,0,0,0,0,0,0,0,140822602400000,OFFICE,COMMERCIAL,0,190000,190000,0,280600,470600
140832602700000,,Exempt,E-15 CITY,0,VACANT LAND NE,CEDAR RAPIDS CITY OF,19.51,,,,,,,,,0,0,0,0,0,0,0,0,0,0,140832602700000,CITY PROPERTY,EXEMPT,0,0,0,0,0,0
140837600100000,,Exempt,E-15 CITY,0,VACANT LAND NE,CEDAR RAPIDS CITY OF,24.91,,,,,,,,,0,0,0,0,0,0,0,0,0,0,140837600100000,CITY PROPERTY,EXEMPT,0,0,0,0,0,0
140930201600000,,Exempt,E-15 CITY,0,VACANT LAND NE,CITY OF CEDAR RAPIDS,3.86,,,,,,,,,0,0,0,0,0,0,0,0,0,0,140930201600000,CITY PROPERTY,EXEMPT,0,0,0,0,0,0
140945200100000,,Exempt,E-15 CITY,0,VACANT LAND NE,CITY OF CEDAR RAPIDS,0.84,,,,,,,,,0,0,0,0,0,0,0,0,0,0,140945200100000,CITY PROPERTY,EXEMPT,0,0,0,0,0,0
141015900800000,,Exempt,E-15 CITY,900,35TH ST NE,CITY OF CEDAR RAPIDS,1.72,,,,,,,,,0,0,0,0,0,0,0,0,0,0,141015900800000,CITY PROPERTY,EXEMPT,0,0,0,0,0,0
141127603200000,,Exempt,E-15 CITY,0,VACANT LAND SE,CITY OF CEDAR RAPIDS,3.27,,,,,,,,,0,0,0,0,0,0,0,0,0,0,141127603200000,CITY PROPERTY,EXEMPT,0,0,0,0,0,0
141130500600000,,Exempt,E-15 CITY,0,VACANT LAND SE,CEDAR RAPIDS CITY OF,0.3391,,,,,,,,,0,0,0,0,0,0,0,0,0,0,,,,,,,,,
141130500700000,,Exempt,E-15 CITY,0,VACANT LAND SE,CITY OF CEDAR RAPIDS,0.35,,,,,,,,,0,0,0,0,0,0,0,0,0,0,141130500700000,CITY PROPERTY,EXEMPT,0,0,0,0,0,0
141130500800000,,Exempt,E-15 CITY,0,VACANT LAND SE,CITY OF CEDAR RAPIDS,0.35,,,,,,,,,0,0,0,0,0,0,0,0,0,0,141130500800000,CITY PROPERTY,EXEMPT,0,0,0,0,0,0
141135300300000,,Exempt,E-15 CITY,0,VACANT LAND NE,CITY OF CEDAR RAPIDS,0.1,,,,,,,,,0,0,0,0,0,0,0,0,0,0,141135300300000,CITY PROPERTY,EXEMPT,0,0,0,0,0,0
141135300500000,,Exempt,E-15 CITY,206,29TH ST NE,CITY OF CEDAR RAPIDS,0.38,,,,,,,,,0,0,0,0,0,0,0,0,0,0,141135300500000,CITY PROPERTY,EXEMPT,0,0,0,0,0,0
141137600400000,,Exempt,E-15 CITY,0,VACANT LAND SE,CITY OF CEDAR RAPIDS,0.231,,,,,,,,,0,0,0,0,0,0,0,0,0,0,141137600400000,CITY PROPERTY,EXEMPT,0,0,0,0,0,0
141137600500000,,Exempt,E-15 CITY,0,VACANT LAND SE,CITY OF CEDAR RAPIDS,0.296,,,,,,,,,0,0,0,0,0,0,0,0,0,0,141137600500000,CITY PROPERTY,EXEMPT,0,0,0,0,0,0
141137600600000,,Exempt,E-15 CITY,3145,EMERALD AVE SE,CITY OF CEDAR RAPIDS,0.149,,,,,,,,,0,0,0,0,0,0,0,0,0,0,141137600600000,CITY PROPERTY,EXEMPT,0,0,0,0,0,0
141138001700000,,Exempt,E-15 CITY,0,VACANT LAND SE,CITY OF CEDAR RAPIDS,0.065,,,,,,,,,0,0,0,0,0,0,0,0,0,0,141138001700000,CITY PROPERTY,EXEMPT,0,0,0,0,0,0
141138001800000,,Exempt,E-15 CITY,0,VACANT LAND SE,CITY OF CEDAR RAPIDS,2.954,,,,,,,,,0,0,0,0,0,0,0,0,0,0,141138001800000,CITY PROPERTY,EXEMPT,0,0,0,0,0,0
141145700700000,,Exempt,E-15 CITY,0,VACANT LAND SE,CITY OF CEDAR RAPIDS,0.657,,,,,,,,,0,0,0,0,0,0,0,0,0,0,141145700700000,CITY PROPERTY,EXEMPT,0,0,0,0,0,0
141332600900000,,Exempt,E-15 CITY,0,VACANT LAND SE,CITY OF CEDAR RAPIDS,14.15,,,,,,,,,0,0,0,0,0,0,0,0,0,0,141332600900000,CITY PROPERTY,EXEMPT,0,0,0,0,0,0
141337602000000,,Exempt,E-15 CITY,0,VACANT LAND SE,CITY OF CEDAR RAPIDS,4.98,,,,,,,,,0,0,0,0,0,0,0,0,0,0,141337602000000,CITY PROPERTY,EXEMPT,0,0,0,0,0,0
141337602100000,,Exempt,E-15 CITY,0,VACANT LAND SE,CITY OF CEDAR RAPIDS,,,,,,,,,,0,0,0,0,0,0,0,0,0,0,141337602100000,CITY PROPERTY,EXEMPT,0,0,0,0,0,0
141345400100000,,Exempt,E-15 CITY,0,VACANT LAND SE,CITY OF CEDAR RAPIDS,4.94,,,,,,,,,0,0,0,0,0,0,0,0,0,0,141345400100000,CITY PROPERTY,EXEMPT,0,0,0,0,0,0
141420100100000,,Exempt,E-15 CITY,0,VACANT LAND SE,CITY OF CEDAR RAPIDS,2.826,,,,,,,,,0,0,0,0,0,0,0,0,0,0,141420100100000,CITY PROPERTY,EXEMPT,0,0,0,0,0,0
141420100200000,,Exempt,E-15 CITY,0,VACANT LAND SE,CITY OF CEDAR RAPIDS,0.292,,,,,,,,,0,0,0,0,0,0,0,0,0,0,141420100200000,CITY PROPERTY,EXEMPT,0,0,0,0,0,0
141445100300000,,Exempt,E-15 CITY,0,VACANT LAND SE,CITY OF CEDAR RAPIDS,8.89,,,,,,,,,0,0,0,0,0,0,0,0,0,0,141445100300000,CITY PROPERTY,EXEMPT,0,0,0,0,0,0
141445200100000,,Exempt,E-15 CITY,0,VACANT LAND SE,CITY OF CEDAR RAPIDS,2.84,,,,,,,,,0,0,0,0,0,0,0,0,0,0,141445200100000,CITY PROPERTY,EXEMPT,0,0,0,0,0,0
141445200400000,,Exempt,E-15 CITY,0,VACANT LAND NE,CITY OF CEDAR RAPIDS,2.28,,,,,,,,,0,0,0,0,0,0,0,0,0,0,141445200400000,CITY PROPERTY,EXEMPT,0,0,0,0,0,0
141447800400000,,Exempt,E-15 CITY,0,VACANT LAND SE,CEDAR RAPIDS CITY OF,6.62,,,,,,,,,0,0,0,0,0,0,0,0,0,0,141447800400000,CITY PROPERTY,EXEMPT,0,0,0,0,0,0
141515102100000,,Exempt,E-15 CITY,0,VACANT LAND NE,CITY OF CEDAR RAPIDS,0.2268,,,,,,,,,0,0,0,0,0,0,0,0,0,0,141515102100000,CITY PROPERTY,EXEMPT,0,0,0,0,0,0
141530101100000,,Exempt,E-15 CITY,0,VACANT LAND NE,CITY OF CEDAR RAPIDS,0.85,,,,,,,,,0,0,0,0,0,0,0,0,0,0,141530101100000,CITY PROPERTY,EXEMPT,0,0,0,0,0,0
141615200100000,,Exempt,E-15 CITY,0,VACANT LAND NE,CITY OF CEDAR RAPIDS,14.1,,,,,,,,,0,0,0,0,0,0,0,0,0,0,141615200100000,CITY PROPERTY,EXEMPT,0,0,0,0,0,0
141625100200000,,Exempt,E-15 CITY,0,VACANT LAND NE,CITY OF CEDAR RAPIDS,45.99,,,,,,,,,0,0,0,0,0,0,0,0,0,0,141625100200000,CITY PROPERTY,EXEMPT,0,0,0,0,0,0
141630100100000,,Exempt,E-15 CITY,0,VACANT LAND NE,CITY OF CEDAR RAPIDS,2.8687,,,,,,,,,0,0,0,0,0,0,0,0,0,0,141630100100000,CITY PROPERTY,EXEMPT,0,0,0,0,0,0
141630100400000,,Exempt,E-15 CITY,0,VACANT LAND NE,CITY OF CEDAR RAPIDS,1.45,,,,,,,,,0,0,0,0,0,0,0,0,0,0,141630100400000,CITY PROPERTY,EXEMPT,0,0,0,0,0,0
141632600100000,,Exempt,E-15 CITY,1111,SHAVER RD NE,CEDAR RAPIDS CITY OF CITY WATER WORKS,17.66,,,,,,,,,0,0,0,0,0,0,0,0,0,0,141632600100000,CITY PROPERTY,EXEMPT,0,0,0,0,0,0
141632600400000,,Exempt,E-15 CITY,0,VACANT LAND NE,CITY OF CEDAR RAPIDS,4.5,,,,,,,,,0,0,0,0,0,0,0,0,0,0,141632600400000,CITY PROPERTY,EXEMPT,0,0,0,0,0,0
141632600600000,,Exempt,E-15 CITY,0,VACANT LAND NE,CITY OF CEDAR RAPIDS CITY WATER WORKS,0.06,,,,,,,,,0,0,0,0,0,0,0,0,0,0,,,,,,,,,
141632600700000,,Exempt,E-15 CITY,0,VACANT LAND NE,CEDAR RAPIDS CITY OF,0.13,,,,,,,,,0,0,0,0,0,0,0,0,0,0,141632600700000,CITY PROPERTY,EXEMPT,0,0,0,0,0,0
141635100200000,,Exempt,E-15 CITY,0,VACANT LAND NE,CITY OF CEDAR RAPIDS,1.02,,,,,,,,,0,0,0,0,0,0,0,0,0,0,141635100200000,CITY PROPERTY,EXEMPT,0,0,0,0,0,0
141637700100000,,Exempt,E-15 CITY,855,SHAVER RD NE,CITY OF CEDAR RAPIDS,0.6741,,,,,,,,,0,0,0,0,0,0,0,0,0,0,141637700100000,CITY PROPERTY,EXEMPT,0,0,0,0,0,0
141640100100000,,Exempt,E-15 CITY,0,VACANT LAND NE,CITY OF CEDAR RAPIDS,25.67,,,,,,,,,0,0,0,0,0,0,0,0,0,0,141640100100000,CITY PROPERTY,EXEMPT,0,0,0,0,0,0
141645900100000,,Exempt,E-15 CITY,791,SHAVER RD NE,CEDAR RAPIDS CITY OF,0.172,,,,,,,,,0,0,0,0,0,0,0,0,0,0,141645900100000,CITY PROPERTY,EXEMPT,0,0,0,0,0,0
141645900200000,,Exempt,E-15 CITY,793,SHAVER RD NE,CEDAR RAPIDS CITY OF CITY HALL,0.069,,,,,,,,,0,0,0,0,0,0,0,0,0,0,141645900200000,CITY PROPERTY,EXEMPT,0,0,0,0,0,0
141645900400000,,Exempt,E-15 CITY,799,SHAVER RD NE,CEDAR RAPIDS CITY OF,0.119,,,,,,,,,0,0,0,0,0,0,0,0,0,0,141645900400000,CITY PROPERTY,EXEMPT,0,0,0,0,0,0
141645900500000,,Exempt,E-15 CITY,801,SHAVER RD NE,CEDAR RAPIDS CITY OF,0.125,,,,,,,,,0,0,0,0,0,0,0,0,0,0,141645900500000,CITY PROPERTY,EXEMPT,0,0,0,0,0,0
141645900700000,,Exempt,E-15 CITY,813,SHAVER RD NE,CEDAR RAPIDS CITY OF,0.1607,,,,,Shop,1964,1516,,0,0,0,0,0,0,0,0,0,0,141645900700000,CITY PROPERTY,EXEMPT,0,0,0,0,0,0
141645901300000,,Exempt,E-15 CITY,0,VACANT LAND NE,CITY OF CEDAR RAPIDS,0.126,,,,,,,,,0,0,0,0,0,0,0,0,0,0,141645901300000,CITY PROPERTY,EXEMPT,0,0,0,0,0,0
141715300100000,,Exempt,E-15 CITY,0,VACANT LAND NE,CITY OF CEDAR RAPIDS,29.73,,,,,,,,,0,0,0,0,0,0,0,0,0,0,141715300100000,CITY PROPERTY,EXEMPT,0,0,0,0,0,0
141717800200000,,Exempt,E-15 CITY,0,VACANT LAND NE,CITY OF CEDAR RAPIDS,6.5,,,,,,,,,0,0,0,0,0,0,0,0,0,0,141717800200000,CITY PROPERTY,EXEMPT,0,0,0,0,0,0
141720300100000,,Exempt,E-15 CITY,100,J AVE NE,CITY OF CEDAR RAPIDS,2.5,,,,,,,,,0,0,0,0,0,0,0,0,0,0,141720300100000,CITY PROPERTY,EXEMPT,0,0,0,0,0,0
141722600100000,,Exempt,E-15 CITY,0,VACANT LAND NW,CITY OF CEDAR RAPIDS,15.0,,,,,,,,,0,0,0,0,0,0,0,0,0,0,141722600100000,CITY PROPERTY,EXEMPT,0,0,0,0,0,0
141725100400000,,Exempt,E-15 CITY,2510,ELLIS BLVD NW,CEDAR RAPIDS CITY OF % PROSOURCE TECHNOLOGIES,0.467,Single-Family,Salvage,1955-01-01,1316-01-01,,,,,0,0,0,0,0,0,33303,62851,0,96154,141725100400000,CITY PROPERTY,EXEMPT,0,0,0,0,0,0
141725101200000,,Exempt,E-15 CITY,0,VACANT LAND NW,CITY OF CEDAR RAPIDS % PARKS DEPT,6.41,,,,,,,,,0,0,0,0,0,0,0,0,0,0,141725101200000,NW 301,RESIDENTIAL,87100,0,87100,0,0,87100
141725200200000,,Exempt,E-15 CITY,0,VACANT LAND NW,CITY OF CEDAR RAPIDS,13.91,,,,,,,,,0,0,0,0,0,0,0,0,0,0,141725200200000,CITY PROPERTY,EXEMPT,0,0,0,0,0,0
141730100100000,,Exempt,E-15 CITY,1876,ELLIS LN NW,CITY OF CEDAR RAPIDS ELLIS PARK,156.68,,,,,,,,,0,0,0,0,0,0,0,0,0,0,141730100100000,CITY PROPERTY,EXEMPT,0,0,0,0,0,0
141732600100000,,Exempt,E-15 CITY,0,VACANT LAND NW,CITY OF CEDAR RAPIDS ELLIS PARK,22.2,,,,,,,,,0,0,0,0,0,0,0,0,0,0,141732600100000,CITY PROPERTY,EXEMPT,0,0,0,0,0,0
141740200200000,,Exempt,E-15 CITY,0,VACANT LAND NE,CITY OF CEDAR RAPIDS,47.2,,,,,,,,,0,0,0,0,0,0,0,0,0,0,141740200200000,CITY PROPERTY,EXEMPT,0,0,0,0,0,0
141810100100000,,Exempt,E-15 CITY,0,VACANT LAND NW,CITY OF CEDAR RAPIDS,44.11,,,,,,,,,0,0,0,0,0,0,0,0,0,0,141810100100000,CITY PROPERTY,EXEMPT,0,0,0,0,0,0
141815105300000,,Exempt,E-15 CITY,0,VACANT LAND NW,CITY OF CEDAR RAPIDS,19.7,,,,,,,,,0,0,0,0,0,0,0,0,0,0,141815105300000,CITY PROPERTY,EXEMPT,0,0,0,0,0,0
141817600100000,,Exempt,E-15 CITY,0,VACANT LAND NW,CITY OF CEDAR RAPIDS,38.75,,,,,,,,,0,0,0,0,0,0,0,0,0,0,141817600100000,CITY PROPERTY,EXEMPT,0,0,0,0,0,0
141820100200000,,Exempt,E-15 CITY,0,VACANT LAND NW,CITY OF CEDAR RAPIDS,5.95,,,,,,,,,0,0,0,0,0,0,0,0,0,0,141820100200000,CITY PROPERTY,EXEMPT,0,0,0,0,0,0
141822600100000,,Exempt,E-15 CITY,0,VACANT LAND NW,CITY OF CEDAR RAPIDS,4.37,,,,,,,,,0,0,0,0,0,0,0,0,0,0,141822600100000,CITY PROPERTY,EXEMPT,0,0,0,0,0,0
141822600400000,,Exempt,E-15 CITY,3326,ELLIS RD NW,CEDAR RAPIDS CITY OF % PROSOURCE TECHNOLOGIES,0.388,Single-Family,Salvage,1900-01-01,8001-01-01,,,,,0,0,0,0,0,0,8698,21949,0,30647,141822600400000,CITY PROPERTY,EXEMPT,0,0,0,0,0,0
141822600500000,,Exempt,E-15 CITY,3334,ELLIS RD NW,CEDAR RAPIDS CITY OF % PROSOURCE TECHNOLOGIES,0.452,Single-Family,Salvage,1960-01-01,1284-01-01,,,,,0,0,0,0,0,0,11294,79493,0,90787,141822600500000,CITY PROPERTY,EXEMPT,0,0,0,0,0,0
141822600700000,CARTER'S ELLIS MARINE,Exempt,E-15 CITY,3338,ELLIS RD NW,CEDAR RAPIDS CITY OF,0.771,Single-Family,1 Story Frame,1957-01-01,1152-01-01,Store - Retail Small,1980,0,,0,0,0,0,0,0,49961,0,146924,196885,141822600700000,CITY PROPERTY,EXEMPT,0,0,0,0,0,0
141822800100000,,Exempt,E-15 CITY,0,VACANT LAND NE,CEDAR RAPIDS CITY OF,4.0,,,,,,,,,0,0,0,0,0,0,0,0,0,0,141822800100000,CITY PROPERTY,EXEMPT,0,0,0,0,0,0
141840101700000,,Exempt,E-15 CITY,0,VACANT LAND NW,CITY OF CEDAR RAPIDS,2.5,,,,,,,,,0,0,0,0,0,0,0,0,0,0,141840101700000,CITY PROPERTY,EXEMPT,0,0,0,0,0,0
141840102100000,,Exempt,E-15 CITY,0,VACANT LAND NW,CEDAR RAPIDS CITY OF,3.59,,,,,,,,,0,0,0,0,0,0,,,,,141840102100000,CITY PROPERTY,EXEMPT,0,0,0,0,0,0
141840102200000,,Exempt,E-15 CITY,0,VACANT LAND NW,CEDAR RAPIDS CITY OF,0.266,,,,,,,,,0,0,0,0,0,0,,,,,141840102200000,NW 302,RESIDENTIAL,42500,0,42500,158500,0,201000
141840102300000,,Exempt,E-15 CITY,0,VACANT LAND NW,CEDAR RAPIDS CITY OF,0.266,,,,,,,,,0,0,0,0,0,0,,,,,141840102300000,NW 302,RESIDENTIAL,42500,0,42500,162500,0,205000
141847603000000,,Exempt,E-15 CITY,0,VACANT LAND NW,CEDAR RAPIDS CITY OF,2.96,,,,,,,,,0,0,0,0,0,0,0,0,0,0,141847603000000,CITY PROPERTY,EXEMPT,0,0,0,0,0,0
141922803800000,,Exempt,E-15 CITY,0,VACANT LAND NW,CITY OF CEDAR RAPIDS,0.149,,,,,,,,,0,0,0,0,0,0,0,0,0,0,141922803800000,CITY PROPERTY,EXEMPT,0,0,0,0,0,0
141940100100000,,Exempt,E-15 CITY,1101,19TH ST NW,CITY OF CEDAR RAPIDS,19.83,,,,,,,,,0,0,0,0,0,0,0,0,0,0,141940100100000,CITY PROPERTY,EXEMPT,0,0,0,0,0,0
141945500300000,,Exempt,E-15 CITY,0,VACANT LAND NW,CITY OF CEDAR RAPIDS,0.316,,,,,,,,,0,0,0,0,0,0,0,0,0,0,141945500300000,CITY PROPERTY,EXEMPT,0,0,0,0,0,0
141945601700000,,Exempt,E-15 CITY,0,VACANT LAND NW,CITY OF CEDAR RAPIDS,,,,,,,,,,0,0,0,0,0,0,0,0,0,0,141945601700000,CITY PROPERTY,EXEMPT,0,0,0,0,0,0
141947900100000,,Exempt,E-15 CITY,730,19TH ST NW,CITY OF CEDAR RAPIDS,0.193,,,,,,,,,0,0,0,0,0,0,0,0,0,0,141947900100000,CITY PROPERTY,EXEMPT,0,0,0,0,0,0
142010200100000,,Exempt,E-15 CITY,0,VACANT LAND NW,CITY OF CEDAR RAPIDS,0.2118,,,,,,,,,0,0,0,0,0,0,0,0,0,0,,,,,,,,,
142010200200000,,Exempt,E-15 CITY,1600,1ST ST NW,CEDAR RAPIDS CITY OF,0.15,Single-Family,Salvage,1938-01-01,7401-01-01,,,,,0,0,0,0,0,0,13905,40673,0,54578,,,,,,,,,
142010300100000,,Exempt,E-15 CITY,1626,4TH ST NW,CEDAR RAPIDS CITY OF,0.178,Single-Family,Salvage,1910-01-01,8401-01-01,,,,,0,0,0,0,0,0,14899,70644,0,85543,,,,,,,,,
142010300300000,,Exempt,E-15 CITY,1631,5TH ST NW,CEDAR RAPIDS CITY OF,0.147,Single-Family,Salvage,1915-01-01,5701-01-01,,,,,0,0,0,0,0,0,19800,63223,0,83023,,,,,,,,,
142010300400000,,Exempt,E-15 CITY,1627,5TH ST NW,CEDAR RAPIDS CITY OF % PROSOURCE TECHNOLOGIES,0.147,Single-Family,Salvage,1915-01-01,5701-01-01,,,,,0,0,0,0,0,0,19800,50013,0,69813,,,,,,,,,
142010300500000,,Exempt,E-15 CITY,1617,5TH ST NW,CEDAR RAPIDS CITY OF,0.147,Single-Family,Salvage,1910-01-01,5701-01-01,,,,,0,0,0,0,0,0,12870,64592,0,77462,,,,,,,,,
142010301000000,,Exempt,E-15 CITY,1602,4TH ST NW,CEDAR RAPIDS CITY OF,0.132,,,,,,,,,0,0,0,0,0,0,15593,41260,0,56853,,,,,,,,,
142010301200000,,Exempt,E-15 CITY,1608,4TH ST NW,CEDAR RAPIDS CITY OF % PROSOURCE TECHNOLOGIES,0.141,Single-Family,Salvage,1900-01-01,4801-01-01,,,,,0,0,0,0,0,0,16632,38089,0,54721,,,,,,,,,
142010301300000,,Exempt,E-15 CITY,1616,4TH ST NW,CEDAR RAPIDS CITY OF,0.147,,,,,,,,,0,0,0,0,0,0,17325,46875,0,64200,,,,,,,,,
142010301400000,,Exempt,E-15 CITY,1622,4TH ST NW,CEDAR RAPIDS CITY OF,0.147,Single-Family,Salvage,1905-01-01,5701-01-01,,,,,0,0,0,0,0,0,17325,51633,0,68958,,,,,,,,,
142010400100000,,Exempt,E-15 CITY,1668,1ST ST NW,CEDAR RAPIDS CITY OF % PROSOURCE TECHNOLOGIES,0.164,Single-Family,Salvage,1895-01-01,8401-01-01,,,,,0,0,0,0,0,0,12015,62526,0,74541,,,,,,,,,
142010400300000,,Exempt,E-15 CITY,1669,6TH ST NW,CEDAR RAPIDS CITY OF % PROSOURCE TECHNOLOGIES,0.147,Single-Family,Salvage,1918-01-01,8001-01-01,,,,,0,0,0,0,0,0,19800,54966,0,74766,,,,,,,,,
142010402100000,,Exempt,E-15 CITY,1638,5TH ST NW,CEDAR RAPIDS CITY OF,0.147,Single-Family,Salvage,1900-01-01,5701-01-01,,,,,0,0,0,0,0,0,19800,53443,0,73243,,,,,,,,,
142010402200000,,Exempt,E-15 CITY,1642,5TH ST NW,CEDAR RAPIDS CITY OF,0.176,Single-Family,Salvage,1910-01-01,7901-01-01,,,,,0,0,0,0,0,0,23760,59056,0,82816,,,,,,,,,
142010402300000,,Exempt,E-15 CITY,1652,5TH ST NW,CEDAR RAPIDS CITY OF & HOWARD E BROWN % CR FINANCE,0.265,Detached Structures Only,,1857-01-01,,,,,,0,0,0,0,0,0,23166,73419,0,96585,,,,,,,,,
142017600300000,,Exempt,E-15 CITY,1527,4TH ST NW,CEDAR RAPIDS CITY OF,0.147,Single-Family,Salvage,1895-01-01,7601-01-01,,,,,0,0,0,0,0,0,11261,51916,0,63177,,,,,,,,,
142017600600000,,Exempt,E-15 CITY,1513,4TH ST NW,CEDAR RAPIDS CITY OF,0.147,Single-Family,Salvage,1900-01-01,7401-01-01,,,,,0,0,0,0,0,0,17325,55402,0,72727,,,,,,,,,
142017600900000,,Exempt,E-15 CITY,306,N AVE NW,CEDAR RAPIDS CITY OF,0.115,,,,,,,,,0,0,0,0,0,0,15925,49420,0,65345,,,,,,,,,
142017601100000,,Exempt,E-15 CITY,1502,1ST ST NW,CEDAR RAPIDS CITY OF,0.272,Single-Family,Salvage,1890-01-01,8501-01-01,,,,,0,0,0,0,0,0,18915,42392,0,61307,,,,,,,,,
142017601500000,,Exempt,E-15 CITY,1522,1ST ST NW,CEDAR RAPIDS CITY OF % CITY OF CEDAR RAPIDS FINANCE,0.161,Single-Family,1 Story Frame,1928-01-01,8501-01-01,,,,,0,0,0,0,0,0,15300,33681,0,48981,,,,,,,,,
142017601600000,,Exempt,E-15 CITY,1530,1ST ST NW,CEDAR RAPIDS CITY OF % PROSOURCE TECHNOLOGIES,0.126,Single-Family,Salvage,1955-01-01,6701-01-01,,,,,0,0,0,0,0,0,14100,19008,0,33108,,,,,,,,,
142018000100000,,Exempt,E-15 CITY,1428,3RD ST NW,CEDAR RAPIDS CITY OF % CITY  OF CEDAR RAPIDS FINANCE,0.126,Single-Family,Salvage,1900-01-01,6001-01-01,,,,,0,0,0,0,0,0,16450,43937,0,60387,,,,,,,,,
142018000900000,,Exempt,E-15 CITY,308,M AVE NW,CEDAR RAPIDS CITY OF,0.126,Single-Family,Salvage,1900-01-01,5601-01-01,,,,,0,0,0,0,0,0,22330,58183,0,80513,,,,,,,,,
142018001000000,,Exempt,E-15 CITY,1406,3RD ST NW,CEDAR RAPIDS CITY OF % CITY OF CEDAR RAPIDS FINANCE,0.126,Single-Family,Salvage,1895-01-01,6901-01-01,,,,,0,0,0,0,0,0,16450,64881,0,81331,,,,,,,,,
142018001100000,,Exempt,E-15 CITY,1412,3RD ST NW,CEDAR RAPIDS CITY OF,0.126,Single-Family,Salvage,1895-01-01,4801-01-01,,,,,0,0,0,0,0,0,16450,29842,0,46292,,,,,,,,,
142018001200000,,Exempt,E-15 CITY,1416,3RD ST NW,CEDAR RAPIDS CITY OF,0.126,Single-Family,Salvage,1895-01-01,7301-01-01,,,,,0,0,0,0,0,0,16450,40961,0,57411,,,,,,,,,
142018001300000,,Exempt,E-15 CITY,1420,3RD ST NW,CEDAR RAPIDS CITY OF % CITY OF CEDAR RAPIDS FINANCE,0.152,Single-Family,1 1/2 Story Frame,1890-01-01,9301-01-01,,,,,0,0,0,0,0,0,19740,47953,0,67693,,,,,,,,,
142018001400000,,Exempt,E-15 CITY,1426,3RD ST NW,CEDAR RAPIDS CITY OF,0.101,,,,,,,,,0,0,0,0,0,0,13160,42098,0,55258,,,,,,,,,
142018400100000,,Exempt,E-15 CITY,1342,3RD ST NW,CEDAR RAPIDS CITY OF,0.126,Single-Family,Salvage,1900-01-01,6301-01-01,,,,,0,0,0,0,0,0,16450,46974,0,63424,,,,,,,,,
142018401300000,,Exempt,E-15 CITY,1308,3RD ST NW,CEDAR RAPIDS CITY OF,0.152,,,,,,,,,0,0,0,0,0,0,19740,53340,0,73080,,,,,,,,,
142018401400000,,Exempt,E-15 CITY,1312,3RD ST NW,CEDAR RAPIDS CITY OF,0.101,,,,,,,,,0,0,0,0,0,0,13160,38579,0,51739,,,,,,,,,
142018401500000,,Exempt,E-15 CITY,1316,3RD ST NW,CEDAR RAPIDS CITY OF,0.126,Single-Family,Salvage,1875-01-01,6401-01-01,,,,,0,0,0,0,0,0,16450,37709,0,54159,,,,,,,,,
142018401600000,,Exempt,E-15 CITY,1320,3RD ST NW,CEDAR RAPIDS CITY OF,0.126,Single-Family,Salvage,1895-01-01,7701-01-01,,,,,0,0,0,0,0,0,16450,35757,0,52207,,,,,,,,,
142018401700000,,Exempt,E-15 CITY,1328,3RD ST NW,CEDAR RAPIDS CITY OF % PROSOURCE TECHNOLOGIES,0.126,Single-Family,Salvage,1895-01-01,6801-01-01,,,,,0,0,0,0,0,0,16450,45147,0,61597,,,,,,,,,
142018401800000,,Exempt,E-15 CITY,1332,3RD ST NW,CEDAR RAPIDS CITY OF % PROSOURCE TECHNOLOGIES,0.126,Single-Family,Salvage,1900-01-01,5401-01-01,,,,,0,0,0,0,0,0,16450,17172,0,33622,,,,,,,,,
142018401900000,,Exempt,E-15 CITY,1336,3RD ST NW,CEDAR RAPIDS CITY OF,0.126,Single-Family,Salvage,1880-01-01,5701-01-01,,,,,0,0,0,0,0,0,16450,26765,0,43215,,,,,,,,,
142027700100000,,Exempt,E-15 CITY,0,VACANT LAND NW,CITY OF CEDAR RAPIDS,3.53,,,,,,,,,0,0,0,0,0,0,0,0,0,0,142027700100000,CITY PROPERTY,EXEMPT,0,0,0,0,0,0
142027700500000,,Exempt,E-15 CITY,0,VACANT LAND NW,CITY OF CEDAR RAPIDS,0.72,,,,,,,,,0,0,0,0,0,0,0,0,0,0,142027700500000,CITY PROPERTY,EXEMPT,0,0,0,0,0,0
142035700300000,,Exempt,E-15 CITY,0,VACANT LAND NW,CITY OF CEDAR RAPIDS,0.23,,,,,,,,,0,0,0,0,0,0,0,0,0,0,142035700300000,CITY PROPERTY,EXEMPT,0,0,0,0,0,0
142035700500000,,Exempt,E-15 CITY,0,VACANT LAND NW,CITY OF CEDAR RAPIDS,0.514,,,,,,,,,0,0,0,0,0,0,0,0,0,0,142035700500000,CITY PROPERTY,EXEMPT,0,0,0,0,0,0
142040100200000,,Exempt,E-15 CITY,1247,3RD ST NW,CEDAR RAPIDS CITY OF,0.115,Two-Family Conversion,Salvage,1898-01-01,7201-01-01,,,,,0,0,0,0,0,0,13200,33237,0,46437,,,,,,,,,
142040100300000,,Exempt,E-15 CITY,1245,3RD ST NW,CEDAR RAPIDS CITY OF % CITY OF CEDAR RAPIDS FINANCE,0.1148,,,,,,,,,0,0,0,0,0,0,8100,0,28348,36448,,,,,,,,,
142040100400000,FENCING ONLY,Exempt,E-15 CITY,0,VACANT LAND NW,CEDAR RAPIDS CITY OF % CITY OF CEDAR RAPIDS FINANCE,0.1148,,,,,,,,,0,0,0,0,0,0,16200,0,770,16970,,,,,,,,,
142040100700000,,Exempt,E-15 CITY,1221,3RD ST NW,CEDAR RAPIDS CITY OF % CITY OF CEDAR RAPIDS FINANCE,0.23,Single-Family,1 Story Frame,1895-01-01,6901-01-01,,,,,0,0,0,0,0,0,17160,65049,0,82209,,,,,,,,,
142040101000000,,Exempt,E-15 CITY,200,K AVE NW,CEDAR RAPIDS CITY OF % CITY OF CEDAR RAPIDS FINANCE,0.115,Single-Family,Salvage,1895-01-01,7201-01-01,,,,,0,0,0,0,0,0,13200,40092,0,53292,,,,,,,,,
142040200100000,,Exempt,E-15 CITY,1250,3RD ST NW,CEDAR RAPIDS CITY OF,0.057,Single-Family,Salvage,1913-01-01,7201-01-01,,,,,0,0,0,0,0,0,8100,49760,0,57860,,,,,,,,,
142040200200000,,Exempt,E-15 CITY,309,L AVE NW,CEDAR RAPIDS CITY OF,0.057,,,,,,,,,0,0,0,0,0,0,9450,22969,0,32419,,,,,,,,,
142040201400000,,Exempt,E-15 CITY,304,K AVE NW,CEDAR RAPIDS CITY OF,0.04,Single-Family,Salvage,1900-01-01,7401-01-01,,,,,0,0,0,0,0,0,5670,30597,0,36267,,,,,,,,,
142040201500000,,Exempt,E-15 CITY,1202,3RD ST NW,CEDAR RAPIDS CITY OF % CITY OF CEDAR RAPIDS FINANCE,0.075,Single-Family,Salvage,1930-01-01,7801-01-01,,,,,0,0,0,0,0,0,10050,42572,0,52622,,,,,,,,,
142040201600000,,Exempt,E-15 CITY,1206,3RD ST NW,CEDAR RAPIDS CITY OF,0.23,,,,,,,,,0,0,0,0,0,0,17160,46733,0,63893,,,,,,,,,
142040201700000,,Exempt,E-15 CITY,1216,3RD ST NW,CEDAR RAPIDS CITY OF & CHRISTINE M HARDIN,0.115,Single-Family,Salvage,1890-01-01,5101-01-01,,,,,0,0,0,0,0,0,13200,51253,0,64453,,,,,,,,,
142040201800000,,Exempt,E-15 CITY,1222,3RD ST NW,CEDAR RAPIDS CITY OF,0.115,Single-Family,Salvage,1895-01-01,8901-01-01,,,,,0,0,0,0,0,0,13200,38701,0,51901,,,,,,,,,
142040201900000,,Exempt,E-15 CITY,1226,3RD ST NW,CEDAR RAPIDS CITY OF,0.115,Single-Family,Salvage,1895-01-01,8501-01-01,,,,,0,0,0,0,0,0,13200,47720,0,60920,,,,,,,,,
142040202000000,,Exempt,E-15 CITY,1232,3RD ST NW,CEDAR RAPIDS CITY OF % CITY OF CEDAR RAPIDS FINANCE,0.115,,,,,,,,,0,0,0,0,0,0,13200,9381,0,22581,,,,,,,,,
142040600200000,,Exempt,E-15 CITY,1131,5TH ST NW,CITY OF CEDAR RAPIDS,5.9,,,,,,,,,0,0,0,0,0,0,0,0,0,0,142040600200000,CITY PROPERTY,EXEMPT,0,0,0,0,0,0
142040800800000,,Exempt,E-15 CITY,1021,5TH ST NW,CITY OF CEDAR RAPIDS,0.126,Single-Family,Salvage,1935-01-01,6801-01-01,,,,,0,0,0,0,0,0,0,0,0,0,142040800800000,CITY PROPERTY,EXEMPT,0,0,0,0,0,0
142048101500000,,Exempt,E-15 CITY,0,VACANT LAND NW,CITY OF CEDAR RAPIDS,0.032,,,,,,,,,0,0,0,0,0,0,0,0,0,0,142048101500000,CITY PROPERTY,EXEMPT,0,0,0,0,0,0
142048301200000,,Exempt,E-15 CITY,0,VACANT LAND NW,CITY OF CEDAR RAPIDS,0.0092,,,,,,,,,0,0,0,0,0,0,0,0,0,0,142048301200000,CITY PROPERTY,EXEMPT,0,0,0,0,0,0
142117700200000,,Exempt,E-15 CITY,0,VACANT LAND NE,CEDAR RAPIDS CITY OF,0.0104,,,,,,,,,0,0,0,0,0,0,0,0,0,0,142117700200000,CITY PROPERTY,EXEMPT,0,0,0,0,0,0
142125100400000,,Exempt,E-15 CITY,1418,1ST ST NW,CEDAR RAPIDS CITY OF % PROSOURCE TECHNOLOGIES,0.086,Single-Family,Salvage,1920-01-01,8401-01-01,,,,,0,0,0,0,0,0,11490,67300,0,78790,,,,,,,,,
142125100500000,,Exempt,E-15 CITY,1411,3RD ST NW,CEDAR RAPIDS CITY OF,0.092,Single-Family,Salvage,1910-01-01,5701-01-01,,,,,0,0,0,0,0,0,14000,30647,0,44647,,,,,,,,,
142125100800000,,Exempt,E-15 CITY,1400,1ST ST NW,CEDAR RAPIDS CITY OF & BONNIE M MC DONOUGH,0.138,Single-Family,Salvage,1900-01-01,8901-01-01,,,,,0,0,0,0,0,0,14550,37371,0,51921,,,,,,,,,
142125101100000,,Exempt,E-15 CITY,1417,3RD ST NW,CEDAR RAPIDS CITY OF,0.093,Single-Family,Salvage,1900-01-01,8501-01-01,,,,,0,0,0,0,0,0,14280,56868,0,71148,,,,,,,,,
142125200200000,,Exempt,E-15 CITY,1343,3RD ST NW,CEDAR RAPIDS CITY OF % CITY OF CEDAR RAPIDS FINANCE,0.118,Single-Family,Salvage,1890-01-01,7301-01-01,,,,,0,0,0,0,0,0,16100,44411,0,60511,,,,,,,,,
142125200300000,,Exempt,E-15 CITY,1339,3RD ST NW,CEDAR RAPIDS CITY OF,0.125,Single-Family,Salvage,1890-01-01,7901-01-01,,,,,0,0,0,0,0,0,16450,35854,0,52304,,,,,,,,,
142125200400000,,Exempt,E-15 CITY,1333,3RD ST NW,CEDAR RAPIDS CITY OF % CITY OF CEDAR RAPIDS FINANCE,0.132,Single-Family,Salvage,1900-01-01,8901-01-01,,,,,0,0,0,0,0,0,16800,43709,0,60509,,,,,,,,,
142125200500000,,Exempt,E-15 CITY,1327,3RD ST NW,CEDAR RAPIDS CITY OF,0.14,Single-Family,Salvage,1900-01-01,7601-01-01,,,,,0,0,0,0,0,0,17150,40569,0,57719,,,,,,,,,
142125200700000,,Exempt,E-15 CITY,1317,3RD ST NW,CEDAR RAPIDS CITY OF % CITY OF CEDAR RAPIDS FINANCE,0.154,Single-Family,1 Story Frame,1900-01-01,7001-01-01,,,,,0,0,0,0,0,0,17675,49398,0,67073,,,,,,,,,
142125201100000,,Exempt,E-15 CITY,106,L AVE NW,CEDAR RAPIDS CITY OF % PROSOURCE TECHNOLOGIES,0.081,Single-Family,Salvage,1900-01-01,8601-01-01,,,,,0,0,0,0,0,0,12383,42812,0,55195,,,,,,,,,
142125201200000,,Exempt,E-15 CITY,1306,1ST ST NW,CEDAR RAPIDS CITY OF,0.158,,,,,,,,,0,0,0,0,0,0,15300,58563,0,73863,,,,,,,,,
142125201500000,,Exempt,E-15 CITY,1322,1ST ST NW,CEDAR RAPIDS CITY OF % PROSOURCE TECHNOLOGIES,0.144,Single-Family,Salvage,1890-01-01,9901-01-01,,,,,0,0,0,0,0,0,14850,31543,0,46393,,,,,,,,,
142125201600000,,Exempt,E-15 CITY,1326,1ST ST NW,CEDAR RAPIDS CITY OF % PROSOURCE TECHNOLOGIES,0.138,,,,,,,,,0,0,0,0,0,0,14550,46849,0,61399,,,,,,,,,
142125201800000,,Exempt,E-15 CITY,1340,1ST ST NW,CEDAR RAPIDS CITY OF % CITY OF CEDAR RAPIDS FINANCE,0.126,Single-Family,Salvage,1900-01-01,5701-01-01,,,,,0,0,0,0,0,0,14100,14232,0,28332,,,,,,,,,
142132600400000,,Exempt,E-15 CITY,1209,2ND ST NW,CEDAR RAPIDS CITY OF % PROSOURCE TECHNOLOGIES,0.115,Single-Family,Salvage,1895-01-01,7001-01-01,,,,,0,0,0,0,0,0,13200,37192,0,50392,,,,,,,,,
142132600600000,,Exempt,E-15 CITY,124,K AVE NW,CEDAR RAPIDS CITY OF,0.057,,,,,,,,,0,0,0,0,0,0,8100,35056,0,43156,,,,,,,,,
142132600700000,,Exempt,E-15 CITY,114,K AVE NW,CEDAR RAPIDS CITY OF % PROSOURCE TECHNOLOGIES,0.089,Single-Family,Salvage,1890-01-01,7201-01-01,,,,,0,0,0,0,0,0,8767,39427,0,48194,,,,,,,,,
142132600800000,VACANT LOT,Exempt,E-15 CITY,0,VACANT LAND NW,CEDAR RAPIDS CITY OF,0.1406,,,,,,,,,0,0,0,0,0,0,19845,0,0,19845,,,,,,,,,
142135100100000,,Exempt,E-15 CITY,0,VACANT LAND NW,CITY OF CEDAR RAPIDS,3.014,,,,,,,,,0,0,0,0,0,0,0,0,0,0,,,,,,,,,
142135200100000,,Exempt,E-15 CITY,0,VACANT LAND NW,CITY OF CEDAR RAPIDS,3.764,,,,,,,,,0,0,0,0,0,0,0,0,0,0,,,,,,,,,
142137700100000,,Exempt,E-15 CITY,370,1ST AVE NE,CITY OF CEDAR RAPIDS,3.636,,,,,,,,,0,0,0,0,0,0,0,0,0,0,,,,,,,,,
142137800100000,,Exempt,E-15 CITY,0,VACANT LAND NE,CITY OF CEDAR RAPIDS,0.193,,,,,,,,,0,0,0,0,0,0,0,0,0,0,,,,,,,,,
142137800102000,,Exempt,E-15 CITY,350,1ST AVE NE,CITY OF CEDAR RAPIDS % CITY AUDITOR,,,,,,,,,,0,0,0,0,0,0,0,0,0,0,,,,,,,,,
142138000100000,,Exempt,E-15 CITY,0,VACANT LAND NE,CITY OF CEDAR RAPIDS,2.598,,,,,,,,,0,0,0,0,0,0,0,0,0,0,142138000100000,CITY PROPERTY,EXEMPT,0,0,0,0,0,0
142140502000000,,Exempt,E-15 CITY,0,VACANT LAND NE,CITY OF CEDAR RAPIDS,0.011,,,,,,,,,0,0,0,0,0,0,0,0,0,0,142140502000000,CITY PROPERTY,EXEMPT,0,0,0,0,0,0
142145500200000,,Exempt,E-15 CITY,0,VACANT LAND NE,CITY OF CEDAR RAPIDS,0.7713,,,,,,,,,0,0,0,0,0,0,0,0,0,0,142145500200000,CITY PROPERTY,EXEMPT,0,0,0,0,0,0
142145500300000,,Exempt,E-15 CITY,0,VACANT LAND NE,CITY OF CEDAR RAPIDS,,,,,,,,,,0,0,0,0,0,0,0,0,0,0,142145500300000,CITY PROPERTY,EXEMPT,0,0,0,0,0,0
142145900100000,,Exempt,E-15 CITY,428,3RD AVE SE,CITY OF CEDAR RAPIDS,0.7713,,,,,,,,,0,0,0,0,0,0,0,0,0,0,142145900100000,CITY PROPERTY,EXEMPT,0,0,0,0,0,0
142145900500000,,Exempt,E-15 CITY,0,VACANT LAND SE,CITY OF CEDAR RAPIDS % MAYORS OFFICE 3RD FLOOR,0.386,,,,,,,,,0,0,0,0,0,0,0,0,0,0,142145900500000,CITY PROPERTY,EXEMPT,0,0,0,0,0,0
142146000100000,,Exempt,E-15 CITY,0,VACANT LAND SE,CEDAR RAPIDS CITY OF,0.2893,,,,,,,,,0,0,0,0,0,0,0,0,0,0,142146000100000,CITY PROPERTY,EXEMPT,0,0,0,0,0,0
142146000200000,,Exempt,E-15 CITY,325,1ST AVE SE,CEDAR RAPIDS CITY OF,0.3214,,,,,,,,,0,0,0,0,0,0,0,0,0,0,142146000200000,CITY PROPERTY,EXEMPT,0,0,0,0,0,0
142146100100000,,Exempt,E-15 CITY,0,VACANT LAND SE,CITY OF CEDAR RAPIDS,4.132,,,,,,,,,0,0,0,0,0,0,0,0,0,0,142146100100000,CITY PROPERTY,EXEMPT,0,0,0,0,0,0
142220500100000,,Exempt,E-15 CITY,1556,B AVE NE,CITY OF CEDAR RAPIDS,0.2185,,,,,,,,,0,0,0,0,0,0,0,0,0,0,142220500100000,CITY PROPERTY,EXEMPT,0,0,0,0,0,0
142221301100000,,Exempt,E-15 CITY,0,VACANT LAND NE,CITY OF CEDAR RAPIDS,0.012,,,,,,,,,0,0,0,0,0,0,0,0,0,0,142221301100000,CITY PROPERTY,EXEMPT,0,0,0,0,0,0
142223000800000,,Exempt,E-15 CITY,0,VACANT LAND NE,CITY OF CEDAR RAPIDS,0.064,,,,,,,,,0,0,0,0,0,0,0,0,0,0,142223000800000,CITY PROPERTY,EXEMPT,0,0,0,0,0,0
142223202200000,,Exempt,E-15 CITY,0,VACANT LAND NE,CITY OF CEDAR RAPIDS,0.129,,,,,,,,,0,0,0,0,0,0,0,0,0,0,142223202200000,VACANT LAND,EXEMPT,0,11200,11200,0,1500,12700
142223202300000,,Exempt,E-15 CITY,1424,B AVE NE,CITY OF CEDAR RAPIDS FIRE STATION # 3,0.193,,,,,,,,,0,0,0,0,0,0,0,0,0,0,142223202300000,APARTMENT,EXEMPT,0,16800,16800,0,322000,338800
142227800100000,,Exempt,E-15 CITY,0,VACANT LAND SE,CITY OF CEDAR RAPIDS,1.23,,,,,,,,,0,0,0,0,0,0,0,0,0,0,142227800100000,CITY PROPERTY,EXEMPT,0,0,0,0,0,0
142228200100000,,Exempt,E-15 CITY,0,VACANT LAND SE,CITY OF CEDAR RAPIDS,0.15,,,,,,,,,0,0,0,0,0,0,0,0,0,0,142228200100000,CITY PROPERTY,EXEMPT,0,0,0,0,0,0
142230600500000,CONVERSION,Exempt,E-15 CITY,1419,5TH AVE SE,CEDAR RAPIDS CITY OF,0.1286,,,,,,,,,0,0,0,0,0,0,9072,0,3240,12312,142230600500000,SE 231,EXEMPT,0,8400,8400,0,0,8400
142235202100000,,Exempt,E-15 CITY,1047,5TH AVE SE,CITY OF CEDAR RAPIDS,0.0367,,,,,,,,,0,0,0,0,0,0,0,0,0,0,142235202100000,CITY PROPERTY,EXEMPT,0,0,0,0,0,0
142235600400000,,Exempt,E-15 CITY,0,VACANT LAND SE,CITY OF CEDAR RAPIDS,0.077,,,,,,,,,0,0,0,0,0,0,0,0,0,0,142235600400000,CITY PROPERTY,EXEMPT,0,0,0,0,0,0
142235600500000,,Exempt,E-15 CITY,0,VACANT LAND SE,CITY OF CEDAR RAPIDS,0.047,,,,,,,,,0,0,0,0,0,0,0,0,0,0,142235600500000,CITY PROPERTY,EXEMPT,0,0,0,0,0,0
142240500100000,,Exempt,E-15 CITY,0,VACANT LAND SE,CITY OF CEDAR RAPIDS,0.98,,,,,,,,,0,0,0,0,0,0,0,0,0,0,142240500100000,CITY PROPERTY,EXEMPT,0,0,0,0,0,0
142240601000000,,Exempt,E-15 CITY,0,VACANT LAND SE,CITY OF CEDAR RAPIDS,0.34,,,,,,,,,0,0,0,0,0,0,0,0,0,0,142240601000000,CITY PROPERTY,EXEMPT,0,0,0,0,0,0
142248201000000,,Exempt,E-15 CITY,2000,MT VERNON RD SE,CITY OF CEDAR RAPIDS,3.284,,,,,,,,,0,0,0,0,0,0,0,0,0,0,142248201000000,CITY PROPERTY,EXEMPT,0,0,0,0,0,0
142312600100000,,Exempt,E-15 CITY,0,VACANT LAND SE,CITY OF CEDAR RAPIDS,10.04,,,,,,,,,0,0,0,0,0,0,0,0,0,0,142312600100000,CITY PROPERTY,EXEMPT,0,0,0,0,0,0
142312600200000,,Exempt,E-15 CITY,0,VACANT LAND SE,CITY OF CEDAR RAPIDS,70.0,,,,,,,,,0,0,0,0,0,0,0,0,0,0,142312600200000,CITY PROPERTY,EXEMPT,0,0,0,0,0,0
142337802700000,,Exempt,E-15 CITY,2416,MT VERNON RD SE,CITY OF CEDAR RAPIDS FIRE STATION 6,,,,,,,,,,0,0,0,0,0,0,0,0,0,0,142337802700000,CITY PROPERTY,EXEMPT,0,0,0,0,0,0
142412600100000,,Exempt,E-15 CITY,0,VACANT LAND SE,CITY OF CEDAR RAPIDS,5.54,,,,,,,,,0,0,0,0,0,0,0,0,0,0,142412600100000,CITY PROPERTY,EXEMPT,0,0,0,0,0,0
142433001200000,,Exempt,E-15 CITY,0,VACANT LAND SE,CITY OF CEDAR RAPIDS,0.181,,,,,,,,,0,0,0,0,0,0,0,0,0,0,142433001200000,CITY PROPERTY,EXEMPT,0,0,0,0,0,0
142442800200000,,Exempt,E-15 CITY,0,VACANT LAND SE,CITY OF CEDAR RAPIDS,0.28,,,,,,,,,0,0,0,0,0,0,0,0,0,0,142442800200000,CITY PROPERTY,EXEMPT,0,0,0,0,0,0
142447700900000,,Exempt,E-15 CITY,4296,MT VERNON RD SE,CITY OF CEDAR RAPIDS (WATER TOWER),1.02,,,,,,,,,0,0,0,0,0,0,0,0,0,0,142447700900000,CITY PROPERTY,EXEMPT,0,0,0,0,0,0
142528003300000,,Exempt,E-15 CITY,0,VACANT LAND SE,CEDAR RAPIDS CITY OF,,,,,,,,,,0,0,0,0,0,0,0,0,0,0,142528003300000,CITY PROPERTY,EXEMPT,0,0,0,0,0,0
142530102000000,,Exempt,E-15 CITY,0,VACANT LAND SE,CEDAR RAPIDS CITY OF,,,,,,,,,,0,0,0,0,0,0,0,0,0,0,142530102000000,CITY PROPERTY,EXEMPT,0,0,0,0,0,0
142542901100000,,Exempt,E-15 CITY,0,PARK SE,CITY OF CEDAR RAPIDS,14.32,,,,,,,,,0,0,0,0,0,0,0,0,0,0,142542901100000,CITY PROPERTY,EXEMPT,0,0,0,0,0,0
142612603400000,,Exempt,E-15 CITY,0,VACANT LAND SE,CITY OF CEDAR RAPIDS,0.48,,,,,,,,,0,0,0,0,0,0,0,0,0,0,142612603400000,CITY PROPERTY,EXEMPT,0,0,0,0,0,0
142617601300000,,Exempt,E-15 CITY,0,VACANT LAND SE,CITY OF CEDAR RAPIDS,4.82,,,,,,,,,0,0,0,0,0,0,0,0,0,0,142617601300000,CITY PROPERTY,EXEMPT,0,0,0,0,0,0
142623001600000,,Exempt,E-15 CITY,1107,23RD ST SE,CEDAR RAPIDS CITY OF,0.602,,,,,,,,,0,0,0,0,0,0,0,0,0,0,142623001600000,CITY PROPERTY,EXEMPT,0,0,0,0,0,0
142625100100000,,Exempt,E-15 CITY,0,VACANT LAND SE,CITY OF CEDAR RAPIDS,76.0,,,,,,,,,0,0,0,0,0,0,0,0,0,0,142625100100000,CITY PROPERTY,EXEMPT,0,0,0,0,0,0
142632600200000,,Exempt,E-15 CITY,0,VACANT LAND SE,CITY OF CEDAR RAPIDS,21.0,,,,,,,,,0,0,0,0,0,0,0,0,0,0,142632600200000,CITY PROPERTY,EXEMPT,0,0,0,0,0,0
142637700300000,,Exempt,E-15 CITY,0,VACANT LAND SE,CITY OF CEDAR RAPIDS,9.65,,,,,,,,,0,0,0,0,0,0,0,0,0,0,142637700300000,CITY PROPERTY,EXEMPT,0,0,0,0,0,0
142637700400000,,Exempt,E-15 CITY,0,VACANT LAND SE,CITY OF CEDAR RAPIDS,0.46,,,,,,,,,0,0,0,0,0,0,0,0,0,0,142637700400000,CITY PROPERTY,EXEMPT,0,0,0,0,0,0
142715500800000,,Exempt,E-15 CITY,0,VACANT LAND SE,CITY OF CEDAR RAPIDS,0.64,,,,,,,,,0,0,0,0,0,0,0,0,0,0,142715500800000,CITY PROPERTY,EXEMPT,0,0,0,0,0,0
142715501200000,,Exempt,E-15 CITY,0,VACANT LAND SE,CITY OF CEDAR RAPIDS,0.138,,,,,,,,,0,0,0,0,0,0,0,0,0,0,142715501200000,CITY PROPERTY,EXEMPT,0,0,0,0,0,0
142715600700000,,Exempt,E-15 CITY,1602,15TH AVE SE,CITY OF CEDAR RAPIDS,1.08,,,,,,,,,0,0,0,0,0,0,0,0,0,0,142715600700000,CITY PROPERTY,EXEMPT,0,0,0,0,0,0
142715700100000,,Exempt,E-15 CITY,0,VACANT LAND SE,CITY OF CEDAR RAPIDS,8.793,,,,,,,,,0,0,0,0,0,0,0,0,0,0,142715700100000,CITY PROPERTY,EXEMPT,0,0,0,0,0,0
142717600100000,,Exempt,E-15 CITY,0,VACANT LAND SE,CITY OF CEDAR RAPIDS,47.77,,,,,,,,,0,0,0,0,0,0,0,0,0,0,142717600100000,CITY PROPERTY,EXEMPT,0,0,0,0,0,0
142720100100000,,Exempt,E-15 CITY,0,VACANT LAND SE,CITY OF CEDAR RAPIDS,3.0,,,,,,,,,0,0,0,0,0,0,0,0,0,0,142720100100000,CITY PROPERTY,EXEMPT,0,0,0,0,0,0
142720200400000,,Exempt,E-15 CITY,0,VACANT LAND SE,CITY OF CEDAR RAPIDS,0.128,,,,,,,,,0,0,0,0,0,0,0,0,0,0,142720200400000,CITY PROPERTY,EXEMPT,0,0,0,0,0,0
142720202200000,,Exempt,E-15 CITY,0,VACANT LAND SE,CITY OF CEDAR RAPIDS,0.129,,,,,,,,,0,0,0,0,0,0,0,0,0,0,142720202200000,CITY PROPERTY,EXEMPT,0,0,0,0,0,0
142720302100000,,Exempt,E-15 CITY,0,VACANT LAND SE,CITY OF CEDAR RAPIDS,0.052,,,,,,,,,0,0,0,0,0,0,0,0,0,0,142720302100000,CITY PROPERTY,EXEMPT,0,0,0,0,0,0
142720302200000,,Exempt,E-15 CITY,0,VACANT LAND SE,CITY OF CEDAR RAPIDS,0.067,,,,,,,,,0,0,0,0,0,0,0,0,0,0,142720302200000,CITY PROPERTY,EXEMPT,0,0,0,0,0,0
142720302300000,,Exempt,E-15 CITY,0,VACANT LAND SE,CITY OF CEDAR RAPIDS,0.026,,,,,,,,,0,0,0,0,0,0,0,0,0,0,142720302300000,CITY PROPERTY,EXEMPT,0,0,0,0,0,0
142720402700000,,Exempt,E-15 CITY,0,VACANT LAND SE,CITY OF CEDAR RAPIDS,0.048,,,,,,,,,0,0,0,0,0,0,0,0,0,0,142720402700000,CITY PROPERTY,EXEMPT,0,0,0,0,0,0
142720500100000,,Exempt,SE 237,929,10TH ST SE,CEDAR RAPIDS CITY OF,0.11,Single-Family,2 Story Frame,1905-01-01,1560-01-01,,,,,0,0,0,0,0,0,0,0,0,0,142720500100000,SE 237,RESIDENTIAL,8200,0,8200,116800,0,125000
142720602600000,,Exempt,SE 237,1025,10TH ST SE,CEDAR RAPIDS CITY OF CITY HALL,0.08,Single-Family,1 Story Frame,1890-01-01,8801-01-01,,,,,0,0,0,0,0,0,0,0,0,0,142720602600000,CITY PROPERTY,EXEMPT,0,0,0,0,0,0
142720700900000,,Exempt,E-15 CITY,0,VACANT LAND SE,CITY OF CEDAR RAPIDS,0.129,,,,,,,,,0,0,0,0,0,0,0,0,0,0,142720700900000,CITY PROPERTY,EXEMPT,0,0,0,0,0,0
142720702500000,,Exempt,E-15 CITY,0,VACANT LAND SE,CITY OF CEDAR RAPIDS,0.129,,,,,,,,,0,0,0,0,0,0,0,0,0,0,142720702500000,CITY PROPERTY,EXEMPT,0,0,0,0,0,0
142722901200000,VACANT LOT,Exempt,E-15 CITY,910,10TH AVE SE,CITY OF CEDAR RAPIDS CITY HALL,0.0533,,,,,,,,,0,0,0,0,0,0,0,0,0,0,,,,,,,,,
142723200900000,,Exempt,E-15 CITY,922,8TH ST SE,CEDAR RAPIDS CITY OF,0.096,,,,,,,,,0,0,0,0,0,0,2400,0,0,2400,142723200900000,SE 237,RESIDENTIAL,6000,0,6000,0,0,6000
142725501300000,CITY HALL,Exempt,E-15 CITY,0,VACANT LAND,CEDAR RAPIDS CITY OF CITY HALL,0.1102,,,,,Store - Retail Small,1930,813,,0,0,0,0,0,0,0,0,0,0,142725501300000,RESTAURANT,COMMERCIAL,0,14400,14400,0,64000,78400
142725600300000,,Exempt,E-15 CITY,1002,5TH ST SE,CITY OF CEDAR RAPIDS,0.0964,,,,,,,,,0,0,0,0,0,0,0,0,0,0,142725600300000,CITY PROPERTY,EXEMPT,0,0,0,0,0,0
142725700100000,VACANT BLDG,Exempt,E-15 CITY,629,12TH AVE SE,CEDAR RAPIDS CITY OF,0.0671,,,,,Shop,1931,704,,0,0,0,0,0,0,0,0,0,0,142725700100000,RESTAURANT,COMMERCIAL,0,8800,8800,0,30700,39500
142725700200000,,Exempt,E-15 CITY,0,VACANT LAND SE,CEDAR RAPIDS CITY OF,0.041,,,,,,,,,0,0,0,0,0,0,0,0,0,0,142725700200000,CITY PROPERTY,EXEMPT,0,0,0,0,0,0
142725700300000,,Exempt,E-15 CITY,0,VACANT LAND SE,CITY OF CEDAR RAPIDS,0.8494,,,,,,,,,0,0,0,0,0,0,0,0,0,0,142725700300000,CITY PROPERTY,EXEMPT,0,0,0,0,0,0
142725900100000,,Exempt,E-15 CITY,400,12TH AVE SE,CEDAR RAPIDS CITY OF,4.8324,,,,,,,,,0,0,0,0,0,0,0,0,0,0,,,,,,,,,
142726000800000,,Exempt,E-15 CITY,0,VACANT LAND SE,CITY OF CEDAR RAPIDS,1.97,,,,,,,,,0,0,0,0,0,0,0,0,0,0,142726000800000,CITY PROPERTY,EXEMPT,0,0,0,0,0,0
142726100300000,,Exempt,E-15 CITY,1231,5TH ST SE,CEDAR RAPIDS CITY OF,0.197,Single-Family,Salvage,1880-01-01,9601-01-01,,,,,0,0,0,0,0,0,0,0,0,0,142726100300000,CITY PROPERTY,EXEMPT,0,0,0,0,0,0
142726101400000,,Exempt,E-15 CITY,415,12TH AVE SE,CEDAR RAPIDS CITY OF % CITY AUDITOR,3.5958,,,,,,,,,0,0,0,0,0,0,0,0,0,0,,,,,,,,,
142727700400000,,Exempt,E-15 CITY,1248,10TH ST SE,CITY OF CEDAR RAPIDS,0.771,,,,,,,,,0,0,0,0,0,0,0,0,0,0,142727700400000,CITY PROPERTY,EXEMPT,0,0,0,0,0,0
142727700500000,,Exempt,E-15 CITY,0,VACANT LAND SE,CITY OF CEDAR RAPIDS,0.841,,,,,,,,,0,0,0,0,0,0,0,0,0,0,142727700500000,CITY PROPERTY,EXEMPT,0,0,0,0,0,0
142727700700000,,Exempt,E-15 CITY,0,VACANT LAND SE,CITY OF CEDAR RAPIDS,0.125,,,,,,,,,0,0,0,0,0,0,0,0,0,0,142727700700000,CITY PROPERTY,EXEMPT,0,0,0,0,0,0
142727700800000,,Exempt,E-15 CITY,0,VACANT LAND SE,CITY OF CEDAR RAPIDS,4.7,,,,,,,,,0,0,0,0,0,0,0,0,0,0,142727700800000,CITY PROPERTY,EXEMPT,0,0,0,0,0,0
142727800100000,BENDER POOL,Exempt,E-15 CITY,940,14TH AVE SE,CITY OF CEDAR RAPIDS,1.736,,,,,,,,,0,0,0,0,0,0,0,0,0,0,142727800100000,CITY PROPERTY,EXEMPT,0,0,0,0,0,0
142730500200000,,Exempt,E-15 CITY,1800,10TH ST SE,CEDAR RAPIDS CITY OF CITY HALL,6.76,,,,,Metal Office,1950,0,,0,0,0,0,0,0,0,0,0,0,,,,,,,,,
142732800100000,WAREHOUSE,Exempt,E-15 CITY,1600,3RD ST SE,CEDAR RAPIDS CITY OF,30.25,,,,,Warehouse,1880,404969,multiple bldgs on this parcel,0,0,0,0,0,0,695250,0,584251,1279501,142732800100000,CITY PROPERTY,EXEMPT,0,0,0,0,0,0
142733001900000,,Exempt,E-15 CITY,0,VACANT LAND SE,CITY OF CEDAR RAPIDS,0.066,,,,,,,,,0,0,0,0,0,0,0,0,0,0,142733001900000,CITY PROPERTY,EXEMPT,0,0,0,0,0,0
142733100100000,,Exempt,E-15 CITY,0,VACANT LAND SE,CITY OF CEDAR RAPIDS,0.121,,,,,,,,,0,0,0,0,0,0,0,0,0,0,142733100100000,CITY PROPERTY,EXEMPT,0,0,0,0,0,0
142733100800000,,Exempt,E-15 CITY,0,VACANT LAND SE,CITY OF CEDAR RAPIDS,0.129,,,,,,,,,0,0,0,0,0,0,0,0,0,0,142733100800000,CITY PROPERTY,EXEMPT,0,0,0,0,0,0
142733101900000,,Exempt,E-15 CITY,0,VACANT LAND SE,CITY OF CEDAR RAPIDS,0.545,,,,,,,,,0,0,0,0,0,0,0,0,0,0,142733101900000,CITY PROPERTY,EXEMPT,0,0,0,0,0,0
142733102000000,,Exempt,E-15 CITY,0,VACANT LAND SE,CITY OF CEDAR RAPIDS,5.302,,,,,,,,,0,0,0,0,0,0,0,0,0,0,142733102000000,CITY PROPERTY,EXEMPT,0,0,0,0,0,0
142735100100000,,Exempt,E-15 CITY,0,VACANT LAND SW,CITY OF CEDAR RAPIDS,5.3,,,,,,,,,0,0,0,0,0,0,0,0,0,0,142735100100000,CITY PROPERTY,EXEMPT,0,0,0,0,0,0
142737600100000,,Exempt,E-15 CITY,2216,A ST SW,CITY OF CEDAR RAPIDS,0.35,,,,,,,,,0,0,0,0,0,0,0,0,0,0,142737600100000,CITY PROPERTY,EXEMPT,0,0,0,0,0,0
142810500400000,,Exempt,E-15 CITY,0,VACANT LAND SE,CITY OF CEDAR RAPIDS,0.028,,,,,,,,,0,0,0,0,0,0,0,0,0,0,142810500400000,CITY PROPERTY,EXEMPT,0,0,0,0,0,0
142810501100000,,Exempt,E-15 CITY,0,VACANT LAND SE,CEDAR RAPIDS CITY OF,,,,,,,,,,0,0,0,0,0,0,0,0,0,0,142810501100000,CITY PROPERTY,EXEMPT,0,0,0,0,0,0
142812700600000,,Exempt,E-15 CITY,0,VACANT LAND SE,CITY OF CEDAR RAPIDS,1.698,,,,,,,,,0,0,0,0,0,0,0,0,0,0,142812700600000,CITY PROPERTY,EXEMPT,0,0,0,0,0,0
142812900100000,,Exempt,E-15 CITY,349,4TH AVE SE,CITY OF CEDAR RAPIDS,1.8,,,,,,,,,0,0,0,0,0,0,0,0,0,0,142812900100000,CITY PROPERTY,EXEMPT,0,0,0,0,0,0
142813100102000,,Exempt,E-15 CITY,305,2ND ST SE,CITY OF CEDAR RAPIDS,,,,,,,,,,0,0,0,0,0,0,0,0,0,0,142813100102000,THEATER,EXEMPT,0,0,0,0,0,0
142813100700000,,Exempt,E-15 CITY,126,4TH AVE SE,CEDAR RAPIDS CITY OF,0.1928,,,,,,,,,0,0,0,0,0,0,0,0,0,0,,,,,,,,,
142813100800000,,Exempt,E-15 CITY,321,2ND ST SE,CITY OF CEDAR RAPIDS,0.0964,,,,,,,,,0,0,0,0,0,0,0,0,0,0,,,,,,,,,
142813100900000,LEASED LAND FOR THEATRE,Commercial,COMM CTRL CORE,0,VACANT LAND SE,CITY OF CEDAR RAPIDS (LESSEE),0.639,,,,,,,,,0,157853,157853,0,0,157853,225504,0,0,225504,,,,,,,,,
142813100904000,,Exempt,E-15 CITY,0,VACANT LAND SE,CITY OF CEDAR RAPIDS,,,,,,,,,,0,0,0,0,0,0,0,0,0,0,,,,,,,,,
142813300400000,,Exempt,E-15 CITY,201,4TH AVE SE,CITY OF CEDAR RAPIDS,1.652,,,,,,,,,0,0,0,0,0,0,0,0,0,0,142813300400000,CITY PROPERTY,EXEMPT,0,0,0,0,0,0
142813300500000,,Exempt,E-76 EDU CLASS BLDG,145,4TH AVE SE,CITY OF CEDAR RAPIDS,3.805,,,,,,,,,0,0,0,0,0,0,0,0,0,0,142813300500000,CITY PROPERTY,EXEMPT,0,0,0,0,0,0
142813500100000,,Exempt,E-15 CITY,500,1ST ST SE,CITY OF CEDAR RAPIDS,2.0661,,,,,,,,,0,0,0,0,0,0,0,0,0,0,,,,,,,,,
142813600500000,,Exempt,E-15 CITY,0,VACANT LAND SE,CEDAR RAPIDS CITY OF,0.0761,,,,,,,,,0,0,0,0,0,0,0,0,0,0,142813600500000,OFFICE; CTRL CR,COMMERCIAL,0,31400,31400,0,262700,294100
142813600600000,,Exempt,E-15 CITY,427,1ST ST SE,CEDAR RAPIDS CITY OF,0.3415,,,,,,,,,0,0,0,0,0,0,0,0,0,0,142813600600000,OFFICE; CTRL CR,COMMERCIAL,0,148800,148800,0,51100,199900
142815200100000,PARKING,Exempt,E-15 CITY,601,2ND ST SE,CEDAR RAPIDS CITY OF,0.964,,,,,,,,,0,0,0,0,0,0,0,0,0,0,,,,,,,,,
142815300100000,,Exempt,E-15 CITY,0,VACANT LAND SE,CEDAR RAPIDS CITY OF,0.11,,,,,,,,,0,0,0,0,0,0,0,0,0,0,142815300100000,CITY PROPERTY,EXEMPT,0,0,0,0,0,0
142815300300000,,Exempt,E-15 CITY,0,VACANT LAND SE,CEDAR RAPIDS CITY OF,0.18,,,,,,,,,0,0,0,0,0,0,0,0,0,0,142815300300000,CITY PROPERTY,EXEMPT,0,0,0,0,0,0
142815600100000,,Exempt,E-15 CITY,105,8TH AVE SE,CEDAR RAPIDS CITY OF,0.579,,,,,,,,,0,0,0,0,0,0,0,0,0,0,142815600100000,CITY PROPERTY,EXEMPT,0,0,0,0,0,0
142815600300000,,Exempt,E-15 CITY,0,VACANT LAND SE,CITY OF CEDAR RAPIDS,1.1019,,,,,,,,,0,0,0,0,0,0,0,0,0,0,142815600300000,CITY PROPERTY,EXEMPT,0,0,0,0,0,0
142815700100000,,Exempt,E-15 CITY,0,VACANT LAND SE,CITY OF CEDAR RAPIDS,0.8329,,,,,,,,,0,0,0,0,0,0,0,0,0,0,142815700100000,CITY PROPERTY,EXEMPT,0,0,0,0,0,0
142815800200000,,Exempt,E-15 CITY,40,8TH AVE SW,CEDAR RAPIDS CITY OF,0.7314,,,,,,,,,0,0,0,0,0,0,0,0,0,0,,,,,,,,,
142818700100000,,Exempt,E-15 CITY,327,11TH AVE SE,CEDAR RAPIDS CITY OF,1.171,,,,,Metal Warehouse - Steel Frame,1974,20800,,0,0,0,0,0,0,0,0,0,0,,,,,,,,,
142818700200000,,Exempt,E-15 CITY,0,VACANT LAND SE,CEDAR RAPIDS CITY OF,0.138,,,,,,,,,0,0,0,0,0,0,0,0,0,0,,,,,,,,,
142818700300000,VACANT HEINZ COMPANY,Exempt,E-15 CITY,309,11TH AVE SE,CEDAR RAPIDS CITY OF,0.193,,,,,Office - General,1923,5640,,0,0,0,0,0,0,0,0,0,0,,,,,,,,,
142818700400000,VACANT HEINZ COMPANY,Exempt,E-15 CITY,1114,3RD ST SE,CEDAR RAPIDS CITY OF,0.386,,,,,Metal Warehouse - Steel Frame,1970,0,,0,0,0,0,0,0,0,0,0,0,,,,,,,,,
142818700500000,VACANT HEINZ COMPANY,Exempt,E-15 CITY,1120,3RD ST SE,CEDAR RAPIDS CITY OF,0.193,,,,,Office - General,1968,8011,,0,0,0,0,0,0,0,0,0,0,,,,,,,,,
142818700600000,HEINZ COMPANY(FENCE/PAVING),Exempt,E-15 CITY,0,VACANT LAND SE,CEDAR RAPIDS CITY OF,0.145,,,,,,,,,0,0,0,0,0,0,0,0,0,0,,,,,,,,,
142818700700000,HEINZ COMPANY(FENCE/PAVING),Exempt,E-15 CITY,0,VACANT LAND SE,CEDAR RAPIDS CITY OF,0.048,,,,,,,,,0,0,0,0,0,0,0,0,0,0,,,,,,,,,
142818800800000,,Exempt,E-15 CITY,208,11TH AVE SE,CEDAR RAPIDS CITY OF,0.107,Single-Family,1 Story Frame,2006-01-01,1047-01-01,,,,,0,0,0,0,0,0,0,0,0,0,,,,,,,,,
142820400100000,,Exempt,E-15 CITY,0,VACANT LAND SE,CITY OF CEDAR RAPIDS,2.4,,,,,,,,,0,0,0,0,0,0,0,0,0,0,142820400100000,CITY PROPERTY,EXEMPT,0,0,0,0,0,0
142820500100000,,Exempt,E-15 CITY,0,VACANT LAND SE,CITY OF CEDAR RAPIDS,0.882,,,,,,,,,0,0,0,0,0,0,0,0,0,0,,,,,,,,,
142820900100000,,Exempt,E-15 CITY,0,VACANT LAND SE,CITY OF CEDAR RAPIDS,0.93,,,,,,,,,0,0,0,0,0,0,0,0,0,0,142820900100000,CITY PROPERTY,EXEMPT,0,0,0,0,0,0
142822600100000,,Exempt,E-15 CITY,0,VACANT LAND NW,CITY OF CEDAR RAPIDS,0.38,,,,,,,,,0,0,0,0,0,0,0,0,0,0,142822600100000,CITY PROPERTY,EXEMPT,0,0,0,0,0,0
142822700100000,,Exempt,E-15 CITY,0,VACANT LAND NW,CITY OF CEDAR RAPIDS,0.6683,,,,,,,,,0,0,0,0,0,0,0,0,0,0,142822700100000,CITY PROPERTY,EXEMPT,0,0,0,0,0,0
142823000100000,,Exempt,E-15 CITY,0,VACANT LAND SW,CITY OF CEDAR RAPIDS,1.791,,,,,,,,,0,0,0,0,0,0,0,0,0,0,142823000100000,CITY PROPERTY,EXEMPT,0,0,0,0,0,0
142823400300000,,Exempt,E-15 CITY,0,VACANT LAND SW,CITY OF CEDAR RAPIDS (PARKING LOT),0.305,,,,,,,,,0,0,0,0,0,0,0,0,0,0,142823400300000,CITY PROPERTY,EXEMPT,0,0,0,0,0,0
142827600100000,,Exempt,E-15 CITY,519,H ST SW,CEDAR RAPIDS CITY OF,0.2679,,,,,,,,,0,0,0,0,0,0,0,0,0,0,,,,,,,,,
142827600200000,,Exempt,E-15 CITY,0,VACANT LAND SW,CITY OF CEDAR RAPIDS,0.386,,,,,,,,,0,0,0,0,0,0,0,0,0,0,,,,,,,,,
142827600300000,,Exempt,E-15 CITY,0,VACANT LAND SW,CITY OF CEDAR RAPIDS,3.631,,,,,,,,,0,0,0,0,0,0,0,0,0,0,,,,,,,,,
142827600400000,,Exempt,E-15 CITY,505,1ST ST SW,CITY OF CEDAR RAPIDS,3.9159,,,,,,,,,0,0,0,0,0,0,0,0,0,0,,,,,,,,,
142827900200000,,Exempt,E-15 CITY,529,H ST SW,CEDAR RAPIDS CITY OF,0.3347,,,,,,,,,0,0,0,0,0,0,0,0,0,0,142827900200000,CITY PROPERTY,EXEMPT,0,0,0,0,0,0
142828200100000,,Exempt,E-15 CITY,0,VACANT LAND SW,CITY OF CEDAR RAPIDS,0.861,,,,,,,,,0,0,0,0,0,0,0,0,0,0,142828200100000,CITY PROPERTY,EXEMPT,0,0,0,0,0,0
142828400100000,,Exempt,E-15 CITY,600,2ND ST SW,CEDAR RAPIDS CITY OF,0.2527,,,,,,,,,0,0,0,0,0,0,0,0,0,0,,,,,,,,,
142830100200000,VACANT LOT,Exempt,E-15 CITY,727,1ST ST SW,CEDAR RAPIDS CITY OF,0.0937,,,,,,,,,0,0,0,0,0,0,0,0,0,0,142830100200000,CITY PROPERTY,EXEMPT,0,0,0,0,0,0
142835300400000,,Exempt,E-15 CITY,940,4TH ST SW,CITY OF CEDAR RAPIDS,10.6215,,,,,,,,,0,0,0,0,0,0,0,0,0,0,,,,,,,,,
142835300500000,,Exempt,E-15 CITY,0,VACANT LAND SW,CITY OF CEDAR RAPIDS,0.4194,,,,,,,,,0,0,0,0,0,0,0,0,0,0,,,,,,,,,
142835300600000,,Exempt,E-15 CITY,0,VACANT LAND SW,CEDAR RAPIDS CITY OF,3.2088,,,,,,,,,0,0,0,0,0,0,0,0,0,0,,,,,,,,,
142835300700000,,Exempt,E-15 CITY,0,VACANT LAND SW,CITY OF CEDAR RAPIDS,0.9983,,,,,,,,,0,0,0,0,0,0,0,0,0,0,,,,,,,,,
142840300100000,,Exempt,E-15 CITY,1001,2ND ST SE,CEDAR RAPIDS CITY OF,9.713,,,,,,,,,0,0,0,0,0,0,0,0,0,0,142840300100000,CITY PROPERTY,EXEMPT,0,0,0,0,0,0
142840600100000,,Exempt,E-15 CITY,0,VACANT LAND SE,CITY OF CEDAR RAPIDS,0.193,,,,,,,,,0,0,0,0,0,0,0,0,0,0,142840600100000,CITY PROPERTY,EXEMPT,0,0,0,0,0,0
142840600200000,AFRICAN AMERICAN HISTORICAL MU,Exempt,E-70 CHARITY OTHER,55,12TH AVE SE,CITY OF CEDAR RAPIDS % CITY AUDITOR'S OFFICE,0.8867,,,,,Fraternal Building,2002,14800,,0,166860,166860,0,852797,1019657,166860,0,917487,1084347,142840600200000,CITY PROPERTY,EXEMPT,0,0,0,0,0,0
142840600300000,,Exempt,E-15 CITY,1217,1ST ST SE,CITY OF CEDAR RAPIDS,0.3022,,,,,,,,,0,0,0,0,0,0,0,0,0,0,142840600300000,CITY PROPERTY,EXEMPT,0,0,0,0,0,0
142840600400000,VACANT BLDG,Exempt,E-15 CITY,1221,1ST ST SE,CEDAR RAPIDS CITY OF,0.2324,,,,,Warehouse,1974,3870,,0,0,0,0,0,0,0,0,0,0,142840600400000,CITY PROPERTY,EXEMPT,0,0,0,0,0,0
142840600500000,WAREHOUSE,Exempt,E-15 CITY,1229,1ST ST SE,CEDAR RAPIDS CITY OF % CONTROLLER-AUDITOR,0.2961,,,,,Warehouse,1967,2572,,0,0,0,0,0,0,0,0,0,0,142840600500000,CITY PROPERTY,EXEMPT,0,0,0,0,0,0
142840600600000,,Exempt,SE 237,1233,1ST ST SE,CEDAR RAPIDS CITY OF % CONTROLLER-AUDITOR,0.159,Single-Family,Salvage,1900-01-01,5601-01-01,,,,,0,0,0,0,0,0,0,0,0,0,142840600600000,CITY PROPERTY,EXEMPT,0,0,0,0,0,0
142840600700000,,Exempt,E-15 CITY,1325,1ST ST SE,CITY OF CEDAR RAPIDS,1.2253,,,,,,,,,0,0,0,0,0,0,0,0,0,0,142840600700000,CITY PROPERTY,EXEMPT,0,0,0,0,0,0
142840700100000,,Exempt,E-15 CITY,0,VACANT LAND SE,CITY OF CEDAR RAPIDS,0.593,,,,,,,,,0,0,0,0,0,0,0,0,0,0,142840700100000,CITY PROPERTY,EXEMPT,0,0,0,0,0,0
142840700300000,,Exempt,E-15 CITY,0,VACANT LAND SE,CITY OF CEDAR RAPIDS,0.043,,,,,,,,,0,0,0,0,0,0,0,0,0,0,142840700300000,CITY PROPERTY,EXEMPT,0,0,0,0,0,0
142845100100000,,Exempt,E-15 CITY,1115,C ST SW,CITY OF CEDAR RAPIDS,14.239,,,,,,,,,0,0,0,0,0,0,0,0,0,0,,,,,,,,,
142845600100000,,Exempt,E-15 CITY,0,VACANT LAND SW,CITY OF CEDAR RAPIDS,1.263,,,,,,,,,0,0,0,0,0,0,0,0,0,0,,,,,,,,,
142845900100000,,Exempt,E-15 CITY,1500,C ST SW,CITY OF CEDAR RAPIDS,0.216,,,,,,,,,0,0,0,0,0,0,0,0,0,0,142845900100000,CITY PROPERTY,EXEMPT,0,0,0,0,0,0
142845900200000,,Exempt,E-15 CITY,0,VACANT LAND SW,CITY OF CEDAR RAPIDS,0.781,,,,,,,,,0,0,0,0,0,0,0,0,0,0,142845900200000,CITY PROPERTY,EXEMPT,0,0,0,0,0,0
142845900300000,,Exempt,E-15 CITY,1416,C ST SW,CITY OF CEDAR RAPIDS,0.23,,,,,,,,,0,0,0,0,0,0,0,0,0,0,142845900300000,CITY PROPERTY,EXEMPT,0,0,0,0,0,0
142845901100000,,Exempt,E-15 CITY,0,VACANT LAND SW,CITY OF CEDAR RAPIDS,0.6709,,,,,,,,,0,0,0,0,0,0,0,0,0,0,142845901100000,CITY PROPERTY,EXEMPT,0,0,0,0,0,0
142845901200000,,Exempt,E-15 CITY,0,VACANT LAND SW,CITY OF CEDAR RAPIDS,0.2681,,,,,,,,,0,0,0,0,0,0,0,0,0,0,142845901200000,CITY PROPERTY,EXEMPT,0,0,0,0,0,0
142845901300000,,Exempt,E-15 CITY,120,16TH AVE SW,CITY OF CEDAR RAPIDS,0.1882,,,,,,,,,0,0,0,0,0,0,0,0,0,0,142845901300000,CITY PROPERTY,EXEMPT,0,0,0,0,0,0
142847600100000,,Exempt,E-15 CITY,1805,A ST SW,CITY OF CEDAR RAPIDS,2.8,,,,,,,,,0,0,0,0,0,0,0,0,0,0,,,,,,,,,
142847600200000,,Exempt,E-15 CITY,1605,A ST SW,CITY OF CEDAR RAPIDS,0.7493,,,,,,,,,0,0,0,0,0,0,0,0,0,0,,,,,,,,,
142847700200000,CZECH SLAVACH NATIONAL MUSEUM,Exempt,E-55 LIBRARY/ART,30,16TH AVE SW,CITY OF CEDAR RAPIDS %CZECH & SLOVAK MUSEUM & LIBRARY,0.77,,,,,Library,1995,16593,,0,207900,207900,0,887921,1095821,207900,0,1754115,1962015,,,,,,,,,
142847700300000,PATIO/CLOCK TOWER,Exempt,E-55 LIBRARY/ART,28,16TH AVE SW,CEDAR RAPIDS CITY OF %CZECH & SLOVAK MUSEUM & LIBRARY,0.321,,,,,,,,,0,0,0,0,0,0,0,0,0,0,,,,,,,,,
142847800100000,,Exempt,E-15 CITY,0,VACANT LAND SW,CITY OF CEDAR RAPIDS,0.1338,,,,,,,,,0,0,0,0,0,0,0,0,0,0,,,,,,,,,
142847800200000,,Exempt,E-15 CITY,0,VACANT LAND SW,CITY OF CEDAR RAPIDS,0.0958,,,,,,,,,0,0,0,0,0,0,0,0,0,0,,,,,,,,,
142847800400000,,Exempt,E-15 CITY,0,VACANT LAND SW,CITY OF CEDAR RAPIDS,0.1268,,,,,,,,,0,0,0,0,0,0,0,0,0,0,,,,,,,,,
142847800800000,,Exempt,E-15 CITY,0,VACANT LAND SW,CITY OF CEDAR RAPIDS,0.2697,,,,,,,,,0,0,0,0,0,0,0,0,0,0,,,,,,,,,
142847801000000,,Exempt,E-15 CITY,0,VACANT LAND SW,CITY OF CEDAR RAPIDS,0.1194,,,,,,,,,0,0,0,0,0,0,0,0,0,0,142847801000000,CITY PROPERTY,EXEMPT,0,0,0,0,0,0
142847901800000,,Exempt,E-15 CITY,0,VACANT LAND SW,CITY OF CEDAR RAPIDS,0.1148,,,,,,,,,0,0,0,0,0,0,0,0,0,0,142847901800000,CITY PROPERTY,EXEMPT,0,0,0,0,0,0
142847901900000,,Exempt,E-15 CITY,0,VACANT LAND SW,CITY OF CEDAR RAPIDS,0.1721,,,,,,,,,0,0,0,0,0,0,0,0,0,0,142847901900000,CITY PROPERTY,EXEMPT,0,0,0,0,0,0
142847902000000,,Exempt,E-15 CITY,0,VACANT LAND SW,CITY OF CEDAR RAPIDS,0.0574,,,,,,,,,0,0,0,0,0,0,0,0,0,0,142847902000000,CITY PROPERTY,EXEMPT,0,0,0,0,0,0
142847902100000,,Exempt,E-15 CITY,0,VACANT LAND SW,CITY OF CEDAR RAPIDS,0.1148,,,,,,,,,0,0,0,0,0,0,0,0,0,0,142847902100000,CITY PROPERTY,EXEMPT,0,0,0,0,0,0
142847902200000,,Exempt,E-15 CITY,0,VACANT LAND SW,CITY OF CEDAR RAPIDS,0.0688,,,,,,,,,0,0,0,0,0,0,0,0,0,0,142847902200000,CITY PROPERTY,EXEMPT,0,0,0,0,0,0
142847902300000,,Exempt,E-15 CITY,0,VACANT LAND SW,CITY OF CEDAR RAPIDS,0.0688,,,,,,,,,0,0,0,0,0,0,0,0,0,0,142847902300000,CITY PROPERTY,EXEMPT,0,0,0,0,0,0
142847902400000,,Exempt,E-15 CITY,0,VACANT LAND SW,CITY OF CEDAR RAPIDS,0.0918,,,,,,,,,0,0,0,0,0,0,0,0,0,0,142847902400000,CITY PROPERTY,EXEMPT,0,0,0,0,0,0
142848000100000,,Exempt,E-15 CITY,0,VACANT LAND SW,CITY OF CEDAR RAPIDS,0.0781,,,,,,,,,0,0,0,0,0,0,0,0,0,0,142848000100000,CITY PROPERTY,EXEMPT,0,0,0,0,0,0
142848000200000,,Exempt,E-15 CITY,0,VACANT LAND SW,CITY OF CEDAR RAPIDS,0.1148,,,,,,,,,0,0,0,0,0,0,0,0,0,0,142848000200000,CITY PROPERTY,EXEMPT,0,0,0,0,0,0
142848000300000,,Exempt,E-15 CITY,0,VACANT LAND SW,CITY OF CEDAR RAPIDS,0.1148,,,,,,,,,0,0,0,0,0,0,0,0,0,0,142848000300000,CITY PROPERTY,EXEMPT,0,0,0,0,0,0
142848000400000,,Exempt,E-15 CITY,0,VACANT LAND SW,CITY OF CEDAR RAPIDS,0.1147,,,,,,,,,0,0,0,0,0,0,0,0,0,0,142848000400000,CITY PROPERTY,EXEMPT,0,0,0,0,0,0
142848000600000,,Exempt,E-15 CITY,0,VACANT LAND SW,CITY OF CEDAR RAPIDS,0.0229,,,,,,,,,0,0,0,0,0,0,0,0,0,0,142848000600000,CITY PROPERTY,EXEMPT,0,0,0,0,0,0
142848000900000,,Exempt,E-15 CITY,0,VACANT LAND SW,CITY OF CEDAR RAPIDS,0.184,,,,,,,,,0,0,0,0,0,0,0,0,0,0,142848000900000,CITY PROPERTY,EXEMPT,0,0,0,0,0,0
142848100100000,,Exempt,E-15 CITY,0,VACANT LAND SW,CITY OF CEDAR RAPIDS,0.2066,,,,,,,,,0,0,0,0,0,0,0,0,0,0,,,,,,,,,
142848100200000,,Exempt,E-15 CITY,0,VACANT LAND SW,CITY OF CEDAR RAPIDS,0.1148,,,,,,,,,0,0,0,0,0,0,0,0,0,0,,,,,,,,,
142848300100000,,Exempt,E-15 CITY,0,VACANT LAND SW,CITY OF CEDAR RAPIDS,0.1022,,,,,,,,,0,0,0,0,0,0,0,0,0,0,142848300100000,CITY PROPERTY,EXEMPT,0,0,0,0,0,0
142848700500000,,Exempt,E-15 CITY,0,VACANT LAND SW,CITY OF CEDAR RAPIDS,0.2101,,,,,,,,,0,0,0,0,0,0,0,0,0,0,,,,,,,,,
142910300100000,,Exempt,E-15 CITY,423,5TH ST NW,CITY OF CEDAR RAPIDS,0.0901,,,,,,,,,0,0,0,0,0,0,0,0,0,0,,,,,,,,,
142910600100000,,Exempt,E-15 CITY,222,3RD ST NW,CITY OF CEDAR RAPIDS,2.2361,,,,,,,,,0,0,0,0,0,0,0,0,0,0,142910600100000,CITY PROPERTY,EXEMPT,0,0,0,0,0,0
142910800500000,VACANT LOT,Exempt,E-15 CITY,0,VACANT LAND NW,CEDAR RAPIDS CITY OF,0.4,,,,,,,,,0,0,0,0,0,0,0,0,0,0,142910800500000,CITY PROPERTY,EXEMPT,0,0,0,0,0,0
142910900100000,VACANT LOT,Exempt,E-15 CITY,0,VACANT LAND NW,CEDAR RAPIDS CITY OF,0.038,,,,,,,,,0,0,0,0,0,0,0,0,0,0,142910900100000,CITY PROPERTY,EXEMPT,0,0,0,0,0,0
142910900200000,VACANT LOT,Exempt,E-15 CITY,616,C AVE NW,CEDAR RAPIDS CITY OF,0.1286,,,,,,,,,0,0,0,0,0,0,0,0,0,0,142910900200000,CITY PROPERTY,EXEMPT,0,0,0,0,0,0
142910900300000,VACANT LOT,Exempt,E-15 CITY,0,VACANT LAND NW,CEDAR RAPIDS CITY OF,0.165,,,,,,,,,0,0,0,0,0,0,0,0,0,0,142910900300000,CITY PROPERTY,EXEMPT,0,0,0,0,0,0
142911001500000,,Exempt,E-15 CITY,0,VACANT LAND NW,CITY OF CEDAR RAPIDS,0.0098,,,,,,,,,0,0,0,0,0,0,0,0,0,0,142911001500000,CITY PROPERTY,EXEMPT,0,0,0,0,0,0
142913000800000,,Exempt,NW 311,620,C AVE NW,CEDAR RAPIDS CITY OF,0.195,,,,,,,,,0,0,0,0,0,0,0,0,0,0,142913000800000,CITY PROPERTY,EXEMPT,0,0,0,0,0,0
142913101600000,PAVING AND FENCING,Exempt,E-15 CITY,0,VACANT LAND NW,CEDAR RAPIDS CITY OF,0.129,,,,,,,,,0,0,0,0,0,0,0,0,0,0,142913101600000,CITY PROPERTY,EXEMPT,0,0,0,0,0,0
142913101700000,PAVING ONLY,Exempt,E-15 CITY,0,VACANT LAND NW,CEDAR RAPIDS CITY OF,0.129,,,,,,,,,0,0,0,0,0,0,0,0,0,0,142913101700000,CITY PROPERTY,EXEMPT,0,0,0,0,0,0
142915500100000,,Exempt,E-15 CITY,0,VACANT LAND NW,CITY OF CEDAR RAPIDS,0.235,,,,,,,,,0,0,0,0,0,0,0,0,0,0,142915500100000,CITY PROPERTY,EXEMPT,0,0,0,0,0,0
142918900800000,,Exempt,E-15 CITY,843,3RD AVE SW,CITY OF CEDAR RAPIDS,0.0575,,,,,,,,,0,0,0,0,0,0,0,0,0,0,142918900800000,CITY PROPERTY,EXEMPT,0,0,0,0,0,0
142920300400000,,Exempt,E-15 CITY,1113,C AVE NW,CEDAR RAPIDS CITY OF,0.1321,,,,,,,,,0,0,0,0,0,0,0,0,0,0,142920300400000,CITY PROPERTY,EXEMPT,0,0,0,0,0,0
142920300500000,,Exempt,E-15 CITY,0,VACANT LAND NW,CITY OF CEDAR RAPIDS,0.132,,,,,,,,,0,0,0,0,0,0,0,0,0,0,142920300500000,CITY PROPERTY,EXEMPT,0,0,0,0,0,0
142920300600000,,Exempt,E-15 CITY,1123,C AVE NW,CITY OF CEDAR RAPIDS,0.132,,,,,,,,,0,0,0,0,0,0,0,0,0,0,142920300600000,CITY PROPERTY,EXEMPT,0,0,0,0,0,0
142922602200000,,Exempt,E-15 CITY,0,VACANT LAND NW,CITY OF CEDAR RAPIDS,0.221,,,,,,,,,0,0,0,0,0,0,0,0,0,0,142922602200000,CITY PROPERTY,EXEMPT,0,0,0,0,0,0
142925600100000,,Exempt,E-15 CITY,0,VACANT LAND NW,CITY OF CEDAR RAPIDS,0.0839,,,,,,,,,0,0,0,0,0,0,0,0,0,0,142925600100000,CITY PROPERTY,EXEMPT,0,0,0,0,0,0
142928500300000,,Exempt,E-15 CITY,0,VACANT LAND NW,CITY OF CEDAR RAPIDS,0.1269,,,,,,,,,0,0,0,0,0,0,0,0,0,0,142928500300000,CITY PROPERTY,EXEMPT,0,0,0,0,0,0
142930600100000,,Exempt,E-15 CITY,950,ROCKFORD RD SW,CITY OF CEDAR RAPIDS,20.0032,,,,,,,,,0,0,0,0,0,0,0,0,0,0,142930600100000,CITY PROPERTY,EXEMPT,0,0,0,0,0,0
142932600100000,,Exempt,E-15 CITY,0,VACANT LAND SW,CITY OF CEDAR RAPIDS,8.6736,,,,,,,,,0,0,0,0,0,0,0,0,0,0,142932600100000,CITY PROPERTY,EXEMPT,0,0,0,0,0,0
142937600100000,,Exempt,E-15 CITY,1100,ROCKFORD RD SW,CITY OF CEDAR RAPIDS,6.7615,,,,,,,,,0,0,0,0,0,0,0,0,0,0,142937600100000,CITY PROPERTY,EXEMPT,0,0,0,0,0,0
142937600300000,,Exempt,E-15 CITY,0,VACANT LAND SW,CITY OF CEDAR RAPIDS,1.1231,,,,,,,,,0,0,0,0,0,0,0,0,0,0,142937600300000,CITY PROPERTY,EXEMPT,0,0,0,0,0,0
142940100200000,,Exempt,E-15 CITY,0,VACANT LAND SW,CITY OF CEDAR RAPIDS (REEDS PARK),1.6013,,,,,,,,,0,0,0,0,0,0,0,0,0,0,142940100200000,CITY PROPERTY,EXEMPT,0,0,0,0,0,0
142945200100000,,Exempt,E-15 CITY,1010,10TH AVE SW,CEDAR RAPIDS CITY OF,0.4154,,,,,,,,,0,0,0,0,0,0,0,0,0,0,142945200100000,CITY PROPERTY,EXEMPT,0,0,0,0,0,0
142948301200000,,Exempt,E-15 CITY,0,VACANT LAND SW,CITY OF CEDAR RAPIDS,0.069,,,,,,,,,0,0,0,0,0,0,0,0,0,0,142948301200000,CITY PROPERTY,EXEMPT,0,0,0,0,0,0
143013000300000,,Exempt,E-15 CITY,0,VACANT LAND SW,CITY OF CEDAR RAPIDS,0.3902,,,,,,,,,0,0,0,0,0,0,0,0,0,0,143013000300000,CITY PROPERTY,EXEMPT,0,0,0,0,0,0
143020300100000,,Exempt,E-15 CITY,0,VACANT LAND NW,CITY OF CEDAR RAPIDS,5.7,,,,,,,,,0,0,0,0,0,0,0,0,0,0,143020300100000,CITY PROPERTY,EXEMPT,0,0,0,0,0,0
143020400200000,,Exempt,E-15 CITY,0,VACANT LAND NW,CITY OF CEDAR RAPIDS,2.43,,,,,,,,,0,0,0,0,0,0,0,0,0,0,143020400200000,CITY PROPERTY,EXEMPT,0,0,0,0,0,0
143020400300000,,Exempt,E-15 CITY,0,VACANT LAND NW,CITY OF CEDAR RAPIDS,2.0,,,,,,,,,0,0,0,0,0,0,0,0,0,0,143020400300000,CITY PROPERTY,EXEMPT,0,0,0,0,0,0
143028000600000,,Exempt,E-15 CITY,,0 VACANT LAND NW,CEDAR RAPIDS CITY OF,0.18,,,,,,,,,0,0,0,0,0,0,,,,,143028000600000,CITY PROPERTY,EXEMPT,0,0,0,0,0,0
143030101000000,,Exempt,E-15 CITY,0,VACANT LAND NW,CITY OF CEDAR RAPIDS,0.1384,,,,,,,,,0,0,0,0,0,0,0,0,0,0,143030101000000,CITY PROPERTY,EXEMPT,0,0,0,0,0,0
143037700100000,,Exempt,E-15 CITY,0,CITY SIDEWALK SW,CITY OF CEDAR RAPIDS,0.1,,,,,,,,,0,0,0,0,0,0,0,0,0,0,143037700100000,CITY PROPERTY,EXEMPT,0,0,0,0,0,0
143040600100000,,Exempt,E-15 CITY,0,VACANT LAND SW,CITY OF CEDAR RAPIDS,0.1233,,,,,,,,,0,0,0,0,0,0,0,0,0,0,143040600100000,CITY PROPERTY,EXEMPT,0,0,0,0,0,0
143045202500000,,Exempt,E-15 CITY,0,VACANT LAND SW,CITY OF CEDAR RAPIDS,0.2161,,,,,,,,,0,0,0,0,0,0,0,0,0,0,143045202500000,CITY PROPERTY,EXEMPT,0,0,0,0,0,0
143045202600000,,Exempt,E-15 CITY,0,VACANT LAND SW,CITY OF CEDAR RAPIDS (WATER WORKS),2.2789,,,,,,,,,0,0,0,0,0,0,0,0,0,0,143045202600000,CITY PROPERTY,EXEMPT,0,0,0,0,0,0
143115202900000,,Exempt,E-15 CITY,0,VACANT LAND SW,CEDAR RAPIDS CITY OF,1.65,,,,,,,,,0,0,0,0,0,0,0,0,0,0,143115202900000,CITY PROPERTY,EXEMPT,0,0,0,0,0,0
143117604900000,,Exempt,E-15 CITY,0,VACANT LAND SW,CEDAR RAPIDS CITY OF,1.35,,,,,,,,,0,0,0,0,0,0,0,0,0,0,143117604900000,CITY PROPERTY,EXEMPT,0,0,0,0,0,0
143117605000000,,Exempt,E-15 CITY,0,VACANT LAND SW,CEDAR RAPIDS CITY OF,1.08,,,,,,,,,0,0,0,0,0,0,0,0,0,0,143117605000000,CITY PROPERTY,EXEMPT,0,0,0,0,0,0
143117605700000,,Exempt,SW 420,0,VACANT LAND SW,CEDAR RAPIDS CITY OF,0.45,,,,,,,,,0,0,0,0,0,0,0,0,0,0,143117605700000,CITY PROPERTY,EXEMPT,0,0,0,0,0,0
143117605800000,,Exempt,SW 420,0,VACANT LAND SW,CEDAR RAPIDS CITY OF CITY CLERK,1.33,,,,,,,,,0,0,0,0,0,0,0,0,0,0,143117605800000,CITY PROPERTY,EXEMPT,0,0,0,0,0,0
143120100200000,,Exempt,E-15 CITY,2604,16TH AVE SW,CEDAR RAPIDS CITY OF,1.38,,,,,,,,,0,0,0,0,0,0,0,0,0,0,,,,,,,,,
143137600100000,,Exempt,E-15 CITY,0,VACANT LAND SW,CITY OF CEDAR RAPIDS,0.142,,,,,,,,,0,0,0,0,0,0,0,0,0,0,143137600100000,CITY PROPERTY,EXEMPT,0,0,0,0,0,0
143137701200000,,Exempt,E-15 CITY,0,VACANT LAND SW,CITY OF CEDAR RAPIDS,0.2064,,,,,,,,,0,0,0,0,0,0,0,0,0,0,143137701200000,CITY PROPERTY,EXEMPT,0,0,0,0,0,0
143137702000000,,Exempt,E-15 CITY,0,VACANT LAND SW,CITY OF CEDAR RAPIDS,1.8283,,,,,,,,,0,0,0,0,0,0,0,0,0,0,143137702000000,CITY PROPERTY,EXEMPT,0,0,0,0,0,0
143137702100000,,Exempt,E-15 CITY,0,VACANT LAND SW,CITY OF CEDAR RAPIDS,1.2936,,,,,,,,,0,0,0,0,0,0,0,0,0,0,143137702100000,CITY PROPERTY,EXEMPT,0,0,0,0,0,0
143213100300000,,Exempt,E-15 CITY,0,VACANT LAND SW,CEDAR RAPIDS CITY OF,0.12,,,,,,,,,0,0,0,0,0,0,,,,,143213100300000,VACANT LAND,COMMERCIAL,0,12000,12000,0,0,12000
143218500200000,,Exempt,E-15 CITY,0,VACANT LAND SW,CEDAR RAPIDS CITY OF,0.1194,,,,,,,,,0,0,0,0,0,0,0,0,0,0,143218500200000,CITY PROPERTY,EXEMPT,0,0,0,0,0,0
143227601900000,,Exempt,E-15 CITY,0,VACANT LAND SW,CITY OF CEDAR RAPIDS,0.13,,,,,,,,,0,0,0,0,0,0,0,0,0,0,143227601900000,CITY PROPERTY,EXEMPT,0,0,0,0,0,0
143227800300000,,Exempt,E-15 CITY,0,VACANT LAND SW,CITY OF CEDAR RAPIDS,0.2556,,,,,,,,,0,0,0,0,0,0,0,0,0,0,143227800300000,CITY PROPERTY,EXEMPT,0,0,0,0,0,0
143227801200000,,Exempt,E-15 CITY,0,VACANT LAND SW,CITY OF CEDAR RAPIDS,0.1283,,,,,,,,,0,0,0,0,0,0,0,0,0,0,143227801200000,CITY PROPERTY,EXEMPT,0,0,0,0,0,0
143228000100000,,Exempt,E-15 CITY,0,VACANT LAND SW,CITY OF CEDAR RAPIDS,1.8267,,,,,,,,,0,0,0,0,0,0,0,0,0,0,143228000100000,CITY PROPERTY,EXEMPT,0,0,0,0,0,0
143228200100000,,Exempt,E-15 CITY,0,VACANT LAND SW,CITY OF CEDAR RAPIDS,0.1252,,,,,,,,,0,0,0,0,0,0,0,0,0,0,143228200100000,CITY PROPERTY,EXEMPT,0,0,0,0,0,0
143311000100000,,Exempt,E-15 CITY,0,VACANT LAND SW,CEDAR RAPIDS CITY OF,4.5066,,,,,,,,,0,0,0,0,0,0,0,0,0,0,143311000100000,CITY PROPERTY,EXEMPT,0,0,0,0,0,0
143312700100000,,Exempt,E-15 CITY,0,VACANT LAND SW,CITY OF CEDAR RAPIDS,0.1775,,,,,,,,,0,0,0,0,0,0,0,0,0,0,143312700100000,CITY PROPERTY,EXEMPT,0,0,0,0,0,0
143312700200000,,Exempt,E-15 CITY,0,VACANT LAND SW,CITY OF CEDAR RAPIDS,0.3419,,,,,,,,,0,0,0,0,0,0,0,0,0,0,143312700200000,CITY PROPERTY,EXEMPT,0,0,0,0,0,0
143316500600000,,Exempt,E-15 CITY,0,VACANT LAND SW,CITY OF CEDAR RAPIDS,0.086,,,,,,,,,0,0,0,0,0,0,0,0,0,0,143316500600000,CITY PROPERTY,EXEMPT,0,0,0,0,0,0
143322800100000,,Exempt,E-15 CITY,0,VACANT LAND SW,CITY OF CEDAR RAPIDS,1.5725,,,,,,,,,0,0,0,0,0,0,0,0,0,0,,,,,,,,,
143322800200000,,Exempt,E-15 CITY,0,VACANT LAND SW,CITY OF CEDAR RAPIDS,1.8509,,,,,,,,,0,0,0,0,0,0,0,0,0,0,,,,,,,,,
143332800300000,,Exempt,E-15 CITY,509,WILSON AVE SW,CITY OF CEDAR RAPIDS FIRE STATION 5,0.1757,,,,,,,,,0,0,0,0,0,0,0,0,0,0,143332800300000,CITY PROPERTY,EXEMPT,0,0,0,0,0,0
143340301100000,,Exempt,E-15 CITY,0,VACANT LAND SW,CEDAR RAPIDS CITY OF,1.6285,,,,,,,,,0,0,0,0,0,0,0,0,0,0,143340301100000,CITY PROPERTY,EXEMPT,0,0,0,0,0,0
143432600100000,,Exempt,E-15 CITY,325,WILSON AVE DR SW,CITY OF CEDAR RAPIDS,40.0191,,,,,,,,,0,0,0,0,0,0,0,0,0,0,143432600100000,CITY PROPERTY,EXEMPT,0,0,0,0,0,0
143437602200000,,Exempt,E-15 CITY,0,VACANT LAND SW,CITY OF CEDAR RAPIDS,0.7418,,,,,,,,,0,0,0,0,0,0,0,0,0,0,143437602200000,CITY PROPERTY,EXEMPT,0,0,0,0,0,0
143437700200000,,Exempt,E-15 CITY,0,VACANT LAND SW,CITY OF CEDAR RAPIDS,19.0063,,,,,,,,,0,0,0,0,0,0,0,0,0,0,143437700200000,CITY PROPERTY,EXEMPT,0,0,0,0,0,0
143440100100000,,Exempt,E-15 CITY,0,VACANT LAND SW,CITY OF CEDAR RAPIDS,7.0323,,,,,,,,,0,0,0,0,0,0,0,0,0,0,143440100100000,CITY PROPERTY,EXEMPT,0,0,0,0,0,0
143445100300000,,Exempt,E-15 CITY,0,VACANT LAND SW,CITY OF CEDAR RAPIDS,43.2773,,,,,,,,,0,0,0,0,0,0,0,0,0,0,143445100300000,CITY PROPERTY,EXEMPT,0,0,0,0,0,0
143445101600000,,Exempt,SW 431,0,VACANT LAND SW,CEDAR RAPIDS CITY OF,0.22,,,,,,,,,0,0,0,0,0,0,0,0,0,0,143445101600000,CITY PROPERTY,EXEMPT,0,0,0,0,0,0
143510100400000,,Exempt,E-15 CITY,0,VACANT LAND SE,CITY OF CEDAR RAPIDS,8.8605,,,,,,,,,0,0,0,0,0,0,0,0,0,0,143510100400000,CITY PROPERTY,EXEMPT,0,0,0,0,0,0
143520200200000,,Exempt,E-15 CITY,0,VACANT LAND SE,CITY OF CEDAR RAPIDS,8.3954,,,,,,,,,0,0,0,0,0,0,0,0,0,0,143520200200000,CITY PROPERTY,EXEMPT,0,0,0,0,0,0
143527701100000,,Exempt,E-15 CITY,0,VACANT LAND SE,CITY OF CEDAR RAPIDS,5.5567,,,,,,,,,0,0,0,0,0,0,0,0,0,0,143527701100000,CITY PROPERTY,EXEMPT,0,0,0,0,0,0
143530100600000,,Exempt,E-15 CITY,2600,24TH AVE SE,CEDAR RAPIDS CITY OF,0.23,Detached Structures Only,,1986-01-01,,,,,,0,0,0,0,0,0,8175,70299,0,78474,143530100600000,CITY PROPERTY,EXEMPT,0,0,0,0,0,0
143530202700000,,Exempt,E-15 CITY,2393,THOMPSON ST SE,CEDAR RAPIDS CITY OF,1.309,,,,,,,,,0,0,0,0,0,0,15795,73769,0,89564,143530202700000,CITY PROPERTY,EXEMPT,0,0,0,0,0,0
143530300800000,,Exempt,E-15 CITY,0,VACANT LAND SE,CEDAR RAPIDS CITY OF,0.276,,,,,,,,,0,0,0,0,0,0,5130,0,0,5130,143530300800000,CITY PROPERTY,EXEMPT,0,0,0,0,0,0
143530300900000,,Exempt,E-15 CITY,2364,BLAKELY BLVD SE,CEDAR RAPIDS CITY OF,0.276,(2) Single-Family Dwlg's,Salvage,1946-01-01,8601-01-01,,,,,0,0,0,0,0,0,5130,100875,0,106005,143530300900000,CITY PROPERTY,EXEMPT,0,0,0,0,0,0
143530301100000,,Exempt,E-15 CITY,2380,BLAKELY BLVD SE,CEDAR RAPIDS CITY OF % CITY OF CEDAR RAPIDS FINANCE,0.549,Single-Family,1 Story Frame,1945-01-01,8601-01-01,,,,,0,0,0,0,0,0,10260,44188,0,54448,143530301100000,CITY PROPERTY,EXEMPT,0,0,0,0,0,0
143530301200000,,Exempt,E-15 CITY,2386,BLAKELY BLVD SE,CEDAR RAPIDS CITY OF,0.606,Single-Family,Salvage,1900-01-01,1320-01-01,,,,,0,0,0,0,0,0,12960,63908,0,76868,143530301200000,CITY PROPERTY,EXEMPT,0,0,0,0,0,0
143530301500000,,Exempt,E-15 CITY,2387,ROMPOT ST SE,CEDAR RAPIDS CITY OF % CITY OF CEDAR RAPIDS FINANCE,0.276,Single-Family,1 Story Frame,1941-01-01,1220-01-01,,,,,0,0,0,0,0,0,8550,74855,0,83405,143530301500000,CITY PROPERTY,EXEMPT,0,0,0,0,0,0
143530400200000,,Exempt,E-15 CITY,2627,24TH AVE SE,CEDAR RAPIDS CITY OF % CITY OF CEDAR RAPIDS FINANCE,0.266,Single-Family,Salvage,1950-01-01,6701-01-01,,,,,0,0,0,0,0,0,8475,46537,0,55012,143530400200000,CITY PROPERTY,EXEMPT,0,0,0,0,0,0
143530400300000,,Exempt,E-15 CITY,2623,24TH AVE SE,CEDAR RAPIDS CITY OF % CITY OF CEDAR RAPIDS FINANCE,0.266,Single-Family,Salvage,1961-01-01,5001-01-01,,,,,0,0,0,0,0,0,8475,34038,0,42513,143530400300000,CITY PROPERTY,EXEMPT,0,0,0,0,0,0
143530400900000,,Exempt,E-15 CITY,2519,24TH AVE SE,CEDAR RAPIDS CITY OF % PROSOURCE TECHNOLOGIES,0.533,Single-Family,Salvage,1956-01-01,1056-01-01,,,,,0,0,0,0,0,0,10170,56689,0,66859,143530400900000,CITY PROPERTY,EXEMPT,0,0,0,0,0,0
143530401100000,,Exempt,E-15 CITY,2511,24TH AVE SE,CEDAR RAPIDS CITY OF,0.266,Single-Family,Salvage,1960-01-01,8601-01-01,,,,,0,0,0,0,0,0,8475,50964,0,59439,143530401100000,CITY PROPERTY,EXEMPT,0,0,0,0,0,0
143532601000000,,Exempt,E-15 CITY,2357,BLAKELY BLVD SE,CEDAR RAPIDS CITY OF,0.298,Single-Family,Salvage,1900-01-01,6801-01-01,,,,,0,0,0,0,0,0,8700,42109,0,50809,143532601000000,CITY PROPERTY,EXEMPT,0,0,0,0,0,0
143532700100000,VACANT LAND / PAVING,Exempt,COMM SE,0,VACANT LAND SE,CEDAR RAPIDS CITY OF,8.85,,,,,,,,,0,0,0,0,0,0,0,0,0,0,143532700100000,CITY PROPERTY,EXEMPT,0,0,0,0,0,0
143532700200000,VACANT (PAVING ONLY),Exempt,COMM SE,0,VACANT LAND SE,CEDAR RAPIDS CITY OF,8.04,,,,,,,,,0,0,0,0,0,0,0,0,0,0,143532700200000,CITY PROPERTY,EXEMPT,0,0,0,0,0,0
143535100100000,,Exempt,E-15 CITY,0,VACANT LAND SE,CITY OF CEDAR RAPIDS,0.848,,,,,,,,,0,0,0,0,0,0,0,0,0,0,143535100100000,CITY PROPERTY,EXEMPT,0,0,0,0,0,0
143537700100000,CEDAR RAPIDS,Exempt,COMM SE,0,VACANT LAND SE,CEDAR RAPIDS CITY OF,54.0,,,,,,,,,0,0,0,0,0,0,0,0,0,0,143537700100000,CITY PROPERTY,EXEMPT,0,0,0,0,0,0
143545100100000,,Exempt,E-15 CITY,0,VACANT LAND SE,CEDAR RAPIDS CITY OF,31.0225,,,,,,,,,0,0,0,0,0,0,0,0,0,0,143545100100000,CITY PROPERTY,EXEMPT,0,0,0,0,0,0
143545200100000,VACANT,Exempt,COMM SE,0,VACANT LAND SE,CEDAR RAPIDS CITY OF,12.69,,,,,,,,,0,0,0,0,0,0,0,0,0,0,143545200100000,CITY PROPERTY,EXEMPT,0,0,0,0,0,0
143547700100000,,Exempt,SE 242,3019,FIR AVE SE,CEDAR RAPIDS CITY OF CITY HALL,1.79,,,,,,,,,0,0,0,0,0,0,0,0,0,0,143547700100000,CITY PROPERTY,EXEMPT,0,0,0,0,0,0
143640200100000,,Exempt,E-15 CITY,0,VACANT LAND SE,CITY OF CEDAR RAPIDS,186.9415,,,,,,,,,0,0,0,0,0,0,0,0,0,0,143640200100000,CITY PROPERTY,EXEMPT,0,0,0,0,0,0
143647700100000,,Exempt,E-15 CITY,0,VACANT LAND SW,CITY OF CEDAR RAPIDS,17.6063,,,,,,,,,0,0,0,0,0,0,0,0,0,0,143647700100000,CITY PROPERTY,EXEMPT,0,0,0,0,0,0
151932603600000,,Exempt,E-15 CITY,0,VACANT LAND SE,CEDAR RAPIDS CITY OF,5.32,,,,,,,,,0,0,0,0,0,0,0,0,0,0,,,,,,,,,
151935103100000,,Exempt,E-15 CITY,0,VACANT LAND SE,CEDAR RAPIDS CITY OF,,,,,,,,,,0,0,0,0,0,0,0,0,0,0,,,,,,,,,
152935100200000,,Exempt,E-15 CITY,0,VACANT LAND SE,CITY OF CEDAR RAPIDS,25.9666,,,,,,,,,0,0,0,0,0,0,0,0,0,0,152935100200000,CITY PROPERTY,EXEMPT,0,0,0,0,0,0
153040300100000,,Exempt,E-15 CITY,6665,OTIS RD SE,CITY OF CEDAR RAPIDS,5.3012,,,,,,,,,0,0,0,0,0,0,0,0,0,0,153040300100000,CITY PROPERTY,EXEMPT,0,0,0,0,0,0
153210200100000,,Exempt,E-15 CITY,7525,BERTRAM RD SE,CITY OF CEDAR RAPIDS,133.9316,,,,,,,,,0,0,0,0,0,0,0,0,0,0,153210200100000,CITY PROPERTY,EXEMPT,0,0,0,0,0,0
153222600100000,,Exempt,E-15 CITY,1401,CEDAR BEND LN SW,CITY OF CEDAR RAPIDS,31.1042,,,,,,,,,0,0,0,0,0,0,0,0,0,0,153222600100000,CITY PROPERTY,EXEMPT,0,0,0,0,0,0
153325100100000,,Exempt,SE 246,0,VACANT LAND SE,CEDAR RAPIDS CITY OF,10.07,,,,,,,,,0,0,0,0,0,0,0,0,0,0,153325100100000,CITY PROPERTY,EXEMPT,0,0,0,0,0,0
153330100100000,,Exempt,SE 246,0,VACANT LAND SE,CEDAR RAPIDS CITY OF,3.47,,,,,,,,,0,0,0,0,0,0,0,0,0,0,153330100100000,CITY PROPERTY,EXEMPT,0,0,0,0,0,0
153332600100000,,Exempt,SE 246,0,VACANT LAND SE,CEDAR RAPIDS CITY OF,33.67,,,,,,,,,0,0,0,0,0,0,0,0,0,0,153332600100000,CITY PROPERTY,EXEMPT,0,0,0,0,0,0
153335100100000,,Exempt,SE 246,0,VACANT LAND SE,CEDAR RAPIDS CITY OF,5.56,,,,,,,,,0,0,0,0,0,0,0,0,0,0,153335100100000,CITY PROPERTY,EXEMPT,0,0,0,0,0,0
153337700100000,,Exempt,SE 246,0,VACANT LAND SE,CEDAR RAPIDS CITY OF,2.4,,,,,,,,,0,0,0,0,0,0,0,0,0,0,153337700100000,CITY PROPERTY,EXEMPT,0,0,0,0,0,0
190210100100000,,Exempt,E-15 CITY,0,VACANT LAND SW,CITY OF CEDAR RAPIDS,26.3182,,,,,,,,,0,0,0,0,0,0,0,0,0,0,190210100100000,CITY PROPERTY,EXEMPT,0,0,0,0,0,0
190212600100000,,Exempt,E-15 CITY,0,VACANT LAND SW,CITY OF CEDAR RAPIDS,19.147,,,,,,,,,0,0,0,0,0,0,0,0,0,0,190212600100000,CITY PROPERTY,EXEMPT,0,0,0,0,0,0
190215100100000,,Exempt,E-15 CITY,2727,OLD RIVER RD SW,CITY OF CEDAR RAPIDS,23.927,,,,,,,,,0,0,0,0,0,0,0,0,0,0,190215100100000,CITY PROPERTY,EXEMPT,0,0,0,0,0,0
190217600100000,,Exempt,E-15 CITY,0,VACANT LAND SW,CITY OF CEDAR RAPIDS,10.6874,,,,,,,,,0,0,0,0,0,0,0,0,0,0,190217600100000,CITY PROPERTY,EXEMPT,0,0,0,0,0,0
190220100100000,VACANT LAND SE,Exempt,COMM SE,0,VACANT LAND SE,CEDAR RAPIDS CITY OF,27.0,,,,,,,,,0,0,0,0,0,0,0,0,0,0,190220100100000,CITY PROPERTY,EXEMPT,0,0,0,0,0,0
190222600100000,,Exempt,E-15 CITY,0,VACANT LAND SW,CITY OF CEDAR RAPIDS,6.2695,,,,,,,,,0,0,0,0,0,0,0,0,0,0,190222600100000,CITY PROPERTY,EXEMPT,0,0,0,0,0,0
190227600200000,,Exempt,E-15 CITY,0,VACANT LAND SW,CITY OF CEDAR RAPIDS,0.6607,,,,,,,,,0,0,0,0,0,0,0,0,0,0,190227600200000,CITY PROPERTY,EXEMPT,0,0,0,0,0,0
190310100100000,,Exempt,E-15 CITY,0,VACANT LAND SW,CITY OF CEDAR RAPIDS,0.216,,,,,,,,,0,0,0,0,0,0,0,0,0,0,190310100100000,CITY PROPERTY,EXEMPT,0,0,0,0,0,0
190320100100000,,Exempt,E-15 CITY,0,VACANT LAND SW,CITY OF CEDAR RAPIDS JONES PARK,160.1244,,,,,,,,,0,0,0,0,0,0,0,0,0,0,190320100100000,CITY PROPERTY,EXEMPT,0,0,0,0,0,0
190327600100000,,Exempt,E-15 CITY,0,VACANT LAND SW,CITY OF CEDAR RAPIDS,35.1466,,,,,,,,,0,0,0,0,0,0,0,0,0,0,190327600100000,CITY PROPERTY,EXEMPT,0,0,0,0,0,0
190327600400000,,Exempt,E-15 CITY,0,VACANT LAND SW,CITY OF CEDAR RAPIDS,8.7334,,,,,,,,,0,0,0,0,0,0,0,0,0,0,190327600400000,CITY PROPERTY,EXEMPT,0,0,0,0,0,0
190332600300000,,Exempt,E-15 CITY,0,VACANT LAND SW,CITY OF CEDAR RAPIDS,2.358,,,,,,,,,0,0,0,0,0,0,0,0,0,0,190332600300000,CITY PROPERTY,EXEMPT,0,0,0,0,0,0
190417900200000,,Exempt,E-15 CITY,28,37TH AVE SW,CITY OF CEDAR RAPIDS,4.2425,,,,,,,,,0,0,0,0,0,0,0,0,0,0,190417900200000,CITY PROPERTY,EXEMPT,0,0,0,0,0,0
190440100100000,,Exempt,E-15 CITY,3702,BOWLING ST SW,CITY OF CEDAR RAPIDS,7.832,,,,,,,,,0,0,0,0,0,0,0,0,0,0,190440100100000,CITY PROPERTY,EXEMPT,0,0,0,0,0,0
190440100200000,,Exempt,E-15 CITY,0,VACANT LAND SW,CITY OF CEDAR RAPIDS,3.3121,,,,,,,,,0,0,0,0,0,0,0,0,0,0,190440100200000,CITY PROPERTY,EXEMPT,0,0,0,0,0,0
190440100300000,,Exempt,E-15 CITY,0,VACANT LAND SW,CITY OF CEDAR RAPIDS,4.2247,,,,,,,,,0,0,0,0,0,0,0,0,0,0,190440100300000,CITY PROPERTY,EXEMPT,0,0,0,0,0,0
190442600500000,,Exempt,E-15 CITY,0,VACANT LAND SW,CITY OF CEDAR RAPIDS,1.5671,,,,,,,,,0,0,0,0,0,0,0,0,0,0,190442600500000,CITY PROPERTY,EXEMPT,0,0,0,0,0,0
190445100300000,,Exempt,E-15 CITY,0,VACANT LAND SW,CITY OF CEDAR RAPIDS,11.1455,,,,,,,,,0,0,0,0,0,0,0,0,0,0,190445100300000,CITY PROPERTY,EXEMPT,0,0,0,0,0,0
190525200100000,,Exempt,E-15 CITY,1701,33RD AVE SW,CEDAR RAPIDS CITY OF,0.9738,,,,,,,,,0,0,0,0,0,0,0,0,0,0,190525200100000,CITY PROPERTY,EXEMPT,0,0,0,0,0,0
190525200200000,,Exempt,E-15 CITY,1733,33RD AVE SW,CEDAR RAPIDS CITY OF,0.3786,,,,,,,,,0,0,0,0,0,0,0,0,0,0,190525200200000,CITY PROPERTY,EXEMPT,0,0,0,0,0,0
190535100100000,,Exempt,E-15 CITY,0,VACANT LAND SW,CITY OF CEDAR RAPIDS,8.4219,,,,,,,,,0,0,0,0,0,0,0,0,0,0,190535100100000,CITY PROPERTY,EXEMPT,0,0,0,0,0,0
190537600200000,,Exempt,E-15 CITY,0,VACANT LAND SW,CITY OF CEDAR RAPIDS,1.835,,,,,,,,,0,0,0,0,0,0,0,0,0,0,190537600200000,CITY PROPERTY,EXEMPT,0,0,0,0,0,0
190610101500000,,Exempt,SW 420,0,VACANT LAND SW,CEDAR RAPIDS CITY OF,1.95,,,,,,,,,0,0,0,0,0,0,,,,,190610101500000,CITY PROPERTY,EXEMPT,0,0,0,0,0,0
190612600400000,,Exempt,E-15 CITY,0,VACANT LAND SW,CITY OF CEDAR RAPIDS,1.8,,,,,,,,,0,0,0,0,0,0,0,0,0,0,190612600400000,CITY PROPERTY,EXEMPT,0,0,0,0,0,0
190620300100000,,Exempt,E-15 CITY,0,VACANT LAND SW,CEDAR RAPIDS CITY OF,0.7863,,,,,,,,,0,0,0,0,0,0,0,0,0,0,190620300100000,CITY PROPERTY,EXEMPT,0,0,0,0,0,0
190627601800000,,Exempt,SW 429,0,VACANT LAND SW,CEDAR RAPIDS CITY OF,0.46,,,,,,,,,0,0,0,0,0,0,0,0,0,0,190627601800000,CITY PROPERTY,EXEMPT,0,0,0,0,0,0
190627602800000,,Exempt,SW 429,0,VACANT LAND SW,CEDAR RAPIDS CITY OF,0.47,,,,,,,,,0,0,0,0,0,0,0,0,0,0,190627602800000,CITY PROPERTY,EXEMPT,0,0,0,0,0,0
190630200100000,,Exempt,E-15 CITY,0,VACANT LAND SW,CITY OF CEDAR RAPIDS,42.3399,,,,,,,,,0,0,0,0,0,0,0,0,0,0,190630200100000,CITY PROPERTY,EXEMPT,0,0,0,0,0,0
190640100200000,,Exempt,E-15 CITY,0,VACANT LAND SW,CITY OF CEDAR RAPIDS,16.7905,,,,,,,,,0,0,0,0,0,0,0,0,0,0,190640100200000,CITY PROPERTY,EXEMPT,0,0,0,0,0,0
190642600200000,,Exempt,E-15 CITY,0,VACANT LAND SW,CITY OF CEDAR RAPIDS,30.8802,,,,,,,,,0,0,0,0,0,0,0,0,0,0,190642600200000,CITY PROPERTY,EXEMPT,0,0,0,0,0,0
190645100100000,,Exempt,E-15 CITY,0,VACANT LAND SW,CITY OF CEDAR RAPIDS,12.2921,,,,,,,,,0,0,0,0,0,0,0,0,0,0,190645100100000,CITY PROPERTY,EXEMPT,0,0,0,0,0,0
190647600100000,,Exempt,E-15 CITY,0,VACANT LAND SW,CITY OF CEDAR RAPIDS,19.2426,,,,,,,,,0,0,0,0,0,0,0,0,0,0,190647600100000,CITY PROPERTY,EXEMPT,0,0,0,0,0,0
190720200100000,,Exempt,E-15 CITY,0,VACANT LAND SW,CITY OF CEDAR RAPIDS,8.3609,,,,,,,,,0,0,0,0,0,0,0,0,0,0,190720200100000,CITY PROPERTY,EXEMPT,0,0,0,0,0,0
190722600200000,,Exempt,E-15 CITY,4801,EDGEWOOD RD SW,CEDAR RAPIDS CITY OF,2.293,,,,,,,,,0,0,0,0,0,0,0,0,0,0,190722600200000,CITY PROPERTY,EXEMPT,0,0,0,0,0,0
190722700100000,,Exempt,E-15 CITY,0,VACANT LAND SW,CITY OF CEDAR RAPIDS,43.3004,,,,,,,,,0,0,0,0,0,0,0,0,0,0,190722700100000,CITY PROPERTY,EXEMPT,0,0,0,0,0,0
190812700300000,,Exempt,E-15 CITY,0,VACANT LAND SW,CITY OF CEDAR RAPIDS,14.6706,,,,,,,,,0,0,0,0,0,0,0,0,0,0,190812700300000,CITY PROPERTY,EXEMPT,0,0,0,0,0,0
190830100500000,,Exempt,E-15 CITY,5430,DOWNS BLVD SW,CITY OF CEDAR RAPIDS,0.8244,,,,,,,,,0,0,0,0,0,0,0,0,0,0,190830100500000,CITY PROPERTY,EXEMPT,0,0,0,0,0,0
190830101100000,,Exempt,E-15 CITY,5515,WILLOW CREEK DR SW,CITY OF CEDAR RAPIDS,1.8423,,,,,,,,,0,0,0,0,0,0,0,0,0,0,190830101100000,CITY PROPERTY,EXEMPT,0,0,0,0,0,0
190920200100000,,Exempt,E-15 CITY,0,VACANT LAND SW,CITY OF CEDAR RAPIDS,5.8836,,,,,,,,,0,0,0,0,0,0,0,0,0,0,190920200100000,CITY PROPERTY,EXEMPT,0,0,0,0,0,0
190922600100000,,Exempt,E-15 CITY,0,VACANT LAND SW,CEDAR RAPIDS CITY OF,20.67,,,,,,,,,0,0,0,0,0,0,0,0,0,0,,,,,,,,,
190925100100000,,Exempt,E-15 CITY,442,50TH AVE CT SW,CEDAR RAPIDS CITY OF,3.39,,,,,,,,,0,0,0,0,0,0,0,0,0,0,190925100100000,CITY PROPERTY,EXEMPT,0,0,0,0,0,0
190930100200000,,Exempt,E-15 CITY,0,VACANT LAND SW,CITY OF CEDAR RAPIDS,0.3437,,,,,,,,,0,0,0,0,0,0,0,0,0,0,190930100200000,CITY PROPERTY,EXEMPT,0,0,0,0,0,0
191112700200000,,Exempt,E-15 CITY,0,VACANT LAND SW,CITY OF CEDAR RAPIDS,9.9997,,,,,,,,,0,0,0,0,0,0,0,0,0,0,191112700200000,CITY PROPERTY,EXEMPT,0,0,0,0,0,0
191120400400000,,Exempt,E-15 CITY,0,VACANT LAND SW,CEDAR RAPIDS CITY OF,1.3753,,,,,,,,,0,0,0,0,0,0,0,0,0,0,191120400400000,CITY PROPERTY,EXEMPT,0,0,0,0,0,0
191137700200000,,Exempt,E-15 CITY,0,VACANT LAND SW,CITY OF CEDAR RAPIDS,5.1604,,,,,,,,,0,0,0,0,0,0,0,0,0,0,191137700200000,CITY PROPERTY,EXEMPT,0,0,0,0,0,0
191137701600000,,Exempt,E-15 CITY,0,VACANT LAND SW,CEDAR RAPIDS CITY OF,,,,,,,,,,0,0,0,0,0,0,0,0,0,0,191137701600000,CITY PROPERTY,EXEMPT,0,0,0,0,0,0
191415700900000,,Exempt,SW 422,O,VACANT LAND SW,CEDAR RAPIDS CITY OF CITY HALL,1.6,,,,,,,,,0,0,0,0,0,0,0,0,0,0,191415700900000,CITY PROPERTY,EXEMPT,0,0,0,0,0,0
191415801000000,,Exempt,SW 422,O,VACANT LAND SW,CEDAR RAPIDS CITY OF CITY HALL,0.44,,,,,,,,,0,0,0,0,0,0,0,0,0,0,191415801000000,CITY PROPERTY,EXEMPT,0,0,0,0,0,0
191417900400000,,Exempt,SW 422,O,VACANT LAND SW,CEDAR RAPIDS CITY OF CITY HALL,0.13,,,,,,,,,0,0,0,0,0,0,0,0,0,0,191417900400000,CITY PROPERTY,EXEMPT,0,0,0,0,0,0
191535100100000,,Exempt,E-15 CITY,0,VACANT LAND SW,CITY OF CEDAR RAPIDS,0.0345,,,,,,,,,0,0,0,0,0,0,0,0,0,0,191535100100000,CITY PROPERTY,EXEMPT,0,0,0,0,0,0
191610203200000,,Exempt,E-15 CITY,48,OKLAHOMA AVE SW,CITY OF CEDAR RAPIDS,0.3101,,,,,,,,,0,0,0,0,0,0,0,0,0,0,191610203200000,CITY PROPERTY,EXEMPT,0,0,0,0,0,0
191610600500000,,Exempt,E-15 CITY,0,VACANT LAND SW,CEDAR RAPIDS CITY OF,0.1415,,,,,,,,,0,0,0,0,0,0,0,0,0,0,191610600500000,CITY PROPERTY,EXEMPT,0,0,0,0,0,0
191612701100000,,Exempt,E-15 CITY,0,VACANT LAND SW,CITY OF CEDAR RAPIDS,0.3453,,,,,,,,,0,0,0,0,0,0,0,0,0,0,191612701100000,CITY PROPERTY,EXEMPT,0,0,0,0,0,0
191612701200000,,Exempt,E-15 CITY,0,VACANT LAND SW,CITY OF CEDAR RAPIDS,0.3459,,,,,,,,,0,0,0,0,0,0,0,0,0,0,191612701200000,CITY PROPERTY,EXEMPT,0,0,0,0,0,0
191615200200000,,Exempt,SW 422,0,VACANT LAND SW,CEDAR RAPIDS CITY OF,2.12,,,,,,,,,0,0,0,0,0,0,0,0,0,0,191615200200000,CITY PROPERTY,EXEMPT,0,0,0,0,0,0
191615500700000,,Exempt,SW 422,0,VACANT LAND SW,CEDAR RAPIDS CITY OF,0.72,,,,,,,,,0,0,0,0,0,0,0,0,0,0,191615500700000,CITY PROPERTY,EXEMPT,0,0,0,0,0,0
191620100100000,,Exempt,E-15 CITY,0,VACANT LAND SW,CITY OF CEDAR RAPIDS,8.8879,,,,,,,,,0,0,0,0,0,0,0,0,0,0,191620100100000,CITY PROPERTY,EXEMPT,0,0,0,0,0,0
191620100200000,,Exempt,E-15 CITY,0,VACANT LAND SW,CITY OF CEDAR RAPIDS,5.8399,,,,,,,,,0,0,0,0,0,0,0,0,0,0,191620100200000,CITY PROPERTY,EXEMPT,0,0,0,0,0,0
191640100400000,,Exempt,E-15 CITY,0,VACANT LAND SW,CEDAR RAPIDS CITY OF,2.3188,,,,,,,,,0,0,0,0,0,0,0,0,0,0,191640100400000,CITY PROPERTY,EXEMPT,0,0,0,0,0,0
191640100500000,,Exempt,E-15 CITY,0,VACANT LAND SW,CEDAR RAPIDS CITY OF,2.4086,,,,,,,,,0,0,0,0,0,0,0,0,0,0,191640100500000,CITY PROPERTY,EXEMPT,0,0,0,0,0,0
191647700300000,,Exempt,E-15 CITY,0,VACANT LAND SW,CEDAR RAPIDS CITY OF,1.5261,,,,,,,,,0,0,0,0,0,0,0,0,0,0,191647700300000,CITY PROPERTY,EXEMPT,0,0,0,0,0,0
191712600400000,,Exempt,E-15 CITY,0,VACANT LAND SW,CITY OF CEDAR RAPIDS,1.7449,,,,,,,,,0,0,0,0,0,0,0,0,0,0,191712600400000,CITY PROPERTY,EXEMPT,0,0,0,0,0,0
191917600100000,,Exempt,E-15 CITY,0,VACANT LAND SW,CITY OF CEDAR RAPIDS,118.0134,,,,,,,,,0,0,0,0,0,0,0,0,0,0,191917600100000,CITY PROPERTY,EXEMPT,0,0,0,0,0,0
191920100100000,,Exempt,E-15 CITY,0,VACANT LAND SW,CITY OF CEDAR RAPIDS,380.7,,,,,,,,,0,0,0,0,0,0,0,0,0,0,191920100100000,CITY PROPERTY,EXEMPT,0,0,0,0,0,0
192022600100000,,Exempt,E-15 CITY,0,VACANT LAND SW,CITY OF CEDAR RAPIDS,14.9277,,,,,,,,,0,0,0,0,0,0,0,0,0,0,192022600100000,CITY PROPERTY,EXEMPT,0,0,0,0,0,0
192030100200000,,Exempt,SW 418,0,VACANT LAND SW,CEDAR RAPIDS CITY OF,37.36,,,,,,,,,0,0,0,0,0,0,0,0,0,0,,,,,,,,,
192032600100000,,Exempt,E-15 CITY,0,VACANT LAND SW,CITY OF CEDAR RAPIDS,61.13,,,,,,,,,0,0,0,0,0,0,0,0,0,0,192032600100000,CITY PROPERTY,EXEMPT,0,0,0,0,0,0
192037600200000,,Exempt,SW 418,1500,WRIGHT BROTHERS BLVD SW,CEDAR RAPIDS CITY OF,21.95,,,,,,,,,0,0,0,0,0,0,0,0,0,0,192037600200000,CITY PROPERTY,EXEMPT,0,0,0,0,0,0
192037600300000,,Exempt,SW 418,0,VACANT LAND SW,CEDAR RAPIDS CITY OF,13.22,,,,,,,,,0,0,0,0,0,0,0,0,0,0,,,,,,,,,
192920100400000,,Exempt,E-15 CITY,9505,18TH ST SW,CITY OF CEDAR RAPIDS,155.7365,,,,,,,,,0,0,0,0,0,0,0,0,0,0,192920100400000,CITY PROPERTY,EXEMPT,0,0,0,0,0,0
193010100100000,,Exempt,E-15 CITY,2121,ARTHUR COLLINS PKWY SW,CITY OF CEDAR RAPIDS,937.9435,,,,,,,,,0,0,0,0,0,0,0,0,0,0,193010100100000,CITY PROPERTY,EXEMPT,0,0,0,0,0,0
193020100500000,,Exempt,E-15 CITY,0,VACANT LAND SW,CEDAR RAPIDS CITY OF,0.2193,,,,,,,,,0,0,0,0,0,0,0,0,0,0,193020100500000,CITY PROPERTY,EXEMPT,0,0,0,0,0,0
193037600100000,,Exempt,E-15 CITY,0,VACANT LAND SW,CEDAR RAPIDS CITY OF,39.0,,,,,,,,,0,0,0,0,0,0,0,0,0,0,193037600100000,CITY PROPERTY,EXEMPT,0,0,0,0,0,0
193110100100000,,Exempt,E-15 CITY,0,VACANT LAND SW,CEDAR RAPIDS CITY OF,157.0,,,,,,,,,0,0,0,0,0,0,0,0,0,0,193110100100000,CITY PROPERTY,EXEMPT,0,0,0,0,0,0
193222600100000,,Exempt,E-15 CITY,0,VACANT LAND SW,CEDAR RAPIDS CITY OF,35.5,,,,,,,,,0,0,0,0,0,0,0,0,0,0,193222600100000,CITY PROPERTY,EXEMPT,0,0,0,0,0,0
200115601500000,,Exempt,E-15 CITY,0,VACANT LAND SW,CEDAR RAPIDS CITY OF,0.34,,,,,,,,,0,0,0,0,0,0,0,0,0,0,200115601500000,CITY PROPERTY,EXEMPT,0,0,0,0,0,0
200115700200000,,Exempt,E-15 CITY,0,VACANT LAND SW,CEDAR RAPIDS CITY OF,0.59,,,,,,,,,0,0,0,0,0,0,0,0,0,0,200115700200000,CITY PROPERTY,EXEMPT,0,0,0,0,0,0
200142900300000,,Exempt,E-15 CITY,0,VACANT LAND SW,CEDAR RAPIDS CITY OF,0.5626,,,,,,,,,0,0,0,0,0,0,0,0,0,0,200142900300000,CITY PROPERTY,EXEMPT,0,0,0,0,0,0
202410100100000,,Exempt,E-15 CITY,0,VACANT LAND SW,CITY OF CEDAR RAPIDS,597.63,,,,,,,,,0,0,0,0,0,0,0,0,0,0,202410100100000,CITY PROPERTY,EXEMPT,0,0,0,0,0,0
202525100100000,,Exempt,E-15 CITY,0,VACANT LAND SW,CITY OF CEDAR RAPIDS,115.3764,,,,,,,,,0,0,0,0,0,0,0,0,0,0,202525100100000,CITY PROPERTY,EXEMPT,0,0,0,0,0,0
202610100100000,,Exempt,E-15 CITY,0,VACANT LAND SW,CITY OF CEDAR RAPIDS,115.3766,,,,,,,,,0,0,0,0,0,0,0,0,0,0,202610100100000,CITY PROPERTY,EXEMPT,0,0,0,0,0,0
202612600100000,,Exempt,E-15 CITY,0,VACANT LAND SW,CEDAR RAPIDS CITY OF,272.19,,,,,,,,,0,0,0,0,0,0,0,0,0,0,202612600100000,CITY PROPERTY,EXEMPT,0,0,0,0,0,0
