GIS_Number,"Map Name",Class,Doing_Business_As,Address,Deedholder,Acres,"Residential Occupancy Type","Style Descr","Year Built","Total Living Area","Commercial Occupancy Type","Year Built_2","Gross Bldg Area","2008 total","2016 Total"
112732600500000,"CITY PROPERTY",EXEMPT,"VACANT LAND","VACANT LAND NE","CEDAR RAPIDS CITY OF",1.81,"","","","","","","",0,0
112732601500000,"CITY PROPERTY",EXEMPT,"VACANT LAND","VACANT LAND NE","CEDAR RAPIDS CITY OF",3.09,"","","","","","","",0,0
112735404100000,"CITY PROPERTY",EXEMPT,"VACANT LAND","COUNCIL ST NE","CEDAR RAPIDS CITY OF",5.84,"","","","","","","",0,0
112740200500000,"CITY PROPERTY",EXEMPT,"HUNTINGTON RIDGE PARK","VACANT LAND NE","CEDAR RAPIDS CITY OF",2.442,"","","","","","","",0,0
112747600100000,"CITY PROPERTY",EXEMPT,"HUNTINGTON RIDGE PARK","VACANT LAND NE","CEDAR RAPIDS CITY OF",4.71,"","","","","","","",0,0
112845101200000,"CITY PROPERTY",EXEMPT,"VACANT LAND","VACANT LAND NE","CEDAR RAPIDS CITY OF",2.03,"","","","","","","",0,0
112845101400000,"CITY PROPERTY",EXEMPT,"VACANT LAND","VACANT LAND NE","CEDAR RAPIDS CITY OF",4.04,"","","","","","","",0,0
112845101500000,"CITY PROPERTY",EXEMPT,"VACANT LAND","VACANT LAND NE","CEDAR RAPIDS CITY OF",2.49,"","","","","","","",0,0
112847601500000,"CITY PROPERTY",EXEMPT,"VACANT LAND","VACANT LAND NE","CEDAR RAPIDS CITY OF",0.41,"","","","","","","",0,0
112847701500000,"CITY PROPERTY",EXEMPT,"VACANT LAND","VACANT LAND NE","CEDAR RAPIDS CITY OF",0.82,"","","","","","","",0,0
113132700100000,"CITY PROPERTY",EXEMPT,"VACANT LAND","VACANT LAND NE","CEDAR RAPIDS CITY OF",0.595,"","","","","","","",0,0
113132701000000,"CITY PROPERTY",EXEMPT,"VACANT LAND","VACANT LAND NE","CEDAR RAPIDS CITY OF",1.46,"","","","","","","",0,0
113315103900000,"CITY PROPERTY",EXEMPT,"NIXON PARK","VACANT LAND NE","CEDAR RAPIDS CITY OF",14.93,"","","","","","","",0,0
113315104000000,"CITY PROPERTY",EXEMPT,"NIXON PARK","VACANT LAND NE","CEDAR RAPIDS CITY OF",4.55,"","","","","","","",0,0
113410400200000,"CITY PROPERTY",EXEMPT,"VACANT LAND","VACANT LAND NE","CEDAR RAPIDS CITY OF",0.96,"","","","","","","",0,0
113413002200000,"CITY PROPERTY",EXEMPT,"VACANT LAND","VACANT LAND NE","CEDAR RAPIDS CITY OF",1.52,"","","","","","","",0,0
113417700300000,"CITY PROPERTY",EXEMPT,"WATER TOWER","VACANT LAND NE","CEDAR RAPIDS CITY OF",8.5,"","","","","","","",0,0
113425100100000,"CITY PROPERTY",EXEMPT,"VACANT LAND","VACANT LAND NE","CEDAR RAPIDS CITY OF",1.39,"","","","","","","",0,0
113425800100000,"CITY PROPERTY",EXEMPT,"DETENTION AREA","VACANT LAND NE","CEDAR RAPIDS CITY OF",0.97,"","","","","","","",0,0
113425900100000,"CITY PROPERTY",EXEMPT,"DETENTION AREA","VACANT LAND NE","CEDAR RAPIDS CITY OF",1.4,"","","","","","","",0,0
113440300100000,"CITY PROPERTY",EXEMPT,"FIRE STATION #9","BRODERICK DR NE","CEDAR RAPIDS CITY OF",0.5939,"","","","","","","",0,0
113447600100000,"CITY PROPERTY",EXEMPT,"VACANT LAND","VACANT LAND NE","CEDAR RAPIDS CITY OF",18.13,"","","","","","","",0,0
113447601000000,"CITY PROPERTY",EXEMPT,"VACANT LAND","VACANT LAND NE","CEDAR RAPIDS CITY OF",1.5875,"","","","","","","",0,0
113447601900000,"CITY PROPERTY",EXEMPT,"VACANT LAND","VACANT LAND NE","CEDAR RAPIDS CITY OF",1.3769,"","","","","","","",0,0
113535200300000,"CITY PROPERTY",EXEMPT,"VACANT LAND","VACANT LAND NE","CEDAR RAPIDS CITY OF",21.03,"","","","","","","",0,0
113542800200000,"CITY PROPERTY",EXEMPT,"BOWMAN WOOD PARK","VACANT LAND NE","CEDAR RAPIDS CITY OF",13.73,"","","","","","","",0,0
123610201200000,"CITY PROPERTY",EXEMPT,"VACANT LAND","VACANT LAND NE","CEDAR RAPIDS CITY OF",0.3594,"","","","","","","",0,0
123640300700000,"CITY PROPERTY",EXEMPT,"VACANT LAND","VACANT LAND NE","CEDAR RAPIDS CITY OF",1.5,"","","","","","","",0,0
131147600100000,"CITY PROPERTY",EXEMPT,"VACANT LAND","VACANT LAND NE","CEDAR RAPIDS CITY OF",109.52,"","","","","","","",0,0
131327600100000,"CITY PROPERTY",EXEMPT,"SEMINOLE VALLEY PARK","SEMINOLE VALLEY TR NE","CEDAR RAPIDS CITY OF",217.27,"","","","","","","",0,0
131345101000000,"CITY PROPERTY",EXEMPT,"VACANT LAND","VACANT LOT NW","CEDAR RAPIDS CITY OF",0.4165,"","","","","","","",0,0
131410100100000,"CITY PROPERTY",EXEMPT,"VACANT LAND","VACANT LAND NE","CEDAR RAPIDS CITY OF",80.26,"","","","","","","",0,0
131515200900000,"CITY PROPERTY",EXEMPT,"VACANT LAND","VACANT LAND NW","CEDAR RAPIDS CITY OF",1.14,"","","","","","","",0,0
131522600100000,"CITY PROPERTY",EXEMPT,"VACANT LAND","VACANT LAND NW","CEDAR RAPIDS CITY OF",4.87,"","","","","","","",0,0
131532600100000,"CITY PROPERTY",EXEMPT,"WATER TREATMENT PLANT","ELLIS RD NW","CEDAR RAPIDS CITY OF",73.81,"","","","","","","",0,0
132247701500000,"CITY PROPERTY",EXEMPT,"VACANT LAND","VACANT LAND NW","CEDAR RAPIDS CITY OF",1.4,"","","","","","","",0,0
132410100500000,"CITY PROPERTY",EXEMPT,"VACANT LAND","EDGEWOOD RD NW","CEDAR RAPIDS CITY OF",0.352,"","","","","","","",0,0
132415202400000,"CITY PROPERTY",EXEMPT,"VACANT LAND","VACANT LAND NW","CEDAR RAPIDS CITY OF",0.2893,"","","","","","","",0,0
132415300200000,"CITY PROPERTY",EXEMPT,"JACKSON PARK","VACANT LAND NW","CEDAR RAPIDS CITY OF",3.17,"","","","","","","",0,0
132415301500000,"CITY PROPERTY",EXEMPT,"JACKSON PARK","VACANT LAND NW","CEDAR RAPIDS CITY OF",4.13,"","","","","","","",0,0
132425101100000,"CITY PROPERTY",EXEMPT,"WATER RETENTION AREA","VACANT LAND NW","CEDAR RAPIDS CITY OF",1.59,"","","","","","","",0,0
132432600700000,"CITY PROPERTY",EXEMPT,"WILDERNESS PARK","VACANT LAND NW","CEDAR RAPIDS CITY OF",7.7,"","","","","","","",7170,0
132438002700000,"CITY PROPERTY",EXEMPT,"WATER TOWER/CITY","VACANT LAND NW","CEDAR RAPIDS CITY OF",1.017,"","","","","","","",0,0
132515100100000,"CITY PROPERTY",EXEMPT,"CHEROKEE PARK","VACANT LAND NW","CEDAR RAPIDS CITY OF",0.585,"","","","","","","",0,0
132515100200000,"CITY PROPERTY",EXEMPT,"CHEROKEE PARK","VACANT LAND NW","CEDAR RAPIDS CITY OF",0.281,"","","","","","","",0,0
132515100300000,"CITY PROPERTY",EXEMPT,"CHEROKEE PARK","VACANT LAND NW","CEDAR RAPIDS CITY OF",0.422,"","","","","","","",0,0
132515200100000,"CITY PROPERTY",EXEMPT,"CHEROKEE PARK","VACANT LAND NW","CEDAR RAPIDS CITY OF",10.53,"","","","","","","",0,0
132515300800000,"CITY PROPERTY",EXEMPT,"CHEROKEE PARK","VACANT LAND NW","CEDAR RAPIDS CITY OF",0.298,"","","","","","","",0,0
132517600200000,"CITY PROPERTY",EXEMPT,"CHEROKEE PARK","JOHNSON AVE NW","CEDAR RAPIDS CITY OF",4.0,"","","","","","","",0,0
132520401600000,"CITY PROPERTY",EXEMPT,"WATER RETENTION AREA","VACANT LAND NW","CEDAR RAPIDS CITY OF",1.4624,"","","","","","","",0,0
132525301500000,"CITY PROPERTY",EXEMPT,"VACANT LAND","VACANT LAND NW","CEDAR RAPIDS CITY OF",0.23,"","","","","","","",0,0
132525301600000,"CITY PROPERTY",EXEMPT,"VACANT LAND","VACANT LAND NW","CEDAR RAPIDS CITY OF",2.4929,"","","","","","","",0,0
132525800100000,"CITY PROPERTY",EXEMPT,"JACOLYN PARK","VACANT LAND NW","CEDAR RAPIDS CITY OF",1.71,"","","","","","","",0,0
132527601000000,"CITY PROPERTY",EXEMPT,"CHEROKEE PARK","VACANT LAND NW","CEDAR RAPIDS CITY OF",0.405,"","","","","","","",0,0
132528400100000,"CITY PROPERTY",EXEMPT,"VACANT LAND","JUPITER AVE NW","CEDAR RAPIDS CITY OF",0.169,"","","","","","","",0,0
132528400200000,"CITY PROPERTY",EXEMPT,"VACANT LAND","VACANT LAND NW","CEDAR RAPIDS CITY OF",1.551,"","","","","","","",0,0
132528500100000,"CITY PROPERTY",EXEMPT,"VACANT LAND","VACANT LAND NW","CEDAR RAPIDS CITY OF",1.18,"","","","","","","",0,0
132528600600000,"CITY PROPERTY",EXEMPT,"VACANT LAND","VACANT LAND NW","CEDAR RAPIDS CITY OF",3.17,"","","","","","","",0,0
132528700100000,"CITY PROPERTY",EXEMPT,"VACANT LAND","VACANT LAND NW","CEDAR RAPIDS CITY OF",1.27,"","","","","","","",0,0
132528700200000,"CITY PROPERTY",EXEMPT,"VACANT LAND","VACANT LAND NW","CEDAR RAPIDS CITY OF",0.83,"","","","","","","",0,0
132530300200000,"CITY PROPERTY",EXEMPT,"VACANT LAND","VACANT LAND NW","CEDAR RAPIDS CITY OF",1.05,"","","","","","","",0,0
132532700200000,"CITY PROPERTY",EXEMPT,"JACOLYN PARK","VACANT LAND NW","CEDAR RAPIDS CITY OF",3.16,"","","","","","","",0,0
132535100500000,"CITY PROPERTY",EXEMPT,"VACANT LAND","VACANT LAND NW","CEDAR RAPIDS CITY OF",1.91,"","","","","","","",0,0
132537700100000,"CITY PROPERTY",EXEMPT,"FIRE STATION #8","WILEY BLVD SW","CEDAR RAPIDS CITY OF",1.0,"","","","","","","",0,0
132548000600000,"CITY PROPERTY",EXEMPT,"VACANT LAND","VACANT LAND SW","CEDAR RAPIDS CITY OF",0.988,"","","","","","","",0,0
132627600100000,"CITY PROPERTY",EXEMPT,"CHERRY HILL PARK","STONEY POINT RD NW","CEDAR RAPIDS CITY OF",56.27,"","","","","","","",0,0
132632700300000,"CITY PROPERTY",EXEMPT,"COOLIDGE PARK","VACANT LAND SW","CEDAR RAPIDS CITY OF",2.538,"","","","","","","",0,0
132642702200000,"CITY PROPERTY",EXEMPT,"VACANT LAND","VACANT LAND NW","CEDAR RAPIDS CITY OF",6.96,"","","","","","","",0,0
132710300100000,"CITY PROPERTY",EXEMPT,"VACANT LAND","VACANT LAND NW","CEDAR RAPIDS CITY OF",1.49,"","","","","","","",0,0
132710400700000,"CITY PROPERTY",EXEMPT,"VACANT LAND","VACANT LAND NW","CEDAR RAPIDS CITY OF",0.52,"","","","","","","",0,0
132712701800000,"CITY PROPERTY",EXEMPT,"VACANT LAND","VACANT LAND NW","CEDAR RAPIDS CITY OF",2.28,"","","","","","","",0,0
132725500200000,"CITY PROPERTY",EXEMPT,"VACANT LAND","VACANT LAND NW","CEDAR RAPIDS CITY OF",0.86,"","","","","","","",0,0
132740103500000,"CITY PROPERTY",EXEMPT,"VACANT LAND","VACANT LAND SW","CEDAR RAPIDS CITY OF",1.88,"","","","","","","",0,0
132742700100000,"CITY PROPERTY",EXEMPT,"WATER RETENTION AREA","VACANT LAND SW","CEDAR RAPIDS CITY OF",0.5254,"","","","","","","",0,0
133517600100000,"CITY PROPERTY",EXEMPT,"DELANEY PARK","VACANT LAND SW","CEDAR RAPIDS CITY OF",16.39,"","","","","","","",0,0
140320400100000,"CITY PROPERTY",EXEMPT,"WATER TOWER","VACANT LAND NE","CEDAR RAPIDS CITY OF",0.33,"","","","","","","",0,0
140330100200000,"CITY PROPERTY",EXEMPT,"CREEKSIDE PAVILLION WADING POOL","VACANT LAND NE","CEDAR RAPIDS CITY OF",2.81,"","","","","","","",0,0
140332600100000,"CITY PROPERTY",EXEMPT,"NOELRIDGE PARK","VACANT LAND NE","CEDAR RAPIDS CITY OF",99.0,"","","","","","","",0,0
140417600500000,"FLAT PARKING",COMMERCIAL,"PT PAVING/PT VACANT","COUNCIL ST NE","CEDAR RAPIDS CITY OF",2.66,"","","","","","","",0,616400
140425100100000,"CITY PROPERTY",EXEMPT,"RAILROAD RIGHT OF WAY","VACANT LAND NE","CEDAR RAPIDS CITY OF",0.77,"","","","","","","",0,0
140425200100000,"CITY PROPERTY",EXEMPT,"VACANT LAND","VACANT LAND NE","CEDAR RAPIDS CITY OF",19.95,"","","","","","","",0,0
140430101200000,"CITY PROPERTY",EXEMPT,"FLAT PARKING","VACANT LAND NE","CEDAR RAPIDS CITY OF",0.8,"","","","","","","",0,0
140437600500000,"CITY PROPERTY",EXEMPT,"VACANT LAND","VACANT LAND NE","CEDAR RAPIDS CITY OF",2.05,"","","","","","","",0,0
140445800900000,"CITY PROPERTY",EXEMPT,"BIKE/WALKING TRAIL","VACANT LAND NE","CEDAR RAPIDS CITY OF",0.2,"","","","","","","",0,0
140447800800000,"CITY PROPERTY",EXEMPT,"VACANT LAND","VACANT LAND NE","CEDAR RAPIDS CITY OF",0.034,"","","","","","","",0,0
140447801000000,"CITY PROPERTY",EXEMPT,"VACANT LAND","RUSHMORE DR NE","CEDAR RAPIDS CITY OF",0.217,"","","","","","","",0,0
140447802800000,"CITY PROPERTY",EXEMPT,"VACANT LAND","VACANT LAND NE","CEDAR RAPIDS CITY OF",0.095,"","","","","","","",0,0
140535100100000,"CITY PROPERTY",EXEMPT,"TWIN PINES GOLF & FIRE STATION","42ND ST NE","CEDAR RAPIDS CITY OF",148.14,"","","","","","","",0,0
140540200100000,"CITY PROPERTY",EXEMPT,"VACANT LAND","VACANT LAND NE","CEDAR RAPIDS CITY OF",8.48,"","","","","","","",0,0
140547601400000,"CITY PROPERTY",EXEMPT,"PIERCE PARK","VACANT LAND NE","CEDAR RAPIDS CITY OF",1.9,"","","","","","","",0,0
140737600100000,"CITY PROPERTY",EXEMPT,"VACANT LAND","VACANT LAND NW","CEDAR RAPIDS CITY OF",23.0,"","","","","","","",0,0
140745100100000,"CITY PROPERTY",EXEMPT,"VACANT LAND","VACANT LAND NW","CEDAR RAPIDS CITY OF",46.0,"","","","","","","",0,0
140832602700000,"CITY PROPERTY",EXEMPT,"VACANT LAND","VACANT LAND NE","CEDAR RAPIDS CITY OF",19.51,"","","","","","","",0,0
140837600100000,"CITY PROPERTY",EXEMPT,"VACANT LAND","VACANT LAND NE","CEDAR RAPIDS CITY OF",24.91,"","","","","","","",0,0
140930201600000,"CITY PROPERTY",EXEMPT,"VACANT LAND","VACANT LAND NE","CEDAR RAPIDS CITY OF",3.86,"","","","","","","",0,0
140945200100000,"CITY PROPERTY",EXEMPT,"LAND & PAVED STREET","VACANT LAND NE","CEDAR RAPIDS CITY OF",0.84,"","","","","","","",0,0
141015900800000,"CITY PROPERTY",EXEMPT,"KENWOOD PARK","35TH ST NE","CEDAR RAPIDS CITY OF",1.72,"","","","","","","",0,0
141127603200000,"CITY PROPERTY",EXEMPT,"VACANT LAND","VACANT LAND SE","CEDAR RAPIDS CITY OF",3.27,"","","","","","","",0,0
141130500700000,"CITY PROPERTY",EXEMPT,"RIGHT OF WAY","VACANT LAND SE","CEDAR RAPIDS CITY OF",0.08,"","","","","","","",0,0
141130500800000,"CITY PROPERTY",EXEMPT,"RIGHT OF WAY","VACANT LAND SE","CEDAR RAPIDS CITY OF",0.14,"","","","","","","",0,0
141135300300000,"CITY PROPERTY",EXEMPT,STREET,"VACANT LAND NE","CEDAR RAPIDS CITY OF",0.1,"","","","","","","",0,0
141135300500000,"CITY PROPERTY",EXEMPT,"FIRE STATION #7","29TH ST NE","CEDAR RAPIDS CITY OF",0.38,"","","","","","","",0,0
141137600400000,"CITY PROPERTY",EXEMPT,"VACANT LAND","VACANT LAND SE","CEDAR RAPIDS CITY OF",0.231,"","","","","","","",0,0
141137600500000,"CITY PROPERTY",EXEMPT,"VACANT LAND","VACANT LAND SE","CEDAR RAPIDS CITY OF",0.296,"","","","","","","",0,0
141137600600000,"CITY PROPERTY",EXEMPT,"VACANT LAND","EMERALD AVE SE","CEDAR RAPIDS CITY OF",0.149,"","","","","","","",0,0
141138001700000,"CITY PROPERTY",EXEMPT,"VACANT LAND","VACANT LAND SE","CEDAR RAPIDS CITY OF",0.065,"","","","","","","",0,0
141138001800000,"CITY PROPERTY",EXEMPT,"PAPOOSE PARK","VACANT LAND SE","CEDAR RAPIDS CITY OF",2.954,"","","","","","","",0,0
141145700700000,"CITY PROPERTY",EXEMPT,"VACANT LAND","VACANT LAND SE","CEDAR RAPIDS CITY OF",0.657,"","","","","","","",0,0
141332600900000,"CITY PROPERTY",EXEMPT,"VACANT LAND","VACANT LAND SE","CEDAR RAPIDS CITY OF",14.15,"","","","","","","",0,0
141337602000000,"CITY PROPERTY",EXEMPT,"VACANT LAND","VACANT LAND SE","CEDAR RAPIDS CITY OF",4.98,"","","","","","","",0,0
141337602100000,"CITY PROPERTY",EXEMPT,"VACANT LAND","VACANT LAND SE","CEDAR RAPIDS CITY OF",0.03,"","","","","","","",0,0
141345400100000,"CITY PROPERTY",EXEMPT,"VACANT LAND","VACANT LAND SE","CEDAR RAPIDS CITY OF",4.94,"","","","","","","",0,0
141420100100000,"CITY PROPERTY",EXEMPT,"VACANT LAND","VACANT LAND SE","CEDAR RAPIDS CITY OF",1.413,"","","","","","","",0,0
141420100200000,"CITY PROPERTY",EXEMPT,"VACANT LAND","VACANT LAND SE","CEDAR RAPIDS CITY OF",0.292,"","","","","","","",0,0
141445100300000,"CITY PROPERTY",EXEMPT,"VACANT LAND","VACANT LAND SE","CEDAR RAPIDS CITY OF",8.89,"","","","","","","",0,0
141445200100000,"CITY PROPERTY",EXEMPT,"VACANT LAND","VACANT LAND SE","CEDAR RAPIDS CITY OF",2.84,"","","","","","","",0,0
141445200400000,"CITY PROPERTY",EXEMPT,"VACANT LAND","VACANT LAND NE","CEDAR RAPIDS CITY OF",2.28,"","","","","","","",0,0
141447800400000,"CITY PROPERTY",EXEMPT,"VACANT LAND","VACANT LAND SE","CEDAR RAPIDS CITY OF",6.62,"","","","","","","",0,0
141515102100000,"CITY PROPERTY",EXEMPT,"VACANT LAND","VACANT LAND NE","CEDAR RAPIDS CITY OF",0.2268,"","","","","","","",0,0
141530101100000,"CITY PROPERTY",EXEMPT,"TOMAHAWK PARK","VACANT LAND NE","CEDAR RAPIDS CITY OF",0.85,"","","","","","","",0,0
141615200100000,"CITY PROPERTY",EXEMPT,"VACANT LAND","VACANT LAND NE","CEDAR RAPIDS CITY OF",14.1,"","","","","","","",0,0
141625100200000,"CITY PROPERTY",EXEMPT,"SHAVER PARK","VACANT LAND NE","CEDAR RAPIDS CITY OF",45.99,"","","","","","","",0,0
141630100100000,"CITY PROPERTY",EXEMPT,"VACANT LAND","VACANT LAND NE","CEDAR RAPIDS CITY OF",2.8687,"","","","","","","",0,0
141630100400000,"CITY PROPERTY",EXEMPT,"VACANT LAND","VACANT LAND NE","CEDAR RAPIDS CITY OF",1.45,"","","","","","","",0,0
141632600100000,"CITY PROPERTY",EXEMPT,"CITY WATER WORKS","SHAVER RD NE","CEDAR RAPIDS CITY OF",17.77,"","","","","","","",0,0
141632600400000,"CITY PROPERTY",EXEMPT,"VACANT LAND","VACANT LAND NE","CEDAR RAPIDS CITY OF",4.5,"","","","","","","",0,0
141632600700000,"CITY PROPERTY",EXEMPT,"VACANT LAND","VACANT LAND NE","CEDAR RAPIDS CITY OF",0.13,"","","","","","","",0,0
141635100200000,"CITY PROPERTY",EXEMPT,"VACANT LAND","VACANT LAND NE","CEDAR RAPIDS CITY OF",1.02,"","","","","","","",0,0
141637700100000,"CITY PROPERTY",EXEMPT,"CEDAR LAKE PAVILION","SHAVER RD NE","CEDAR RAPIDS CITY OF",0.6741,"","","","","","","",0,0
141640100100000,"CITY PROPERTY",EXEMPT,"DANIELS PARK","VACANT LAND NE","CEDAR RAPIDS CITY OF",25.67,"","","","","","","",0,0
141645900100000,"CITY PROPERTY",EXEMPT,"VACANT LAND","SHAVER RD NE","CEDAR RAPIDS CITY OF",0.1722,"","","","","","","",0,0
141645900200000,"CITY PROPERTY",EXEMPT,"VACANT LAND","SHAVER RD NE","CEDAR RAPIDS CITY OF",0.0689,"","","","","","","",0,0
141645900400000,"CITY PROPERTY",EXEMPT,"VACANT LAND","SHAVER RD NE","CEDAR RAPIDS CITY OF",0.1194,"","","","","","","",0,0
141645900500000,"CITY PROPERTY",EXEMPT,"VACANT LAND","SHAVER RD NE","CEDAR RAPIDS CITY OF",0.1245,"","","","","","","",0,0
141645900700000,"CITY PROPERTY",EXEMPT,"VACANT LAND","SHAVER RD NE","CEDAR RAPIDS CITY OF",0.1607,"","","","","","","",0,0
141645901300000,"CITY PROPERTY",EXEMPT,"VACANT LAND","VACANT LAND NE","CEDAR RAPIDS CITY OF",0.126,"","","","","","","",0,0
141715300100000,"CITY PROPERTY",EXEMPT,"SECTION OF RIVER","VACANT LAND NE","CEDAR RAPIDS CITY OF",29.73,"","","","","","","",0,0
141717800200000,"CITY PROPERTY",EXEMPT,"VACANT LAND","VACANT LAND NE","CEDAR RAPIDS CITY OF",6.5,"","","","","","","",0,0
141720300100000,"CITY PROPERTY",EXEMPT,"PART OF CITY WATER WORKS","J AVE NE","CEDAR RAPIDS CITY OF",2.5,"","","","","","","",0,0
141722600100000,"CITY PROPERTY",EXEMPT,"HOUSEBOATS DOCKING","VACANT LAND NW","CEDAR RAPIDS CITY OF",15.0,"","","","","","","",0,0
141725200200000,"CITY PROPERTY",EXEMPT,"BOAT STORAGE & RIVER FRONT MAINTENANCE","ELLIS RD NW","CEDAR RAPIDS CITY OF",13.91,"","","","","","","",0,0
141730100100000,"CITY PROPERTY",EXEMPT,"ELLIS PARK","ELLIS LN NW","CEDAR RAPIDS CITY OF",156.68,"","","","","","","",0,0
141732600100000,"CITY PROPERTY",EXEMPT,"ELLIS PARK","VACANT LAND NW","CEDAR RAPIDS CITY OF",22.2,"","","","","","","",0,0
141740200200000,"CITY PROPERTY",EXEMPT,"PART OF CITY WATER WORKS","VACANT LAND NE","CEDAR RAPIDS CITY OF",47.2,"","","","","","","",0,0
141810100100000,"CITY PROPERTY",EXEMPT,"SECTION OF RIVER","VACANT LAND NW","CEDAR RAPIDS CITY OF",44.11,"","","","","","","",0,0
141815105300000,"CITY PROPERTY",EXEMPT,"ELLIS GOLF COURSE","VACANT LAND NW","CEDAR RAPIDS CITY OF",19.7,"","","","","","","",0,0
141817600100000,"CITY PROPERTY",EXEMPT,"ELLIS GOLF COURSE","VACANT LAND NW","CEDAR RAPIDS CITY OF",38.75,"","","","","","","",0,0
141820100200000,"CITY PROPERTY",EXEMPT,"VACANT LAND","VACANT LAND NW","CEDAR RAPIDS CITY OF",5.95,"","","","","","","",0,0
141822600100000,"CITY PROPERTY",EXEMPT,"VACANT LAND","VACANT LAND NW","CEDAR RAPIDS CITY OF",4.37,"","","","","","","",0,0
141822800100000,"CITY PROPERTY",EXEMPT,"SECTION OF RIVER","VACANT LAND NE","CEDAR RAPIDS CITY OF",4.0,"","","","","","","",0,0
141840101700000,"CITY PROPERTY",EXEMPT,"ELLIS GOLF COURSE","VACANT LAND NW","CEDAR RAPIDS CITY OF",2.5,"","","","","","","",0,0
141847603000000,"CITY PROPERTY",EXEMPT,"VACANT LAND","VACANT LAND NW","CEDAR RAPIDS CITY OF",2.96,"","","","","","","",0,0
141922803800000,"CITY PROPERTY",EXEMPT,"VACANT LAND","VACANT LAND NW","CEDAR RAPIDS CITY OF",0.149,"","","","","","","",0,0
141940100100000,"CITY PROPERTY",EXEMPT,"SHAWNEE PARK","19TH ST NW","CEDAR RAPIDS CITY OF",19.83,"","","","","","","",0,0
141945500300000,"CITY PROPERTY",EXEMPT,"VACANT LAND","VACANT LAND NW","CEDAR RAPIDS CITY OF",0.316,"","","","","","","",0,0
141945601700000,"CITY PROPERTY",EXEMPT,"VACANT LAND","VACANT LAND NW","CEDAR RAPIDS CITY OF",0.93,"","","","","","","",0,0
141947900100000,"CITY PROPERTY",EXEMPT,"VACANT LAND","19TH ST NW","CEDAR RAPIDS CITY OF",0.193,"","","","","","","",0,0
142027700100000,"CITY PROPERTY",EXEMPT,"VACANT LAND","VACANT LAND NW","CEDAR RAPIDS CITY OF",3.53,"","","","","","","",0,0
142027700500000,"CITY PROPERTY",EXEMPT,"WATER RETENTION","VACANT LAND NW","CEDAR RAPIDS CITY OF",0.72,"","","","","","","",0,0
142035700300000,"CITY PROPERTY",EXEMPT,"VACANT LAND","VACANT LAND NW","CEDAR RAPIDS CITY OF",0.23,"","","","","","","",0,0
142035700500000,"CITY PROPERTY",EXEMPT,"VACANT LAND","VACANT LAND NW","CEDAR RAPIDS CITY OF",0.514,"","","","","","","",0,0
142040600200000,"CITY PROPERTY",EXEMPT,"VACANT LAND","5TH ST NW","CEDAR RAPIDS CITY OF",5.9,"","","","","","","",0,0
142040800800000,"CITY PROPERTY",EXEMPT,"VACANT LAND","5TH ST NW","CEDAR RAPIDS CITY OF",0.126,"","","","","","","",0,0
142048101500000,"CITY PROPERTY",EXEMPT,"VACANT STRP OF LAND","VACANT LAND NW","CEDAR RAPIDS CITY OF",0.032,"","","","","","","",0,0
142048301200000,"CITY PROPERTY",EXEMPT,"PART OF ALLEY","VACANT LAND NW","CEDAR RAPIDS CITY OF",0.0092,"","","","","","","",0,0
142117700200000,"CITY PROPERTY",EXEMPT,"VACANT LAND","VACANT LAND NE","CEDAR RAPIDS CITY OF",0.0104,"","","","","","","",0,0
142138000100000,"CITY PROPERTY",EXEMPT,"PARK WITH 5 SEASONS STATUE","VACANT LAND NE","CEDAR RAPIDS CITY OF",2.598,"","","","","","","",0,0
142140502000000,"CITY PROPERTY",EXEMPT,ALLEY,"VACANT LAND NE","CEDAR RAPIDS CITY OF",0.011,"","","","","","","",0,0
142145500200000,"CITY PROPERTY",EXEMPT,"US CELLULAR PARKING STRUCTURE","VACANT LAND NE","CEDAR RAPIDS CITY OF",0.7713,"","","","","","","",0,0
142145500300000,"CITY PROPERTY",EXEMPT,"US CELLULAR PARKING STRUCTURE","VACANT LAND NE","CEDAR RAPIDS CITY OF","","","","","","","","",0,0
142145900100000,"CITY PROPERTY",EXEMPT,"ART MUSEUM","3RD AVE SE","CEDAR RAPIDS CITY OF",0.7713,"","","","","","","",0,0
142145900500000,"CITY PROPERTY",EXEMPT,"FLAT PARKING","VACANT LAND SE","CEDAR RAPIDS CITY OF",0.386,"","","","","","","",0,0
142146000100000,"CITY PROPERTY",EXEMPT,"FLAT PARKING","VACANT LAND SE","CEDAR RAPIDS CITY OF",0.2893,"","","","","","","",0,0
142146000200000,"CITY PROPERTY",EXEMPT,"CITY PARKING RAMP","1ST AVE SE","CEDAR RAPIDS CITY OF",0.3214,"","","","","","","",0,0
142146100100000,"CITY PROPERTY",EXEMPT,"GREEN SQUARE PARK","VACANT LAND SE","CEDAR RAPIDS CITY OF",4.132,"","","","","","","",0,0
142220500100000,"CITY PROPERTY",EXEMPT,"CENTRAL PARK","B AVE NE","CEDAR RAPIDS CITY OF",0.2185,"","","","","","","",0,0
142221301100000,"CITY PROPERTY",EXEMPT,DRIVEWAY,"VACANT LAND NE","CEDAR RAPIDS CITY OF",0.012,"","","","","","","",0,0
142223000800000,"CITY PROPERTY",EXEMPT,DRIVEWAY,"VACANT LAND NE","CEDAR RAPIDS CITY OF",0.064,"","","","","","","",0,0
142227800100000,"CITY PROPERTY",EXEMPT,"REDMOND PARK","VACANT LAND SE","CEDAR RAPIDS CITY OF",1.23,"","","","","","","",0,0
142228200100000,"CITY PROPERTY",EXEMPT,"VACANT LAND","VACANT LAND SE","CEDAR RAPIDS CITY OF",0.15,"","","","","","","",0,0
142235202100000,"CITY PROPERTY",EXEMPT,"VACANT LAND","5TH AVE SE","CEDAR RAPIDS CITY OF",0.0367,"","","","","","","",0,0
142235600400000,"CITY PROPERTY",EXEMPT,"VACANT LAND","VACANT LAND SE","CEDAR RAPIDS CITY OF",0.077,"","","","","","","",0,0
142235600500000,"CITY PROPERTY",EXEMPT,"VACANT LAND","VACANT LAND SE","CEDAR RAPIDS CITY OF",0.047,"","","","","","","",0,0
142240500100000,"CITY PROPERTY",EXEMPT,"ANDERSON PARK","VACANT LAND SE","CEDAR RAPIDS CITY OF",0.98,"","","","","","","",0,0
142240601000000,"CITY PROPERTY",EXEMPT,"FAIRVIEW PARK","VACANT LAND SE","CEDAR RAPIDS CITY OF",0.34,"","","","","","","",0,0
142248201000000,"CITY PROPERTY",EXEMPT,"AMBROZ REC CENTER","MT VERNON RD SE","CEDAR RAPIDS CITY OF",3.284,"","","","","","","",0,0
142312600100000,"CITY PROPERTY",EXEMPT,"BEVER PARK","VACANT LAND SE","CEDAR RAPIDS CITY OF",10.04,"","","","","","","",0,0
142312600200000,"CITY PROPERTY",EXEMPT,"BEVER PARK","VACANT LAND SE","CEDAR RAPIDS CITY OF",70.0,"","","","","","","",0,0
142337802700000,"CITY PROPERTY",EXEMPT,"FIRE STATION #6","MT VERNON RD SE","CEDAR RAPIDS CITY OF","","","","","","","","",0,0
142412600100000,"CITY PROPERTY",EXEMPT,"VACANT LAND","VACANT LAND SE","CEDAR RAPIDS CITY OF",5.54,"","","","","","","",0,0
142433001200000,"CITY PROPERTY",EXEMPT,SIDEWALK,"VACANT LAND SE","CEDAR RAPIDS CITY OF",0.181,"","","","","","","",0,0
142442800200000,"CITY PROPERTY",EXEMPT,"VACANT LAND","VACANT LAND SE","CEDAR RAPIDS CITY OF",0.28,"","","","","","","",0,0
142447700900000,"CITY PROPERTY",EXEMPT,"WATER TOWER","MT VERNON RD SE","CEDAR RAPIDS CITY OF",1.02,"","","","","","","",0,0
142528003300000,"CITY PROPERTY",EXEMPT,"VACANT LAND","VACANT LAND SE","CEDAR RAPIDS CITY OF","","","","","","","","",0,0
142530102000000,"CITY PROPERTY",EXEMPT,"VACANT LAND","VACANT LAND SE","CEDAR RAPIDS CITY OF","","","","","","","","",0,0
142542901100000,"CITY PROPERTY",EXEMPT,PARK,"VACANT LAND SE","CEDAR RAPIDS CITY OF",14.32,"","","","","","","",0,0
142612603400000,"CITY PROPERTY",EXEMPT,"ARROWHEAD PARK","VACANT LAND SE","CEDAR RAPIDS CITY OF",0.48,"","","","","","","",0,0
142617601300000,"CITY PROPERTY",EXEMPT,"MONROE PARK","VACANT LAND SE","CEDAR RAPIDS CITY OF",4.82,"","","","","","","",0,0
142623001600000,"CITY PROPERTY",EXEMPT,"VACANT LAND","23RD ST SE","CEDAR RAPIDS CITY OF",0.602,"","","","","","","",0,0
142625100100000,"CITY PROPERTY",EXEMPT,"VAN VECHTEN PARK","VACANT LAND SE","CEDAR RAPIDS CITY OF",76.0,"","","","","","","",0,0
142632600200000,"CITY PROPERTY",EXEMPT,"VAN VECHTEN PARK","VACANT LAND SE","CEDAR RAPIDS CITY OF",21.0,"","","","","","","",0,0
142637700300000,"CITY PROPERTY",EXEMPT,"VACANT LAND","VACANT LAND SE","CEDAR RAPIDS CITY OF",9.65,"","","","","","","",0,0
142637700400000,"CITY PROPERTY",EXEMPT,"VACANT LAND","VACANT LAND SE","CEDAR RAPIDS CITY OF",0.46,"","","","","","","",0,0
142715500800000,"CITY PROPERTY",EXEMPT,"VACANT LAND","VACANT LAND SE","CEDAR RAPIDS CITY OF",0.64,"","","","","","","",0,0
142715501200000,"CITY PROPERTY",EXEMPT,"VACANT LAND","VACANT LAND SE","CEDAR RAPIDS CITY OF",0.138,"","","","","","","",0,0
142715600700000,"CITY PROPERTY",EXEMPT,"VACANT LAND","15TH AVE SE","CEDAR RAPIDS CITY OF",1.08,"","","","","","","",0,0
142715700100000,"CITY PROPERTY",EXEMPT,"VACANT LAND","VACANT LAND SE","CEDAR RAPIDS CITY OF",8.793,"","","","","","","",0,0
142717600100000,"CITY PROPERTY",EXEMPT,"VACANT LAND","VACANT LAND SE","CEDAR RAPIDS CITY OF",47.77,"","","","","","","",0,0
142720100100000,"CITY PROPERTY",EXEMPT,"OAK HILL CEMETARY","VACANT LAND SE","CEDAR RAPIDS CITY OF",3.0,"","","","","","","",0,0
142720200400000,"CITY PROPERTY",EXEMPT,"OAK HILL CEMETARY","VACANT LAND SE","CEDAR RAPIDS CITY OF",0.128,"","","","","","","",0,0
142720202200000,"CITY PROPERTY",EXEMPT,"VACANT LAND","VACANT LAND SE","CEDAR RAPIDS CITY OF",0.129,"","","","","","","",0,0
142720302100000,"CITY PROPERTY",EXEMPT,"STREET SEGMENT","VACANT LAND SE","CEDAR RAPIDS CITY OF",0.052,"","","","","","","",0,0
142720302200000,"CITY PROPERTY",EXEMPT,"STREET SEGMENT","VACANT LAND SE","CEDAR RAPIDS CITY OF",0.067,"","","","","","","",0,0
142720302300000,"CITY PROPERTY",EXEMPT,"STREET SEGMENT","VACANT LAND SE","CEDAR RAPIDS CITY OF",0.026,"","","","","","","",0,0
142720402700000,"CITY PROPERTY",EXEMPT,"VACANT LAND","VACANT LAND SE","CEDAR RAPIDS CITY OF",0.048,"","","","","","","",0,0
142720602600000,"CITY PROPERTY",EXEMPT,"VACANT LAND","10TH ST SE","CEDAR RAPIDS CITY OF",0.08,"","","","","","","",0,0
142720700900000,"CITY PROPERTY",EXEMPT,"VACANT LAND","VACANT LAND SE","CEDAR RAPIDS CITY OF",0.129,"","","","","","","",0,0
142720702500000,"CITY PROPERTY",EXEMPT,"VACANT LAND","VACANT LAND SE","CEDAR RAPIDS CITY OF",0.129,"","","","","","","",0,0
142725600300000,"CITY PROPERTY",EXEMPT,"VACANT LAND","5TH ST SE","CEDAR RAPIDS CITY OF",0.0964,"","","","","","","",0,0
142725700200000,"CITY PROPERTY",EXEMPT,"VACANT LAND","VACANT LAND SE","CEDAR RAPIDS CITY OF",0.041,"","","","","","","",0,0
142725700300000,"CITY PROPERTY",EXEMPT,"VACANT LAND","VACANT LAND SE","CEDAR RAPIDS CITY OF",0.8494,"","","","","","","",0,0
142726000800000,"CITY PROPERTY",EXEMPT,"SINCLAIR PARK","VACANT LAND SE","CEDAR RAPIDS CITY OF",1.97,"","","","","","","",0,0
142726100300000,"CITY PROPERTY",EXEMPT,"VACANT LAND","5TH ST SE","CEDAR RAPIDS CITY OF",0.197,"","","","","","","",0,0
142727700400000,"CITY PROPERTY",EXEMPT,"HIDDER PARK","10TH ST SE","CEDAR RAPIDS CITY OF",0.771,"","","","","","","",0,0
142727700500000,"CITY PROPERTY",EXEMPT,"FLAT PARKING","VACANT LAND SE","CEDAR RAPIDS CITY OF",0.841,"","","","","","","",0,0
142727700700000,"CITY PROPERTY",EXEMPT,"FLAT PARKING","VACANT LAND SE","CEDAR RAPIDS CITY OF",0.125,"","","","","","","",0,0
142727700800000,"CITY PROPERTY",EXEMPT,"WHITTAM PARK","VACANT LAND SE","CEDAR RAPIDS CITY OF",4.7,"","","","","","","",0,0
142727800100000,"CITY PROPERTY",EXEMPT,"BENDER POOL","14TH AVE SE","CEDAR RAPIDS CITY OF",1.736,"","","","","","","",0,0
142732800100000,"CITY PROPERTY",EXEMPT,"OLD FARMSTEAD SITE/ 3 BLDGS REMAIN","3RD ST SE","CEDAR RAPIDS CITY OF",30.17,"","","","",Warehouse,1920,10640,1279501,0
142733001900000,"CITY PROPERTY",EXEMPT,"VACANT LAND","VACANT LAND SE","CEDAR RAPIDS CITY OF",0.066,"","","","","","","",0,0
142733100100000,"CITY PROPERTY",EXEMPT,"VACANT LAND","VACANT LAND SE","CEDAR RAPIDS CITY OF",0.121,"","","","","","","",0,0
142733100800000,"CITY PROPERTY",EXEMPT,"VACANT LAND","VACANT LAND SE","CEDAR RAPIDS CITY OF",0.129,"","","","","","","",0,0
142733101900000,"CITY PROPERTY",EXEMPT,"VACANT LAND","VACANT LAND SE","CEDAR RAPIDS CITY OF",0.545,"","","","","","","",0,0
142733102000000,"CITY PROPERTY",EXEMPT,"VACANT LAND","VACANT LAND SE","CEDAR RAPIDS CITY OF",5.302,"","","","","","","",0,0
142735100100000,"CITY PROPERTY",EXEMPT,"VACANT LAND ALONG RIVER","VACANT LAND SW","CEDAR RAPIDS CITY OF",5.3,"","","","","","","",0,0
142737600100000,"CITY PROPERTY",EXEMPT,"CEDAR RAPIDS SOLID WASTE","A ST SW","CEDAR RAPIDS CITY OF",0.35,"","","","","","","",0,0
142810500400000,"CITY PROPERTY",EXEMPT,"FLAT PARKING","VACANT LAND SE","CEDAR RAPIDS CITY OF",0.028,"","","","","","","",0,0
142810501100000,"CITY PROPERTY",EXEMPT,"FLAT PARKING","VACANT LAND SE","CEDAR RAPIDS CITY OF","","","","","","","","",0,0
142812700600000,"CITY PROPERTY",EXEMPT,"PARKING GARAGE","VACANT LAND SE","CEDAR RAPIDS CITY OF",1.698,"","","","","","","",0,0
142812900100000,"CITY PROPERTY",EXEMPT,"PARKING GARAGE","4TH AVE SE","CEDAR RAPIDS CITY OF",1.8,"","","","","","","",0,0
142813100102000,THEATER,EXEMPT,"PARAMOUNT THEATRE","2ND ST SE","CEDAR RAPIDS CITY OF","","","","","","","","",0,0
142813300400000,"CITY PROPERTY",EXEMPT,"PARKING RAMP","4TH AVE SE","CEDAR RAPIDS CITY OF",1.652,"","","","","","","",0,0
142813300500000,"CITY PROPERTY",EXEMPT,"CEDAR VALLEY MONTESSORI","4TH AVE SE","CEDAR RAPIDS CITY OF",3.805,"","","","","","","",0,0
142815300100000,"CITY PROPERTY",EXEMPT,SIDEWALK,"VACANT LAND SE","CEDAR RAPIDS CITY OF",0.11,"","","","","","","",0,0
142815300300000,"CITY PROPERTY",EXEMPT,"SITTING AREA","VACANT LAND SE","CEDAR RAPIDS CITY OF",0.18,"","","","","","","",0,0
142815600100000,"CITY PROPERTY",EXEMPT,"FLAT PARKING","8TH AVE SE","CEDAR RAPIDS CITY OF",0.957,"","","","","","","",0,0
142815600300000,"CITY PROPERTY",EXEMPT,"FLAT PARKING","VACANT LAND SE","CEDAR RAPIDS CITY OF",1.1019,"","","","","","","",0,0
142815700100000,"CITY PROPERTY",EXEMPT,"FLAT PARKING","VACANT LAND SE","CEDAR RAPIDS CITY OF",0.8329,"","","","","","","",0,0
142820400100000,"CITY PROPERTY",EXEMPT,"MAYS ISLAND","VACANT LAND SE","CEDAR RAPIDS CITY OF",2.4,"","","","","","","",0,0
142820900100000,"CITY PROPERTY",EXEMPT,MEMORIAL,"VACANT LAND SW","CEDAR RAPIDS CITY OF",0.93,"","","","","","","",0,0
142822600100000,"CITY PROPERTY",EXEMPT,"VACANT LAND OFF RIVER","VACANT LAND NW","CEDAR RAPIDS CITY OF",0.38,"","","","","","","",0,0
142822700100000,"CITY PROPERTY",EXEMPT,"FIRE TRAINING FACILITY","VACANT LAND NW","CEDAR RAPIDS CITY OF",0.6683,"","","","","","","",0,0
142823000100000,"CITY PROPERTY",EXEMPT,"VACANT LAND ALONG RIVER","VACANT LAND SW","CEDAR RAPIDS CITY OF",1.791,"","","","","","","",0,0
142823400300000,"CITY PROPERTY",EXEMPT,"PARKING LOT","VACANT LAND SW","CEDAR RAPIDS CITY OF",0.305,"","","","","","","",0,0
142827900200000,"CITY PROPERTY",EXEMPT,"VACANT LAND","H ST SW","CEDAR RAPIDS CITY OF",0.3347,"","","","","","","",0,0
142828200100000,"CITY PROPERTY",EXEMPT,"MEMORIAL PARKING","VACANT LAND SW","CEDAR RAPIDS CITY OF",0.861,"","","","","","","",0,0
142830100200000,"CITY PROPERTY",EXEMPT,"VACANT LOT","1ST ST SW","CEDAR RAPIDS CITY OF",0.0937,"","","","","","","",0,0
142840300100000,"CITY PROPERTY",EXEMPT,"FLAT PARKING","2ND ST SE","CEDAR RAPIDS CITY OF",9.66,"","","","","","","",0,0
142840600100000,"CITY PROPERTY",EXEMPT,"VACANT LAND","VACANT LAND SE","CEDAR RAPIDS CITY OF",0.168,"","","","","","","",0,0
142840600200000,"CITY PROPERTY",EXEMPT,"AFRICAN AMERICAN HISTORICAL MUSEUM","VACANT LAND SE","CEDAR RAPIDS CITY OF",0.8867,"","","","","","","",1084347,0
142840600300000,"CITY PROPERTY",EXEMPT,"AFRICAN AMERICAN HISTORICAL MUSEUM","1ST ST SE","CEDAR RAPIDS CITY OF",0.3022,"","","","","","","",0,0
142840600400000,"CITY PROPERTY",EXEMPT,"VACANT LOT","1ST ST SE","CEDAR RAPIDS CITY OF",0.2324,"","","","","","","",0,0
142840600500000,"CITY PROPERTY",EXEMPT,"VACANT LOT","1ST ST SE","CEDAR RAPIDS CITY OF",0.2961,"","","","",Warehouse,1967,2572,0,0
142840600600000,"CITY PROPERTY",EXEMPT,"VACANT LAND","1ST ST SE","CEDAR RAPIDS CITY OF",0.159,"","","","","","","",0,0
142840600700000,"CITY PROPERTY",EXEMPT,"MASARYK PARK","1ST ST SE","CEDAR RAPIDS CITY OF",1.2253,"","","","","","","",0,0
142840700100000,"CITY PROPERTY",EXEMPT,"VACANT LAND","VACANT LAND SE","CEDAR RAPIDS CITY OF",0.593,"","","","","","","",0,0
142840700300000,"CITY PROPERTY",EXEMPT,"VACANT LAND","VACANT LAND SE","CEDAR RAPIDS CITY OF",0.043,"","","","","","","",0,0
142845900100000,"CITY PROPERTY",EXEMPT,"VACANT LAND","C ST SW","CEDAR RAPIDS CITY OF",0.216,"","","","","","","",0,0
142845900200000,"CITY PROPERTY",EXEMPT,"PORTION OF STREET","VACANT LAND SW","CEDAR RAPIDS CITY OF",0.781,"","","","","","","",0,0
142845900300000,"CITY PROPERTY",EXEMPT,"VACANT LAND","C ST SW","CEDAR RAPIDS CITY OF",0.23,"","","","","","","",0,0
142845901100000,"CITY PROPERTY",EXEMPT,"VACANT LAND","VACANT LAND SW","CEDAR RAPIDS CITY OF",0.6709,"","","","","","","",0,0
142845901200000,"CITY PROPERTY",EXEMPT,"VACANT LAND","VACANT LAND SW","CEDAR RAPIDS CITY OF",0.2681,"","","","","","","",0,0
142845901300000,"CITY PROPERTY",EXEMPT,"VACANT LAND","16TH AVE SW","CEDAR RAPIDS CITY OF",0.1882,"","","","","","","",0,0
142847801000000,"CITY PROPERTY",EXEMPT,PAVING,"VACANT LAND SW","CEDAR RAPIDS CITY OF",0.1194,"","","","","","","",0,0
142847901800000,"CITY PROPERTY",EXEMPT,"FLAT PARKING","VACANT LAND SW","CEDAR RAPIDS CITY OF",0.1148,"","","","","","","",0,0
142847901900000,"CITY PROPERTY",EXEMPT,"FLAT PARKING","VACANT LAND SW","CEDAR RAPIDS CITY OF",0.1721,"","","","","","","",0,0
142847902000000,"CITY PROPERTY",EXEMPT,"FLAT PARKING","VACANT LAND SW","CEDAR RAPIDS CITY OF",0.0574,"","","","","","","",0,0
142847902100000,"CITY PROPERTY",EXEMPT,"FLAT PARKING","VACANT LAND SW","CEDAR RAPIDS CITY OF",0.1148,"","","","","","","",0,0
142847902200000,"CITY PROPERTY",EXEMPT,"FLAT PARKING","VACANT LAND SW","CEDAR RAPIDS CITY OF",0.0688,"","","","","","","",0,0
142847902300000,"CITY PROPERTY",EXEMPT,"FLAT PARKING","VACANT LAND SW","CEDAR RAPIDS CITY OF",0.0688,"","","","","","","",0,0
142847902400000,"CITY PROPERTY",EXEMPT,"VACANT LAND","VACANT LAND SW","CEDAR RAPIDS CITY OF",0.0918,"","","","","","","",0,0
142848000100000,"CITY PROPERTY",EXEMPT,"KOSEK BANDSTAND","VACANT LAND SW","CEDAR RAPIDS CITY OF",0.0781,"","","","","","","",0,0
142848000200000,"CITY PROPERTY",EXEMPT,"FLAT PARKING","VACANT LAND SW","CEDAR RAPIDS CITY OF",0.1148,"","","","","","","",0,0
142848000300000,"CITY PROPERTY",EXEMPT,"FLAT PARKING","VACANT LAND SW","CEDAR RAPIDS CITY OF",0.1148,"","","","","","","",0,0
142848000400000,"CITY PROPERTY",EXEMPT,"FLAT PARKING","VACANT LAND SW","CEDAR RAPIDS CITY OF",0.1147,"","","","","","","",0,0
142848000600000,"CITY PROPERTY",EXEMPT,"FLAT PARKING","VACANT LAND SW","CEDAR RAPIDS CITY OF",0.0229,"","","","","","","",0,0
142848000900000,"CITY PROPERTY",EXEMPT,"FLAT PARKING","VACANT LAND SW","CEDAR RAPIDS CITY OF",0.184,"","","","","","","",0,0
142848300100000,"CITY PROPERTY",EXEMPT,"PORTION OF DRIVEWAY","VACANT LAND SW","CEDAR RAPIDS CITY OF",0.1022,"","","","","","","",0,0
142910600100000,"CITY PROPERTY",EXEMPT,"FIRE TRUCK GARAGE","3RD ST NW","CEDAR RAPIDS CITY OF",2.2361,"","","","","","","",0,0
142910800500000,"CITY PROPERTY",EXEMPT,"VACANT LOT","VACANT LAND NW","CEDAR RAPIDS CITY OF",0.4,"","","","","","","",0,0
142910900100000,"CITY PROPERTY",EXEMPT,"VACANT LOT","VACANT LAND NW","CEDAR RAPIDS CITY OF",0.038,"","","","","","","",0,0
142910900200000,"CITY PROPERTY",EXEMPT,"VACANT LOT","C AVE NW","CEDAR RAPIDS CITY OF",0.1286,"","","","","","","",0,0
142910900300000,"CITY PROPERTY",EXEMPT,"VACANT LOT","VACANT LAND NW","CEDAR RAPIDS CITY OF",0.165,"","","","","","","",0,0
142911001500000,"CITY PROPERTY",EXEMPT,"PORTION OF ALLEY","VACANT LAND NW","CEDAR RAPIDS CITY OF",0.0098,"","","","","","","",0,0
142913000800000,"CITY PROPERTY",EXEMPT,"FIVE SEASONS TRANSPORTATION & PARKING MAINTENANCE FACILITY","C AVE NW","CEDAR RAPIDS CITY OF",0.195,"","","","","","","",0,0
142913101600000,"CITY PROPERTY",EXEMPT,PAVING,"VACANT LAND NW","CEDAR RAPIDS CITY OF",0.129,"","","","","","","",0,0
142913101700000,"CITY PROPERTY",EXEMPT,"PAVING ONLY","VACANT LAND NW","CEDAR RAPIDS CITY OF",0.129,"","","","","","","",0,0
142915500100000,"CITY PROPERTY",EXEMPT,"VACANT LAND","VACANT LAND NW","CEDAR RAPIDS CITY OF",0.235,"","","","","","","",0,0
142918900800000,"CITY PROPERTY",EXEMPT,"PORTION OF STREET","3RD AVE SW","CEDAR RAPIDS CITY OF",0.0575,"","","","","","","",0,0
142920300400000,"CITY PROPERTY",EXEMPT,"VACANT LAND","C AVE NW","CEDAR RAPIDS CITY OF",0.1321,"","","","","","","",0,0
142920300500000,"CITY PROPERTY",EXEMPT,"VACANT LAND","VACANT LAND NW","CEDAR RAPIDS CITY OF",0.132,"","","","","","","",0,0
142920300600000,"CITY PROPERTY",EXEMPT,"VACANT LAND","C AVE NW","CEDAR RAPIDS CITY OF",0.132,"","","","","","","",0,0
142922602200000,"CITY PROPERTY",EXEMPT,"VACANT LAND","VACANT LAND NW","CEDAR RAPIDS CITY OF",0.221,"","","","","","","",0,0
142925600100000,"CITY PROPERTY",EXEMPT,"VACANT LAND","VACANT LAND NW","CEDAR RAPIDS CITY OF",0.0839,"","","","","","","",0,0
142928500300000,"CITY PROPERTY",EXEMPT,"STREET SEGMENT","VACANT LAND NW","CEDAR RAPIDS CITY OF",0.1269,"","","","","","","",0,0
142930600100000,"CITY PROPERTY",EXEMPT,"VETERANS MEMORIAL STADIUM","ROCKFORD RD SW","CEDAR RAPIDS CITY OF",20.0032,"","","","","","","",0,0
142932600100000,"CITY PROPERTY",EXEMPT,"CLEVELAND PARK","VACANT LAND SW","CEDAR RAPIDS CITY OF",8.6736,"","","","","","","",0,0
142937600100000,"CITY PROPERTY",EXEMPT,"ICE ARENA","ROCKFORD RD SW","CEDAR RAPIDS CITY OF",6.7615,"","","","","","","",0,0
142937600300000,"CITY PROPERTY",EXEMPT,"STREET SEGMENT","VACANT LAND SW","CEDAR RAPIDS CITY OF",1.1231,"","","","","","","",0,0
142940100200000,"CITY PROPERTY",EXEMPT,"REED PARK","VACANT LAND SW","CEDAR RAPIDS CITY OF",1.6013,"","","","","","","",0,0
142945200100000,"CITY PROPERTY",EXEMPT,"10TH SQUARE PARK","10TH AVE SW","CEDAR RAPIDS CITY OF",0.4154,"","","","","","","",0,0
142948301200000,"CITY PROPERTY",EXEMPT,ALLEY,"VACANT LAND SW","CEDAR RAPIDS CITY OF",0.069,"","","","","","","",0,0
143013000300000,"CITY PROPERTY",EXEMPT,"WATER DRAINAGE","VACANT LAND SW","CEDAR RAPIDS CITY OF",0.3902,"","","","","","","",0,0
143020300100000,"CITY PROPERTY",EXEMPT,"VINTON DITCH","VACANT LAND NW","CEDAR RAPIDS CITY OF",5.7,"","","","","","","",0,0
143020400200000,"CITY PROPERTY",EXEMPT,"APACHE PARK","VACANT LAND NW","CEDAR RAPIDS CITY OF",2.43,"","","","","","","",0,0
143020400300000,"CITY PROPERTY",EXEMPT,"APACHE PARK","VACANT LAND NW","CEDAR RAPIDS CITY OF",2.0,"","","","","","","",0,0
143030101000000,"CITY PROPERTY",EXEMPT,"STREET SEGEMENT","VACANT LAND NW","CEDAR RAPIDS CITY OF",0.1384,"","","","","","","",0,0
143037700100000,"CITY PROPERTY",EXEMPT,SIDEWALK,"VACANT LAND SW","CEDAR RAPIDS CITY OF",0.1,"","","","","","","",0,0
143040600100000,"CITY PROPERTY",EXEMPT,"VACANT LAND","VACANT LAND SW","CEDAR RAPIDS CITY OF",0.1233,"","","","","","","",0,0
143045202500000,"CITY PROPERTY",EXEMPT,"ACCESS ROAD","VACANT LAND SW","CEDAR RAPIDS CITY OF",0.2161,"","","","","","","",0,0
143045202600000,"CITY PROPERTY",EXEMPT,"WATER TANK","VACANT LAND SW","CEDAR RAPIDS CITY OF",2.2789,"","","","","","","",0,0
143115202900000,"CITY PROPERTY",EXEMPT,"CORNER OF WILSON AVE SW AND 25TH ST SW","VACANT LAND SW","CEDAR RAPIDS CITY OF",1.65,"","","","","","","",0,0
143117604900000,"CITY PROPERTY",EXEMPT,"WATER RETENTION","VACANT LAND SW","CEDAR RAPIDS CITY OF",1.35,"","","","","","","",0,0
143117605000000,"CITY PROPERTY",EXEMPT,"WATER RETENTION","VACANT LAND SW","CEDAR RAPIDS CITY OF",1.08,"","","","","","","",0,0
143117605700000,"CITY PROPERTY",EXEMPT,"VACANT LAND","VACANT LAND SW","CEDAR RAPIDS CITY OF",0.45,"","","","","","","",0,0
143117605800000,"CITY PROPERTY",EXEMPT,"VACANT LAND","VACANT LAND SW","CEDAR RAPIDS CITY OF",1.33,"","","","","","","",0,0
143137600100000,"CITY PROPERTY",EXEMPT,"VACANT LAND","VACANT LAND SW","CEDAR RAPIDS CITY OF",0.142,"","","","","","","",0,0
143137701200000,"CITY PROPERTY",EXEMPT,"VACANT LAND","VACANT LAND SW","CEDAR RAPIDS CITY OF",0.2064,"","","","","","","",0,0
143137702000000,"CITY PROPERTY",EXEMPT,"VAN BUREN PARK","VACANT LAND SW","CEDAR RAPIDS CITY OF",1.8283,"","","","","","","",0,0
143137702100000,"CITY PROPERTY",EXEMPT,"VAN BUREN PARK","VACANT LAND SW","CEDAR RAPIDS CITY OF",1.2936,"","","","","","","",0,0
143218500200000,"CITY PROPERTY",EXEMPT,"LIFT STATION","VACANT LAND SW","CEDAR RAPIDS CITY OF",0.1194,"","","","","","","",0,0
143227601900000,"CITY PROPERTY",EXEMPT,"VACANT LAND","VACANT LAND SW","CEDAR RAPIDS CITY OF",0.13,"","","","","","","",0,0
143227800300000,"CITY PROPERTY",EXEMPT,"DRAINAGE DITCH","VACANT LAND SW","CEDAR RAPIDS CITY OF",0.2556,"","","","","","","",0,0
143227801200000,"CITY PROPERTY",EXEMPT,"DRAINAGE DITCH","VACANT LAND SW","CEDAR RAPIDS CITY OF",0.1283,"","","","","","","",0,0
143228000100000,"CITY PROPERTY",EXEMPT,"ALANDALE PARK","VACANT LAND SW","CEDAR RAPIDS CITY OF",1.8267,"","","","","","","",0,0
143228200100000,"CITY PROPERTY",EXEMPT,"DRAINAGE DITCH","VACANT LAND SW","CEDAR RAPIDS CITY OF",0.1252,"","","","","","","",0,0
143311000100000,"CITY PROPERTY",EXEMPT,"HAYES FIELD","VACANT LAND SW","CEDAR RAPIDS CITY OF",4.5066,"","","","","","","",0,0
143312700100000,"CITY PROPERTY",EXEMPT,"STREET SEGMENT","VACANT LAND SW","CEDAR RAPIDS CITY OF",0.1775,"","","","","","","",0,0
143312700200000,"CITY PROPERTY",EXEMPT,"VACANT LAND","VACANT LAND SW","CEDAR RAPIDS CITY OF",0.3419,"","","","","","","",0,0
143316500600000,"CITY PROPERTY",EXEMPT,"VACANT LAND","VACANT LAND SW","CEDAR RAPIDS CITY OF",0.086,"","","","","","","",0,0
143332800300000,"CITY PROPERTY",EXEMPT,"FIRE STATION #5","WILSON AVE SW","CEDAR RAPIDS CITY OF",0.1757,"","","","","","","",0,0
143340301100000,"CITY PROPERTY",EXEMPT,"WATER RETENTION","VACANT LAND SW","CEDAR RAPIDS CITY OF",1.6285,"","","","","","","",0,0
143432600100000,"CITY PROPERTY",EXEMPT,"JONES PARK","WILSON AVE DR SW","CEDAR RAPIDS CITY OF",40.0191,"","","","","","","",0,0
143437602200000,"CITY PROPERTY",EXEMPT,"FLAT PARKING","VACANT LAND SW","CEDAR RAPIDS CITY OF",0.7418,"","","","","","","",0,0
143437700200000,"CITY PROPERTY",EXEMPT,"JONES PARK","VACANT LAND SW","CEDAR RAPIDS CITY OF",19.0063,"","","","","","","",0,0
143440100100000,"CITY PROPERTY",EXEMPT,"CEDAR RIVER TRAIL","VACANT LAND SW","CEDAR RAPIDS CITY OF",7.0323,"","","","","","","",0,0
143445100300000,"CITY PROPERTY",EXEMPT,"JONES GOLF COURSE","VACANT LAND SW","CEDAR RAPIDS CITY OF",43.2773,"","","","","","","",0,0
143445101600000,"CITY PROPERTY",EXEMPT,"VACANT LAND","VACANT LAND SW","CEDAR RAPIDS CITY OF",0.22,"","","","","","","",0,0
143510100400000,"CITY PROPERTY",EXEMPT,"IRENE DUMPKE PARK","VACANT LAND SE","CEDAR RAPIDS CITY OF",8.8605,"","","","","","","",0,0
143520200200000,"CITY PROPERTY",EXEMPT,"IROQUOIS PARK","VACANT LAND SE","CEDAR RAPIDS CITY OF",8.3954,"","","","","","","",0,0
143527701100000,"CITY PROPERTY",EXEMPT,"CEDAR VALLEY PARK","VACANT LAND SE","CEDAR RAPIDS CITY OF",5.5567,"","","","","","","",0,0
143532700100000,"CITY PROPERTY",EXEMPT,"VACANT LAND / PAVING","VACANT LAND SE","CEDAR RAPIDS CITY OF",8.85,"","","","","","","",0,0
143532700200000,"CITY PROPERTY",EXEMPT,"VACANT (PAVING ONLY)","VACANT LAND SE","CEDAR RAPIDS CITY OF",8.04,"","","","","","","",0,0
143535100100000,"CITY PROPERTY",EXEMPT,"CEDAR RIVER TRAIL","VACANT LAND SE","CEDAR RAPIDS CITY OF",0.848,"","","","","","","",0,0
143537700100000,"CITY PROPERTY",EXEMPT,"CEDAR RIVER","VACANT LAND SE","CEDAR RAPIDS CITY OF",54.0,"","","","","","","",0,0
143545100100000,"CITY PROPERTY",EXEMPT,"VACANT LAND","VACANT LAND SE","CEDAR RAPIDS CITY OF",31.0225,"","","","","","","",0,0
143545200100000,"CITY PROPERTY",EXEMPT,"VACANT LAND AND LAKE","VACANT LAND SE","CEDAR RAPIDS CITY OF",12.69,"","","","","","","",0,0
143547700100000,"CITY PROPERTY",EXEMPT,"VACANT LAND","FIR AVE SE","CEDAR RAPIDS CITY OF",1.79,"","","","","","","",0,0
143640200100000,"CITY PROPERTY",EXEMPT,TRAIL,"VACANT LAND SE","CEDAR RAPIDS CITY OF",186.9415,"","","","","","","",0,0
143647700100000,"CITY PROPERTY",EXEMPT,"VACANT LAND ALONG RIVER","VACANT LAND SW","CEDAR RAPIDS CITY OF",17.6063,"","","","","","","",0,0
152935100200000,"CITY PROPERTY",EXEMPT,"VACANT LAND","VACANT LAND SE","CEDAR RAPIDS CITY OF",25.9666,"","","","","","","",0,0
153040300100000,"CITY PROPERTY",EXEMPT,"INDIAN CREEK NATURE CENTER","OTIS RD SE","CEDAR RAPIDS CITY OF",5.3012,"","","","","","","",0,0
153210200100000,"CITY PROPERTY",EXEMPT,WPC,"BERTRAM RD SE","CEDAR RAPIDS CITY OF",133.9316,"","","","","","","",0,0
153222600100000,"CITY PROPERTY",EXEMPT,"CHEYENNE PARK","CEDAR BEND LN SW","CEDAR RAPIDS CITY OF",31.1042,"","","","","","","",0,0
153325100100000,"CITY PROPERTY",EXEMPT,"VACANT LAND","VACANT LAND SE","CEDAR RAPIDS CITY OF",10.07,"","","","","","","",0,0
153330100100000,"CITY PROPERTY",EXEMPT,"VACANT LAND","VACANT LAND SE","CEDAR RAPIDS CITY OF",3.47,"","","","","","","",0,0
153332600100000,"CITY PROPERTY",EXEMPT,"VACANT LAND","VACANT LAND SE","CEDAR RAPIDS CITY OF",33.67,"","","","","","","",0,0
153335100100000,"CITY PROPERTY",EXEMPT,"VACANT LAND","VACANT LAND SE","CEDAR RAPIDS CITY OF",5.56,"","","","","","","",0,0
153337700100000,"CITY PROPERTY",EXEMPT,"VACANT LAND","VACANT LAND SE","CEDAR RAPIDS CITY OF",2.4,"","","","","","","",0,0
190210100100000,"CITY PROPERTY",EXEMPT,"VACANT LAND","VACANT LAND SW","CEDAR RAPIDS CITY OF",26.3182,"","","","","","","",0,0
190212600100000,"CITY PROPERTY",EXEMPT,"VACANT LAND","VACANT LAND SW","CEDAR RAPIDS CITY OF",19.147,"","","","","","","",0,0
190215100100000,"CITY PROPERTY",EXEMPT,"POLICE FIRING RANGE","OLD RIVER RD SW","CEDAR RAPIDS CITY OF",23.927,"","","","","","","",0,0
190217600100000,"CITY PROPERTY",EXEMPT,"VACANT LAND","VACANT LAND SW","CEDAR RAPIDS CITY OF",10.6874,"","","","","","","",0,0
190220100100000,"CITY PROPERTY",EXEMPT,"VACANT LAND SE","VACANT LAND SE","CEDAR RAPIDS CITY OF",27.0,"","","","","","","",0,0
190222600100000,"CITY PROPERTY",EXEMPT,"VACANT LAND","VACANT LAND SW","CEDAR RAPIDS CITY OF",6.2695,"","","","","","","",0,0
190227600200000,"CITY PROPERTY",EXEMPT,"VACANT LAND","VACANT LAND SW","CEDAR RAPIDS CITY OF",0.6607,"","","","","","","",0,0
190310100100000,"CITY PROPERTY",EXEMPT,"VACANT LAND","VACANT LAND SW","CEDAR RAPIDS CITY OF",0.216,"","","","","","","",0,0
190320100100000,"CITY PROPERTY",EXEMPT,"TAIT CUMMINGS SPORTS COMPLEX","VACANT LAND SW","CEDAR RAPIDS CITY OF",160.1244,"","","","","","","",0,0
190327600100000,"CITY PROPERTY",EXEMPT,"VACANT LAND","VACANT LAND SW","CEDAR RAPIDS CITY OF",35.1466,"","","","","","","",0,0
190327600400000,"CITY PROPERTY",EXEMPT,"VACANT LAND","VACANT LAND SW","CEDAR RAPIDS CITY OF",8.7334,"","","","","","","",0,0
190332600300000,"CITY PROPERTY",EXEMPT,"VACANT LAND","VACANT LAND SW","CEDAR RAPIDS CITY OF",2.358,"","","","","","","",0,0
190417900200000,"CITY PROPERTY",EXEMPT,"RALIROAD FACILITY","37TH AVE SW","CEDAR RAPIDS CITY OF",4.2425,"","","","","","","",0,0
190440100100000,"CITY PROPERTY",EXEMPT,"VACANT LAND","BOWLING ST SW","CEDAR RAPIDS CITY OF",7.832,"","","","","","","",0,0
190440100200000,"CITY PROPERTY",EXEMPT,"VACANT LAND","VACANT LAND SW","CEDAR RAPIDS CITY OF",3.3121,"","","","","","","",0,0
190440100300000,"CITY PROPERTY",EXEMPT,"VACANT LAND","VACANT LAND SW","CEDAR RAPIDS CITY OF",4.2247,"","","","","","","",0,0
190442600500000,"CITY PROPERTY",EXEMPT,"VACANT LAND","VACANT LAND SW","CEDAR RAPIDS CITY OF",1.5671,"","","","","","","",0,0
190445100300000,"CITY PROPERTY",EXEMPT,"VACANT LAND","VACANT LAND SW","CEDAR RAPIDS CITY OF",11.1455,"","","","","","","",0,0
190525200100000,"CITY PROPERTY",EXEMPT,"VACANT LAND","33RD AVE SW","CEDAR RAPIDS CITY OF",0.9738,"","","","","","","",0,0
190525200200000,"CITY PROPERTY",EXEMPT,"VACANT LAND","33RD AVE SW","CEDAR RAPIDS CITY OF",0.3786,"","","","","","","",0,0
190535100100000,"CITY PROPERTY",EXEMPT,"VACANT LAND","VACANT LAND SW","CEDAR RAPIDS CITY OF",8.4219,"","","","","","","",0,0
190537600200000,"CITY PROPERTY",EXEMPT,"VACANT LAND","VACANT LAND SW","CEDAR RAPIDS CITY OF",1.835,"","","","","","","",0,0
190612600400000,"CITY PROPERTY",EXEMPT,"VACANT LAND","VACANT LAND SW","CEDAR RAPIDS CITY OF",1.8,"","","","","","","",0,0
190620300100000,"CITY PROPERTY",EXEMPT,"VACANT LAND","VACANT LAND SW","CEDAR RAPIDS CITY OF",0.7863,"","","","","","","",0,0
190627601800000,"CITY PROPERTY",EXEMPT,"VACANT LAND","VACANT LAND SW","CEDAR RAPIDS CITY OF",0.46,"","","","","","","",0,0
190627602800000,"CITY PROPERTY",EXEMPT,"VACANT LAND","VACANT LAND SW","CEDAR RAPIDS CITY OF",0.47,"","","","","","","",0,0
190630200100000,"CITY PROPERTY",EXEMPT,"BEVERLY PARK","VACANT LAND SW","CEDAR RAPIDS CITY OF",42.3399,"","","","","","","",0,0
190640100200000,"CITY PROPERTY",EXEMPT,"VACANT LAND","VACANT LAND SW","CEDAR RAPIDS CITY OF",16.7905,"","","","","","","",0,0
190642600200000,"CITY PROPERTY",EXEMPT,"BEVERLY PARK","VACANT LAND SW","CEDAR RAPIDS CITY OF",30.8802,"","","","","","","",0,0
190645100100000,"CITY PROPERTY",EXEMPT,"FLAHERTY PARK","VACANT LAND SW","CEDAR RAPIDS CITY OF",12.2921,"","","","","","","",0,0
190647600100000,"CITY PROPERTY",EXEMPT,"FLAHERTY PARK","VACANT LAND SW","CEDAR RAPIDS CITY OF",19.2426,"","","","","","","",0,0
190720200100000,"CITY PROPERTY",EXEMPT,"VACANT LAND","VACANT LAND SW","CEDAR RAPIDS CITY OF",8.3609,"","","","","","","",0,0
190722600200000,"CITY PROPERTY",EXEMPT,"STREET SEGMENT","EDGEWOOD RD SW","CEDAR RAPIDS CITY OF",2.293,"","","","","","","",0,0
190722700100000,"CITY PROPERTY",EXEMPT,"BEVERLY GARDENS","VACANT LAND SW","CEDAR RAPIDS CITY OF",43.3004,"","","","","","","",0,0
190812700300000,"CITY PROPERTY",EXEMPT,"VACANT LAND","VACANT LAND SW","CEDAR RAPIDS CITY OF",14.6706,"","","","","","","",0,0
190830100500000,"CITY PROPERTY",EXEMPT,"VACANT LAND","DOWNS BLVD SW","CEDAR RAPIDS CITY OF",0.8244,"","","","","","","",0,0
190830101100000,"CITY PROPERTY",EXEMPT,"VACANT LAND","WILLOW CREEK DR SW","CEDAR RAPIDS CITY OF",1.8423,"","","","","","","",0,0
190920200100000,"CITY PROPERTY",EXEMPT,"VACANT LAND","VACANT LAND SW","CEDAR RAPIDS CITY OF",5.8836,"","","","","","","",0,0
190925100100000,"CITY PROPERTY",EXEMPT,"FIRE STATION #2","50TH AVE CT SW","CEDAR RAPIDS CITY OF",3.39,"","","","","","","",0,0
190930100200000,"CITY PROPERTY",EXEMPT,"VACANT LAND","VACANT LAND SW","CEDAR RAPIDS CITY OF",0.3437,"","","","","","","",0,0
191112700200000,"CITY PROPERTY",EXEMPT,"NAVAJO PARK","VACANT LAND SW","CEDAR RAPIDS CITY OF",9.9997,"","","","","","","",0,0
191120400400000,"CITY PROPERTY",EXEMPT,"VACANT LAND","VACANT LAND SW","CEDAR RAPIDS CITY OF",1.3753,"","","","","","","",0,0
191137700200000,"CITY PROPERTY",EXEMPT,"HOOVER NATURE TRAIL","VACANT LAND SW","CEDAR RAPIDS CITY OF",5.1604,"","","","","","","",0,0
191137701600000,"CITY PROPERTY",EXEMPT,"VACANT LAND","VACANT LAND SW","CEDAR RAPIDS CITY OF","","","","","","","","",0,0
191415700900000,"CITY PROPERTY",EXEMPT,"VACANT LAND","VACANT LAND SW","CEDAR RAPIDS CITY OF",1.6,"","","","","","","",0,0
191415801000000,"CITY PROPERTY",EXEMPT,"HOOVER NATURE TRAIL","VACANT LAND SW","CEDAR RAPIDS CITY OF",0.44,"","","","","","","",0,0
191417900400000,"CITY PROPERTY",EXEMPT,"HOOVER NATURE TRAIL","VACANT LAND SW","CEDAR RAPIDS CITY OF",0.13,"","","","","","","",0,0
191535100100000,"CITY PROPERTY",EXEMPT,"PUMP FOR KIRKWOOD TRUCK DRIVING AREA","VACANT LAND SW","CEDAR RAPIDS CITY OF",0.0345,"","","","","","","",0,0
191610203200000,"CITY PROPERTY",EXEMPT,STORAGE,"OKLAHOMA AVE SW","CEDAR RAPIDS CITY OF",0.3101,"","","","","","","",0,0
191610600500000,"CITY PROPERTY",EXEMPT,"WATER RETENTION","VACANT LAND SW","CEDAR RAPIDS CITY OF",0.1415,"","","","","","","",0,0
191612701100000,"CITY PROPERTY",EXEMPT,"UTILITY EASMENT","VACANT LAND SW","CEDAR RAPIDS CITY OF",0.3453,"","","","","","","",0,0
191612701200000,"CITY PROPERTY",EXEMPT,"UTILITY EASEMENT","VACANT LAND SW","CEDAR RAPIDS CITY OF",0.3459,"","","","","","","",0,0
191615200200000,"CITY PROPERTY",EXEMPT,"VACANT LAND","VACANT LAND SW","CEDAR RAPIDS CITY OF",2.12,"","","","","","","",0,0
191615500700000,"CITY PROPERTY",EXEMPT,"STORM WATER MANAGEMENT","VACANT LAND SW","CEDAR RAPIDS CITY OF",0.72,"","","","","","","",0,0
191620100100000,"CITY PROPERTY",EXEMPT,"LINCOLNWAY PARK","VACANT LAND SW","CEDAR RAPIDS CITY OF",8.8879,"","","","","","","",0,0
191620100200000,"CITY PROPERTY",EXEMPT,"LINCOLNWAY PARK","KLINGER ST SW","CEDAR RAPIDS CITY OF",5.98,"","","","","","","",0,0
191640100400000,"CITY PROPERTY",EXEMPT,"WATER TANK","VACANT LAND SW","CEDAR RAPIDS CITY OF",2.3188,"","","","","","","",0,0
191640100500000,"CITY PROPERTY",EXEMPT,"VACANT LAND","VACANT LAND SW","CEDAR RAPIDS CITY OF",2.4086,"","","","","","","",0,0
191647700300000,"CITY PROPERTY",EXEMPT,"VACANT LAND","VACANT LAND SW","CEDAR RAPIDS CITY OF",1.5261,"","","","","","","",0,0
191712600400000,"CITY PROPERTY",EXEMPT,"TANK AND BRICK PUMP BLDG","VACANT LAND SW","CEDAR RAPIDS CITY OF",1.7449,"","","","","","","",0,0
191917600100000,"CITY PROPERTY",EXEMPT,"VACANT LAND","VACANT LAND SW","CEDAR RAPIDS CITY OF",117.72,"","","","","","","",0,0
191920100100000,"CITY PROPERTY",EXEMPT,"AITPORT RIGHT OF WAY","VACANT LAND SW","CEDAR RAPIDS CITY OF",380.14,"","","","","","","",0,0
192022600100000,"CITY PROPERTY",EXEMPT,"VACANT LAND","VACANT LAND SW","CEDAR RAPIDS CITY OF",14.67,"","","","","","","",0,0
192032600100000,"CITY PROPERTY",EXEMPT,"KIRKWOOD SPORTS COMPLEX","VACANT LAND SW","CEDAR RAPIDS CITY OF",61.13,"","","","","","","",0,0
192037600200000,"CITY PROPERTY",EXEMPT,"NEW NATIONAL GUARD BLDG","WRIGHT BROTHERS BLVD SW","CEDAR RAPIDS CITY OF",21.95,"","","","","","","",0,0
192920100400000,"CITY PROPERTY",EXEMPT,"AIRPORT FACILITY","18TH ST SW","CEDAR RAPIDS CITY OF",155.7365,"","","","","","","",0,0
193010100100000,"CITY PROPERTY",EXEMPT,"EASTERN IOWA AIRPORT","ARTHUR COLLINS PKWY SW","CEDAR RAPIDS CITY OF",937.9435,"","","","","","","",0,0
193020100500000,"CITY PROPERTY",EXEMPT,"FLAT PARKING","VACANT LAND SW","CEDAR RAPIDS CITY OF",0.2193,"","","","","","","",0,0
193037600100000,"CITY PROPERTY",EXEMPT,"VACANT LAND","VACANT LAND SW","CEDAR RAPIDS CITY OF",39.0,"","","","","","","",0,0
193110100100000,"CITY PROPERTY",EXEMPT,"VACANT LAND","VACANT LAND SW","CEDAR RAPIDS CITY OF",157.0,"","","","","","","",0,0
193222600100000,"CITY PROPERTY",EXEMPT,"VACANT LAND","VACANT LAND SW","CEDAR RAPIDS CITY OF",35.5,"","","","","","","",0,0
200115601500000,"CITY PROPERTY",EXEMPT,"VACANT LAND","VACANT LAND SW","CEDAR RAPIDS CITY OF",0.34,"","","","","","","",0,0
200115700200000,"CITY PROPERTY",EXEMPT,"VACANT LAND","VACANT LAND SW","CEDAR RAPIDS CITY OF",0.59,"","","","","","","",0,0
200142900300000,"CITY PROPERTY",EXEMPT,"WATER RETENTION","VACANT LAND SW","CEDAR RAPIDS CITY OF",0.5626,"","","","","","","",0,0
202410100100000,"CITY PROPERTY",EXEMPT,"VACANT LAND","VACANT LAND SW","CEDAR RAPIDS CITY OF",597.63,"","","","","","","",0,0
202525100100000,"CITY PROPERTY",EXEMPT,"VACANT LAND","VACANT LAND SW","CEDAR RAPIDS CITY OF",115.3764,"","","","","","","",0,0
202610100100000,"CITY PROPERTY",EXEMPT,"VACANT LAND","VACANT LAND SW","CEDAR RAPIDS CITY OF",115.3766,"","","","","","","",0,0
202612600100000,"CITY PROPERTY",EXEMPT,"VACANT LAND","VACANT LAND SW","CEDAR RAPIDS CITY OF",272.19,"","","","","","","",0,0
